datetime,open,high,low,close,volume,amount
2013-03-15,0.967,0.985,0.955,0.97,325927296,316149477.12
2013-03-18,0.955,0.972,0.953,0.954,93696216,89917135.29
2013-03-19,0.956,0.96,0.941,0.96,108049984,103043668.07
2013-03-20,0.96,0.986,0.958,0.985,50119528,48933365.84
2013-03-21,0.985,0.996,0.981,0.995,69824368,69172673.9
2013-03-22,0.995,1.0,0.989,0.999,60943344,60699570.62
2013-03-25,0.999,1.0,0.989,0.996,30502712,30350198.44
2013-03-26,0.99,0.993,0.975,0.986,5369756,5287419.74
2013-03-27,0.985,0.998,0.97,0.989,26132980,25758407.29
2013-03-28,0.973,0.975,0.95,0.962,9233724,8885920.4
2013-03-29,0.963,0.969,0.959,0.963,75201296,72468982.25
2013-04-01,0.964,0.975,0.962,0.968,20658094,20003921.02
2013-04-02,0.963,0.978,0.955,0.957,3099051,2985419.13
2013-04-03,0.958,0.96,0.946,0.951,6798312,6474259.13
2013-04-08,0.92,0.953,0.92,0.953,62215104,58606627.97
2013-04-09,0.953,0.963,0.953,0.962,18061676,17327167.84
2013-04-10,0.955,0.965,0.953,0.959,6880585,6598481.02
2013-04-11,0.965,0.965,0.953,0.957,14865747,14246340.88
2013-04-12,0.952,0.957,0.947,0.949,27367720,26026701.72
2013-04-15,0.944,0.944,0.929,0.932,5391779,5041313.36
2013-04-16,0.914,0.944,0.914,0.943,8485444,7922576.21
2013-04-17,0.942,0.953,0.94,0.951,10954704,10385059.39
2013-04-18,0.931,0.959,0.931,0.954,4999165,4739208.42
2013-04-19,0.956,0.976,0.956,0.974,7293149,7064630.33
2013-04-22,0.97,0.98,0.969,0.98,3898607,3806339.97
2013-04-23,0.975,0.978,0.951,0.952,5978525,5741376.84
2013-04-24,0.953,0.971,0.951,0.971,3310903,3192814.13
2013-04-25,0.972,0.977,0.959,0.959,19456588,18775607.42
2013-04-26,0.96,0.961,0.94,0.943,13931683,13207235.48
2013-05-02,0.94,0.949,0.936,0.946,14967829,14124641.3
2013-05-03,0.954,0.968,0.954,0.966,9926007,9555436.07
2013-05-06,0.966,0.985,0.966,0.983,21874956,21393706.97
2013-05-07,0.981,0.989,0.979,0.985,18240440,17954673.11
2013-05-08,0.984,0.996,0.984,0.995,16910056,16769138.87
2013-05-09,0.995,0.997,0.985,0.995,8128074,8065758.77
2013-05-10,0.992,1.002,0.992,1.001,23199336,23160670.44
2013-05-13,0.997,1.006,0.997,1.004,23216820,23270992.58
2013-05-14,1.003,1.003,0.988,0.993,11126031,11066692.17
2013-05-15,0.994,1.008,0.994,1.008,28641584,28737055.95
2013-05-16,1.001,1.023,1.0,1.019,32078344,32527440.82
2013-05-17,1.011,1.037,1.011,1.033,27702276,28450237.45
2013-05-20,1.04,1.048,1.032,1.046,29820492,31072952.66
2013-05-21,1.046,1.06,1.043,1.058,28789496,30334532.29
2013-05-22,1.056,1.062,1.045,1.05,40593584,42717981.56
2013-05-23,1.049,1.06,1.04,1.042,13044247,13661674.69
2013-05-24,1.042,1.058,1.04,1.057,15965996,16790905.79
2013-05-27,1.058,1.07,1.058,1.067,7417646,7899792.99
2013-05-28,1.068,1.072,1.054,1.071,8198210,8736559.12
2013-05-29,1.071,1.08,1.071,1.077,7271660,7824306.16
2013-05-30,1.078,1.083,1.072,1.08,13871917,14958550.5
2013-05-31,1.08,1.088,1.075,1.076,5754001,6212403.08
2013-06-03,1.057,1.079,1.057,1.069,3830246,4091979.48
2013-06-04,1.064,1.066,1.038,1.047,8685226,9122382.38
2013-06-05,1.046,1.055,1.042,1.051,2711212,2844965.13
2013-06-06,1.049,1.049,1.032,1.032,4854803,5037667.25
2013-06-07,1.033,1.038,1.008,1.013,7353899,7498525.68
2013-06-13,1.008,1.008,0.966,0.984,4661156,4595899.82
2013-06-14,0.984,1.007,0.984,1.006,7150198,7143047.8
2013-06-17,1.01,1.014,1.0,1.006,9116205,9176979.7
2013-06-18,1.011,1.013,0.998,1.009,2327273,2342788.15
2013-06-19,1.009,1.009,0.99,1.005,18289232,18313617.64
2013-06-20,0.997,1.002,0.972,0.973,12398542,12179501.09
2013-06-21,0.97,0.972,0.938,0.966,20085652,19255445.05
2013-06-24,0.967,0.967,0.899,0.908,5193566,4802317.36
2013-06-25,0.907,0.928,0.838,0.904,26534920,23616078.8
2013-06-26,0.9,0.922,0.898,0.922,10700515,9780270.71
2013-06-27,0.925,0.938,0.904,0.906,7067673,6473988.47
2013-06-28,0.91,0.924,0.894,0.908,3268417,2969901.58
2013-07-01,0.907,0.981,0.902,0.925,13108131,12269210.62
2013-07-02,0.923,0.943,0.922,0.942,3889722,3639483.22
2013-07-03,0.927,0.944,0.9,0.942,3589798,3333725.74
2013-07-04,0.936,0.961,0.933,0.95,2295979,2176588.09
2013-07-05,0.955,0.962,0.946,0.946,3872241,3683791.94
2013-07-08,0.92,0.946,0.911,0.911,2111639,1948338.92
2013-07-09,0.908,0.916,0.904,0.914,1114764,1015921.59
2013-07-10,0.914,0.944,0.914,0.943,2617222,2443612.94
2013-07-11,0.947,0.979,0.945,0.971,4512439,4354503.64
2013-07-12,0.969,0.981,0.961,0.963,4373125,4234642.71
2013-07-15,0.969,0.981,0.964,0.98,3547530,3458841.75
2013-07-16,0.98,0.992,0.975,0.992,2687430,2650701.79
2013-07-17,0.988,0.997,0.975,0.979,1962800,1930740.93
2013-07-18,0.97,0.983,0.967,0.977,1765400,1722441.93
2013-07-19,0.977,0.985,0.955,0.955,2016420,1945845.3
2013-07-22,0.951,0.973,0.944,0.973,1280082,1233145.66
2013-07-23,0.975,0.997,0.974,0.996,3727807,3686801.12
2013-07-24,0.993,1.005,0.985,1.001,2796722,2788331.83
2013-07-25,1.009,1.009,0.982,0.984,1889500,1873754.17
2013-07-26,0.978,0.987,0.97,0.982,2717775,2662513.58
2013-07-29,0.973,0.98,0.962,0.962,854200,826865.6
2013-07-30,0.962,0.968,0.942,0.957,2863604,2736650.89
2013-07-31,0.958,0.974,0.958,0.963,3104999,2996324.03
2013-08-01,0.966,0.99,0.965,0.99,6723350,6600088.58
2013-08-02,0.993,1.001,0.991,0.992,2583752,2569971.99
2013-08-05,0.991,1.009,0.991,1.009,3880474,3892115.42
2013-08-06,0.96,1.023,0.96,1.019,3476140,3478457.43
2013-08-07,1.018,1.024,1.005,1.006,18607494,18824581.43
2013-08-08,1.001,1.017,1.001,1.008,17803078,17957371.34
2013-08-09,1.014,1.02,1.002,1.013,1784436,1805254.42
2013-08-12,1.013,1.032,1.013,1.031,6925172,7100609.69
2013-08-13,1.028,1.035,1.028,1.035,14612246,15089579.37
2013-08-14,1.032,1.04,1.026,1.03,10831607,11178218.42
2013-08-15,1.029,1.033,1.016,1.017,1804139,1843830.06
2013-08-16,1.011,1.033,0.995,0.995,8842440,8910232.04
2013-08-19,0.989,1.013,0.988,1.012,19628872,19713930.45
2013-08-20,1.009,1.018,1.004,1.006,1572300,1586974.8
2013-08-21,1.006,1.015,1.005,1.013,1120300,1132623.3
2013-08-22,1.015,1.022,1.012,1.018,3006213,3058320.69
2013-08-23,1.001,1.025,0.998,1.015,2848820,2884905.05
2013-08-26,1.017,1.038,1.015,1.037,4637036,4776147.08
2013-08-27,1.036,1.045,1.035,1.045,3881683,4043419.79
2013-08-28,1.039,1.048,1.021,1.039,3096742,3208224.71
2013-08-29,1.039,1.042,1.03,1.039,2661683,2760165.27
2013-08-30,1.036,1.045,1.023,1.028,6551069,6760703.21
2013-09-02,1.032,1.035,1.02,1.03,1361359,1399930.84
2013-09-03,1.026,1.052,1.026,1.05,9315720,9713190.72
2013-09-04,1.048,1.054,1.042,1.049,3125980,3277069.03
2013-09-05,1.042,1.058,1.041,1.055,6831757,7182453.86
2013-09-06,1.047,1.065,1.046,1.063,13080580,13839253.64
2013-09-09,1.068,1.075,1.051,1.071,4963523,5289461.01
2013-09-10,1.071,1.083,1.068,1.08,3341708,3599019.52
2013-09-11,1.082,1.086,1.04,1.076,1857530,1982603.69
2013-09-12,1.0,1.082,1.0,1.07,3597528,3779802.75
2013-09-13,1.07,1.088,1.064,1.073,1738982,1869405.65
2013-09-16,1.066,1.083,1.066,1.072,1714136,1840410.69
2013-09-17,1.072,1.074,1.065,1.069,1007376,1077220.74
2013-09-18,1.066,1.079,1.059,1.072,623018,666629.26
2013-09-23,1.07,1.097,1.07,1.093,3000177,3260192.34
2013-09-24,1.099,1.099,1.082,1.093,2124226,2318238.64
2013-09-25,1.086,1.102,1.086,1.095,5982993,6547388.67
2013-09-26,1.08,1.095,1.076,1.082,1200583,1301832.17
2013-09-27,1.071,1.081,1.07,1.076,689571,741748.54
2013-09-30,1.078,1.099,1.076,1.099,1658879,1810389.95
2013-10-08,1.089,1.104,1.053,1.103,3113713,3383568.13
2013-10-09,1.103,1.116,1.1,1.116,4198055,4662639.75
2013-10-10,1.123,1.123,1.093,1.111,12199221,13528936.09
2013-10-11,1.102,1.128,1.102,1.128,3767318,4216884.61
2013-10-14,1.134,1.14,1.129,1.139,5159025,5860652.4
2013-10-15,1.14,1.144,1.133,1.142,2469372,2814260.96
2013-10-16,1.133,1.135,1.105,1.11,13085431,14612064.62
2013-10-17,1.119,1.124,1.1,1.102,28749844,31873993.71
2013-10-18,1.115,1.115,1.102,1.113,3428569,3805711.59
2013-10-21,1.113,1.14,1.111,1.14,3508322,3965573.3
2013-10-22,1.129,1.145,1.126,1.129,3090476,3502539.47
2013-10-23,1.129,1.135,1.094,1.101,10834674,12026488.14
2013-10-24,1.095,1.102,1.089,1.097,12467547,13664431.51
2013-10-25,1.096,1.096,1.062,1.068,5335425,5737360.35
2013-10-28,1.07,1.073,1.059,1.066,3239195,3452981.87
2013-10-29,1.06,1.073,1.011,1.037,9613371,10001110.3
2013-10-30,1.036,1.055,1.033,1.054,3387373,3547708.66
2013-10-31,1.055,1.055,1.041,1.042,1922320,2010746.72
2013-11-01,1.051,1.051,1.027,1.038,1941125,2016181.83
2013-11-04,1.04,1.049,1.039,1.043,2281569,2381197.51
2013-11-05,1.038,1.058,1.033,1.057,2523700,2648202.53
2013-11-06,1.051,1.065,1.048,1.049,1291412,1361148.25
2013-11-07,1.046,1.046,1.031,1.033,1813353,1879842.61
2013-11-08,1.033,1.033,1.015,1.018,845300,863896.6
2013-11-11,1.02,1.025,1.01,1.022,62346800,63531389.2
2013-11-12,1.024,1.03,1.019,1.03,4277869,4390519.55
2013-11-13,1.03,1.03,1.011,1.013,4947700,5036758.6
2013-11-14,1.007,1.025,1.003,1.025,6833100,6953818.1
2013-11-15,1.025,1.055,1.025,1.047,8891633,9268045.46
2013-11-18,1.057,1.072,1.051,1.071,8999300,9581254.73
2013-11-19,1.07,1.079,1.067,1.076,13326466,14312624.48
2013-11-20,1.079,1.087,1.072,1.087,8751100,9468690.2
2013-11-21,1.087,1.087,1.075,1.083,7257467,7850160.14
2013-11-22,1.083,1.088,1.075,1.077,7364159,7953291.72
2013-11-25,1.077,1.085,1.07,1.073,15599300,16784846.8
2013-11-26,1.077,1.078,1.069,1.077,3892735,4183392.55
2013-11-27,1.074,1.089,1.074,1.088,6495166,7038594.89
2013-11-28,1.087,1.105,1.087,1.099,12106656,13281001.63
2013-11-29,1.106,1.106,1.097,1.104,4725335,5208894.28
2013-12-02,1.08,1.093,1.0,1.057,9749518,10236993.9
2013-12-03,1.025,1.081,1.025,1.08,7555721,8024175.7
2013-12-04,1.08,1.108,1.08,1.1,6969699,7638790.1
2013-12-05,1.097,1.107,1.063,1.1,1640910,1788591.9
2013-12-06,1.086,1.102,1.086,1.098,2776402,3041085.66
2013-12-09,1.102,1.16,1.098,1.105,3546231,3975324.95
2013-12-10,1.106,1.11,1.1,1.105,4110600,4542213.0
2013-12-11,1.105,1.105,1.087,1.094,2965799,3248538.5
2013-12-12,1.092,1.104,1.092,1.096,3411900,3743991.6
2013-12-13,1.065,1.1,1.062,1.098,5065300,5504292.67
2013-12-16,1.098,1.099,1.078,1.079,3339605,3624584.63
2013-12-17,1.079,1.079,1.069,1.072,6282100,6742787.33
2013-12-18,1.073,1.077,1.069,1.07,1648100,1766763.2
2013-12-19,1.077,1.079,1.06,1.062,1104500,1178501.5
2013-12-20,1.062,1.064,1.044,1.048,2153093,2265053.84
2013-12-23,1.042,1.051,1.031,1.046,3134382,3268115.63
2013-12-24,1.047,1.063,1.046,1.052,5261022,5543363.51
2013-12-25,1.055,1.066,1.049,1.065,5750400,6095424.0
2013-12-26,1.064,1.065,1.046,1.046,4337790,4564801.01
2013-12-27,1.048,1.066,1.045,1.063,3335100,3528535.8
2013-12-30,1.067,1.071,1.063,1.066,3600396,3840422.4
2013-12-31,1.066,1.072,1.058,1.071,186952800,199478637.6
2014-01-02,1.067,1.077,1.066,1.077,4541000,4874006.67
2014-01-03,1.073,1.074,1.062,1.07,57006000,60920412.0
2014-01-06,1.061,1.061,1.039,1.04,299384992,313356291.63
2014-01-07,1.04,1.047,1.033,1.044,4071400,4239684.53
2014-01-08,1.044,1.055,1.041,1.045,45864800,48020445.6
2014-01-09,1.045,1.054,1.035,1.035,25745360,26809501.55
2014-01-10,1.034,1.034,1.013,1.015,22083400,22539790.27
2014-01-13,1.015,1.022,1.004,1.01,28593400,28936520.8
2014-01-14,1.011,1.028,1.006,1.028,2644900,2699561.27
2014-01-15,1.028,1.036,1.026,1.034,6788200,7005422.4
2014-01-16,1.036,1.043,1.034,1.04,774298,804495.62
2014-01-17,1.038,1.038,1.026,1.026,646290,665678.7
2014-01-20,1.026,1.027,1.013,1.019,3124110,3185550.83
2014-01-21,1.019,1.033,1.015,1.031,1207900,1239708.03
2014-01-22,1.043,1.062,1.038,1.062,5041000,5313214.0
2014-01-23,1.062,1.076,1.061,1.07,117600760,125715212.44
2014-01-24,1.06,1.089,1.06,1.087,223022896,240567363.82
2014-01-27,1.083,1.097,1.076,1.086,32488820,35293688.13
2014-01-28,1.082,1.094,1.075,1.084,33911072,36770905.74
2014-01-29,1.085,1.094,1.084,1.092,1932619,2106554.71
2014-01-30,1.09,1.093,1.082,1.086,4473700,4862911.9
2014-02-07,1.08,1.107,1.077,1.107,4821692,5289396.12
2014-02-10,1.107,1.14,1.107,1.139,33021366,37270115.09
2014-02-11,1.132,1.148,1.128,1.142,54416184,61998172.3
2014-02-12,1.145,1.154,1.138,1.154,64751008,74377324.52
2014-02-13,1.149,1.158,1.136,1.137,8648160,9890612.32
2014-02-14,1.139,1.156,1.135,1.156,8801901,10113384.25
2014-02-17,1.158,1.178,1.158,1.178,8977508,10515654.37
2014-02-18,1.181,1.183,1.17,1.175,92974864,109338440.06
2014-02-19,1.176,1.183,1.168,1.176,18330568,21550637.78
2014-02-20,1.176,1.178,1.155,1.159,7624615,8875051.86
2014-02-21,1.161,1.161,1.141,1.152,33105044,38114940.66
2014-02-24,1.137,1.15,1.129,1.147,19101684,21814123.13
2014-02-25,1.145,1.157,1.099,1.107,23289048,26107022.81
2014-02-26,1.103,1.114,1.084,1.113,40660368,44875492.82
2014-02-27,1.113,1.132,1.097,1.098,18774700,20821142.3
2014-02-28,1.098,1.11,1.083,1.11,16993656,18710015.26
2014-03-03,1.111,1.134,1.108,1.133,11242690,12648026.25
2014-03-04,1.134,1.135,1.12,1.132,44305300,50020683.7
2014-03-05,1.133,1.138,1.125,1.126,55725256,62950964.19
2014-03-06,1.127,1.13,1.112,1.125,21870192,24545645.49
2014-03-07,1.128,1.132,1.116,1.121,7795618,8754479.01
2014-03-10,1.116,1.116,1.077,1.079,13224516,14423538.78
2014-03-11,1.089,1.089,1.07,1.08,38228224,41273739.18
2014-03-12,1.079,1.087,1.064,1.08,11323540,12195452.58
2014-03-13,1.08,1.092,1.078,1.092,9385025,10204650.52
2014-03-14,1.091,1.093,1.079,1.085,28539376,30984249.21
2014-03-17,1.094,1.109,1.085,1.109,14841035,16339979.54
2014-03-18,1.11,1.12,1.11,1.115,8168100,9107431.5
2014-03-19,1.109,1.113,1.1,1.111,8605800,9535226.4
2014-03-20,1.111,1.118,1.083,1.083,4945020,5413148.56
2014-03-21,1.082,1.116,1.069,1.103,19093140,20926081.44
2014-03-24,1.111,1.116,1.101,1.113,13774434,15289621.74
2014-03-25,1.113,1.12,1.107,1.113,9450700,10521779.33
2014-03-26,1.115,1.12,1.114,1.117,15384403,17184378.15
2014-03-27,1.117,1.117,1.099,1.102,15436525,17072796.65
2014-03-28,1.1,1.103,1.076,1.078,24066400,26128088.27
2014-03-31,1.08,1.095,1.066,1.072,8019100,8641916.77
2014-04-01,1.072,1.089,1.071,1.089,14785712,16012926.1
2014-04-02,1.093,1.095,1.086,1.09,13318300,14521386.43
2014-04-03,1.089,1.095,1.084,1.088,11226639,12225809.87
2014-04-04,1.085,1.1,1.085,1.099,19158760,20972455.95
2014-04-08,1.1,1.113,1.095,1.112,19477928,21555573.65
2014-04-09,1.114,1.122,1.114,1.122,21446320,24005580.85
2014-04-10,1.125,1.131,1.121,1.127,36999848,41674162.13
2014-04-11,1.124,1.125,1.117,1.122,12641681,14175538.29
2014-04-14,1.122,1.132,1.121,1.131,16940880,19109312.64
2014-04-15,1.131,1.131,1.121,1.123,11404000,12829500.0
2014-04-16,1.121,1.123,1.115,1.122,13779900,15433488.0
2014-04-17,1.123,1.126,1.12,1.121,6967400,7819745.27
2014-04-18,1.113,1.126,1.113,1.126,16956328,19019347.91
2014-04-21,1.123,1.127,1.106,1.107,17999532,20039478.96
2014-04-22,1.11,1.11,1.085,1.101,23145464,25429149.78
2014-04-23,1.099,1.104,1.093,1.096,18425000,20224508.33
2014-04-24,1.096,1.097,1.085,1.085,9621911,10478261.08
2014-04-25,1.085,1.085,1.061,1.061,26468100,28294398.9
2014-04-28,1.068,1.068,1.029,1.029,8823098,9193668.12
2014-04-29,1.031,1.043,1.029,1.043,25888010,26880383.72
2014-04-30,1.04,1.053,1.039,1.051,18394100,19270885.43
2014-05-05,1.05,1.06,1.046,1.06,6395555,6749442.38
2014-05-06,1.058,1.069,1.058,1.064,12611500,13414432.17
2014-05-07,1.061,1.061,1.046,1.047,9155000,9624956.67
2014-05-08,1.046,1.061,1.043,1.048,9053821,9512547.93
2014-05-09,1.047,1.048,1.03,1.038,16222700,16849977.73
2014-05-12,1.042,1.065,1.042,1.065,11886477,12567968.35
2014-05-13,1.067,1.067,1.023,1.063,14921900,15682916.9
2014-05-14,1.061,1.066,1.058,1.06,5695700,6045036.27
2014-05-15,1.061,1.061,1.041,1.043,2883700,3023078.83
2014-05-16,1.042,1.042,1.03,1.041,12478978,12949019.5
2014-05-19,1.039,1.039,1.029,1.033,9236922,9547898.37
2014-05-20,1.038,1.048,1.037,1.038,22937790,23878239.39
2014-05-21,1.038,1.047,1.025,1.047,16979800,17653332.07
2014-05-22,1.047,1.06,1.046,1.047,19496500,20490821.5
2014-05-23,1.048,1.06,1.047,1.06,13223778,13959901.64
2014-05-26,1.067,1.071,1.063,1.071,12393929,13240847.48
2014-05-27,1.07,1.073,1.065,1.067,12729971,13599852.35
2014-05-28,1.067,1.082,1.066,1.08,14089299,15160085.72
2014-05-29,1.078,1.084,1.067,1.068,13971488,14991406.62
2014-05-30,1.068,1.074,1.062,1.071,10517400,11243100.6
2014-06-03,1.074,1.076,1.068,1.068,14096600,15092759.73
2014-06-04,1.068,1.068,1.052,1.06,5596968,5932786.08
2014-06-05,1.06,1.072,1.059,1.072,7450099,7954222.37
2014-06-06,1.072,1.073,1.062,1.069,7921175,8459814.9
2014-06-09,1.067,1.072,1.06,1.061,6077013,6467967.5
2014-06-10,1.065,1.075,1.059,1.075,5783800,6186738.07
2014-06-11,1.075,1.08,1.072,1.08,23757032,25594242.47
2014-06-12,1.078,1.079,1.073,1.078,2811748,3027315.35
2014-06-13,1.077,1.091,1.076,1.09,9792700,10631607.97
2014-06-16,1.091,1.096,1.09,1.095,13298822,14544478.33
2014-06-17,1.095,1.095,1.085,1.086,8564300,9323667.93
2014-06-18,1.087,1.088,1.079,1.081,9620702,10416013.37
2014-06-19,1.081,1.082,1.048,1.051,19417400,20588916.47
2014-06-20,1.051,1.061,1.051,1.061,12023800,12717172.47
2014-06-23,1.062,1.074,1.055,1.069,10273614,10951672.52
2014-06-24,1.069,1.077,1.068,1.076,7944863,8530134.57
2014-06-25,1.073,1.073,1.066,1.07,4107200,4393334.93
2014-06-26,1.07,1.084,1.07,1.084,5908900,6377672.73
2014-06-27,1.086,1.096,1.081,1.09,8981599,9780961.31
2014-06-30,1.09,1.102,1.09,1.101,9406934,10325677.89
2014-07-01,1.101,1.109,1.099,1.109,11035457,12201536.96
2014-07-02,1.108,1.117,1.105,1.117,9063185,10087324.9
2014-07-03,1.117,1.13,1.114,1.128,22598890,25401152.36
2014-07-04,1.128,1.129,1.122,1.125,5946566,6691868.94
2014-07-07,1.125,1.131,1.12,1.127,10718433,12068955.56
2014-07-08,1.129,1.135,1.119,1.135,19923936,22507406.37
2014-07-09,1.131,1.137,1.117,1.118,11486578,12910913.67
2014-07-10,1.117,1.125,1.116,1.117,17402000,19478638.67
2014-07-11,1.116,1.134,1.116,1.132,18461366,20812113.27
2014-07-14,1.134,1.149,1.132,1.148,33980656,38839889.81
2014-07-15,1.148,1.152,1.141,1.15,23474500,26940901.17
2014-07-16,1.149,1.154,1.137,1.141,15916939,18208978.22
2014-07-17,1.141,1.141,1.125,1.133,13991140,15851961.62
2014-07-18,1.13,1.143,1.127,1.135,19535000,22172225.0
2014-07-21,1.135,1.138,1.128,1.132,10060601,11395307.4
2014-07-22,1.132,1.148,1.132,1.148,29947700,34220238.53
2014-07-23,1.148,1.152,1.136,1.14,6382672,7293266.54
2014-07-24,1.142,1.146,1.126,1.139,16383661,18628222.56
2014-07-25,1.138,1.15,1.138,1.149,29923470,34282322.13
2014-07-28,1.15,1.17,1.15,1.169,12509030,14548001.89
2014-07-29,1.169,1.185,1.169,1.18,53876724,63466780.87
2014-07-30,1.181,1.19,1.175,1.182,38290796,45272484.47
2014-07-31,1.184,1.197,1.182,1.196,23696860,28238758.17
2014-08-01,1.198,1.2,1.18,1.185,25014988,29726144.07
2014-08-04,1.185,1.201,1.184,1.201,38400576,45901488.51
2014-08-05,1.202,1.207,1.197,1.206,11498253,13836231.11
2014-08-06,1.209,1.218,1.2,1.215,9101230,11021589.53
2014-08-07,1.21,1.222,1.202,1.204,12445669,15050962.38
2014-08-08,1.201,1.213,1.201,1.21,36300248,43850699.58
2014-08-11,1.214,1.229,1.213,1.229,22926826,28054792.75
2014-08-12,1.231,1.236,1.227,1.236,19154896,23617986.77
2014-08-13,1.239,1.239,1.221,1.236,29295496,36092051.07
2014-08-14,1.236,1.244,1.225,1.228,12192400,15025100.93
2014-08-15,1.225,1.245,1.225,1.243,22997788,28463595.61
2014-08-18,1.249,1.265,1.247,1.261,48383740,60850617.01
2014-08-19,1.266,1.268,1.252,1.264,24676996,31125917.62
2014-08-20,1.256,1.272,1.256,1.264,27751622,35078050.21
2014-08-21,1.264,1.266,1.248,1.262,15233000,19173269.33
2014-08-22,1.262,1.272,1.257,1.27,10541820,13349458.06
2014-08-25,1.275,1.276,1.258,1.26,17240254,21803174.56
2014-08-26,1.26,1.263,1.233,1.24,27589276,34357845.05
2014-08-27,1.24,1.245,1.236,1.241,75062760,93127864.24
2014-08-28,1.239,1.244,1.226,1.23,32440632,40010112.8
2014-08-29,1.223,1.245,1.223,1.245,15611477,19321804.7
2014-09-01,1.252,1.266,1.247,1.266,13926991,17543366.33
2014-09-02,1.27,1.287,1.268,1.286,31796302,40709865.33
2014-09-03,1.297,1.3,1.283,1.296,35416680,45793767.24
2014-09-04,1.295,1.307,1.291,1.305,43078368,56044956.77
2014-09-05,1.31,1.314,1.299,1.311,41726692,54578513.14
2014-09-09,1.315,1.322,1.303,1.321,41082900,54037707.8
2014-09-10,1.315,1.324,1.309,1.323,20084740,26485077.15
2014-09-11,1.325,1.339,1.31,1.321,28798100,38109485.67
2014-09-12,1.318,1.34,1.316,1.337,36116500,48071061.5
2014-09-15,1.331,1.351,1.331,1.349,31804044,42734033.79
2014-09-16,1.35,1.353,1.303,1.305,43002212,56777253.91
2014-09-17,1.303,1.317,1.292,1.316,72816728,95268552.47
2014-09-18,1.311,1.325,1.307,1.325,33091788,43648068.37
2014-09-19,1.325,1.339,1.321,1.337,35586900,47413613.1
2014-09-22,1.335,1.335,1.314,1.318,45955436,60768404.87
2014-09-23,1.317,1.336,1.317,1.336,47477556,63129323.63
2014-09-24,1.333,1.355,1.329,1.354,57805392,77806057.63
2014-09-25,1.36,1.366,1.345,1.352,41795312,56604784.22
2014-09-26,1.35,1.359,1.34,1.357,37521360,50728878.72
2014-09-29,1.359,1.372,1.358,1.372,35949964,49155584.11
2014-09-30,1.372,1.383,1.371,1.381,33412900,46054113.83
2014-10-08,1.385,1.405,1.38,1.405,50463448,70480615.71
2014-10-09,1.406,1.409,1.386,1.406,45512824,63733124.54
2014-10-10,1.402,1.407,1.391,1.399,33820900,47315439.1
2014-10-13,1.385,1.4,1.377,1.4,100501312,139931326.74
2014-10-14,1.397,1.408,1.384,1.394,47633204,66464197.31
2014-10-15,1.393,1.401,1.382,1.4,49867300,69531638.63
2014-10-16,1.393,1.406,1.378,1.379,57389960,79638134.49
2014-10-17,1.377,1.38,1.339,1.365,52339908,71252061.42
2014-10-20,1.37,1.384,1.367,1.384,55431488,76403067.63
2014-10-21,1.384,1.388,1.37,1.371,69154528,95179682.04
2014-10-22,1.369,1.376,1.353,1.354,44243720,60215702.92
2014-10-23,1.352,1.357,1.329,1.337,44161240,59220222.84
2014-10-24,1.345,1.349,1.335,1.341,25857236,34691791.63
2014-10-27,1.335,1.351,1.33,1.351,33975464,45663023.62
2014-10-28,1.353,1.384,1.353,1.383,41790800,57392698.67
2014-10-29,1.389,1.405,1.382,1.404,52726236,73658551.69
2014-10-30,1.403,1.411,1.397,1.401,59643684,83680088.65
2014-10-31,1.402,1.408,1.387,1.402,47637660,66645086.34
2014-11-03,1.404,1.414,1.403,1.413,73975776,104305844.16
2014-11-04,1.411,1.415,1.399,1.405,48425900,68102957.37
2014-11-05,1.406,1.408,1.398,1.403,67935848,95313994.74
2014-11-06,1.403,1.413,1.393,1.413,73373688,103187863.22
2014-11-07,1.413,1.418,1.391,1.398,73561440,103157659.36
2014-11-10,1.409,1.413,1.39,1.413,64829600,91107197.87
2014-11-11,1.414,1.415,1.357,1.37,56022812,77348829.1
2014-11-12,1.365,1.394,1.363,1.393,82533904,114171900.53
2014-11-13,1.392,1.395,1.372,1.382,78439736,108482154.89
2014-11-14,1.378,1.381,1.364,1.378,81105072,111465403.95
2014-11-17,1.377,1.4,1.376,1.393,57066000,79302718.0
2014-11-18,1.391,1.397,1.389,1.392,59645500,83066299.67
2014-11-19,1.392,1.405,1.392,1.399,85922256,120176595.39
2014-11-20,1.394,1.401,1.393,1.397,37942100,53005113.7
2014-11-21,1.397,1.413,1.397,1.413,82460744,116077240.64
2014-11-24,1.421,1.441,1.421,1.436,96870704,138783428.6
2014-11-25,1.434,1.457,1.434,1.457,84978520,123162201.65
2014-11-26,1.462,1.467,1.451,1.462,120707000,176232220.0
2014-11-27,1.465,1.474,1.46,1.474,51231600,75276297.6
2014-11-28,1.47,1.478,1.457,1.469,51719000,75923492.0
2014-12-01,1.471,1.471,1.453,1.462,42100840,61551428.08
2014-12-02,1.455,1.482,1.455,1.481,107929760,158944559.89
2014-12-03,1.482,1.537,1.472,1.5,104203512,156617878.54
2014-12-04,1.51,1.539,1.499,1.53,76772256,116898555.14
2014-12-05,1.533,1.543,1.452,1.499,57977448,86850217.1
2014-12-08,1.469,1.527,1.469,1.519,50099104,75399151.52
2014-12-09,1.515,1.533,1.451,1.457,49893208,73858578.91
2014-12-10,1.438,1.522,1.438,1.514,54368176,81081073.14
2014-12-11,1.51,1.54,1.499,1.533,53240308,81138229.39
2014-12-12,1.522,1.546,1.522,1.542,109034384,167549503.41
2014-12-15,1.541,1.568,1.531,1.567,70946304,110345151.49
2014-12-16,1.569,1.572,1.554,1.57,57714216,90341986.11
2014-12-17,1.567,1.567,1.54,1.558,64403200,100146976.0
2014-12-18,1.552,1.569,1.54,1.562,42172272,65662227.5
2014-12-19,1.555,1.565,1.52,1.548,63586800,98199214.8
2014-12-22,1.535,1.547,1.48,1.489,62490852,94069562.54
2014-12-23,1.48,1.497,1.453,1.456,41832200,61437557.73
2014-12-24,1.449,1.475,1.449,1.475,60711500,89023296.17
2014-12-25,1.473,1.504,1.472,1.504,60426060,90236249.6
2014-12-26,1.503,1.52,1.493,1.519,27891600,42134910.4
2014-12-29,1.519,1.528,1.491,1.496,63861808,96112021.04
2014-12-30,1.495,1.503,1.469,1.47,103806200,153702380.13
2014-12-31,1.479,1.51,1.46,1.489,54824176,81487000.26
2015-01-05,1.505,1.521,1.486,1.513,29555368,44530087.79
2015-01-06,1.5,1.537,1.49,1.536,26168860,39802836.06
2015-01-07,1.549,1.549,1.522,1.537,14901640,22888919.04
2015-01-08,1.536,1.539,1.515,1.523,17814300,27178683.7
2015-01-09,1.511,1.539,1.511,1.515,38139188,58035131.07
2015-01-12,1.512,1.512,1.486,1.493,28818326,43141034.02
2015-01-13,1.486,1.52,1.47,1.514,49008400,73577944.53
2015-01-14,1.505,1.519,1.498,1.508,51959656,78372481.13
2015-01-15,1.506,1.535,1.484,1.533,42380288,64305023.66
2015-01-16,1.53,1.547,1.52,1.547,41692184,64122578.99
2015-01-19,1.5,1.534,1.464,1.48,42604400,63594167.73
2015-01-20,1.487,1.532,1.486,1.532,22958500,34820391.67
2015-01-21,1.539,1.572,1.536,1.57,39976856,62337244.12
2015-01-22,1.577,1.6,1.571,1.596,50656080,80492511.12
2015-01-23,1.598,1.61,1.572,1.581,28057124,44545360.54
2015-01-26,1.579,1.616,1.575,1.615,48246828,77291418.46
2015-01-27,1.617,1.623,1.589,1.619,51117408,82316066.02
2015-01-28,1.602,1.629,1.602,1.611,79216080,127854753.12
2015-01-29,1.602,1.612,1.591,1.601,38056300,60940821.73
2015-01-30,1.598,1.611,1.581,1.582,58505256,93101364.05
2015-02-02,1.575,1.588,1.556,1.575,33548100,52771161.3
2015-02-03,1.579,1.607,1.579,1.604,43950824,70174815.65
2015-02-04,1.604,1.611,1.594,1.596,33498144,53608196.45
2015-02-05,1.62,1.628,1.584,1.585,88878200,142116241.8
2015-02-06,1.585,1.588,1.546,1.554,75669744,118246586.62
2015-02-09,1.555,1.559,1.54,1.545,38563376,59696106.05
2015-02-10,1.536,1.565,1.536,1.564,28342320,44072307.6
2015-02-11,1.565,1.584,1.565,1.581,40803064,64332830.91
2015-02-12,1.585,1.596,1.582,1.594,23831700,37908290.8
2015-02-13,1.599,1.628,1.599,1.619,59483600,96085841.87
2015-02-16,1.619,1.652,1.619,1.651,38107336,62521435.93
2015-02-17,1.655,1.666,1.648,1.659,33012500,54723720.83
2015-02-25,1.661,1.67,1.65,1.655,56621612,93897506.57
2015-02-26,1.654,1.676,1.653,1.675,60547760,100993663.68
2015-02-27,1.68,1.692,1.673,1.692,45262160,76296914.37
2015-03-02,1.701,1.729,1.695,1.728,63598900,109220510.93
2015-03-03,1.712,1.742,1.71,1.716,113471960,195474363.09
2015-03-04,1.705,1.75,1.705,1.749,90884592,157654472.26
2015-03-05,1.743,1.749,1.723,1.745,72254976,125651403.26
2015-03-06,1.739,1.749,1.717,1.72,81420600,140749077.2
2015-03-09,1.704,1.749,1.701,1.749,67151848,116374152.58
2015-03-10,1.747,1.768,1.74,1.759,36751376,64523165.8
2015-03-11,1.763,1.763,1.748,1.758,42577720,74780668.89
2015-03-12,1.761,1.763,1.742,1.756,57170172,100257424.96
2015-03-13,1.758,1.778,1.756,1.778,54775728,96989555.71
2015-03-16,1.785,1.836,1.785,1.835,63250912,115032325.29
2015-03-17,1.837,1.87,1.83,1.86,89755696,166347223.25
2015-03-18,1.86,1.893,1.854,1.889,88329456,165941604.67
2015-03-19,1.888,1.908,1.875,1.908,57332752,108760230.54
2015-03-20,1.905,1.928,1.9,1.925,92760032,177882821.37
2015-03-23,1.935,2.002,1.933,1.999,58183828,115087611.78
2015-03-24,1.985,1.99,1.91,1.981,81161512,159103617.36
2015-03-25,1.972,2.014,1.965,1.999,62394156,124330754.86
2015-03-26,1.983,2.02,1.961,1.983,45668740,90789455.12
2015-03-27,1.979,2.022,1.979,2.015,62247492,124826970.62
2015-03-30,2.026,2.059,2.016,2.05,55181736,112662711.0
2015-03-31,2.055,2.065,2.026,2.042,40395592,82582055.25
2015-04-01,2.04,2.105,2.038,2.095,34596792,71938262.83
2015-04-02,2.11,2.138,2.099,2.132,30923040,65649613.92
2015-04-03,2.117,2.167,2.103,2.164,58393160,125233863.81
2015-04-07,2.19,2.299,2.171,2.219,65071624,145088030.98
2015-04-08,2.219,2.237,2.147,2.187,48024700,105190101.23
2015-04-09,2.182,2.186,2.091,2.176,159090256,342203140.66
2015-04-10,2.165,2.249,2.151,2.243,37690284,83458852.2
2015-04-15,8.1,8.1,7.79,7.818,26064504,205979086.94
2015-04-16,7.8,7.96,7.48,7.887,17580610,136700963.16
2015-04-17,7.897,8.0,7.887,7.941,31120584,247180425.18
2015-04-20,7.8,8.009,7.78,7.821,13748664,108201985.68
2015-04-21,7.82,8.11,7.801,8.1,84828192,678936572.7
2015-04-22,8.13,8.368,8.125,8.35,16358122,135461608.28
2015-04-23,8.361,8.452,8.282,8.403,14309041,119895454.54
2015-04-24,8.3,8.467,8.151,8.432,17412004,145390233.4
2015-04-27,8.43,8.597,8.418,8.524,9990009,85044946.62
2015-04-28,8.547,8.6,8.182,8.269,16930018,141371293.64
2015-04-29,8.202,8.469,8.2,8.449,12421478,104000894.8
2015-04-30,8.455,8.585,8.455,8.503,7692198,65493937.84
2015-05-04,8.501,8.581,8.427,8.561,7091154,60437905.54
2015-05-05,8.53,8.53,8.188,8.24,28832604,239868043.54
2015-05-06,8.255,8.422,8.0,8.099,30830792,252000616.88
2015-05-07,8.046,8.108,7.925,7.929,13299405,106226780.87
2015-05-08,7.94,8.721,7.94,8.28,21092992,175360104.49
2015-05-11,8.45,8.716,8.307,8.714,20985082,180031018.48
2015-05-12,8.719,8.897,8.623,8.816,19823050,174019948.27
2015-05-13,8.67,8.97,8.67,8.897,12892251,114040554.93
2015-05-14,8.87,8.924,8.77,8.862,8913055,78898362.86
2015-05-15,8.848,8.869,8.67,8.812,12973970,113959027.82
2015-05-18,8.79,8.996,8.746,8.979,10252076,91315240.93
2015-05-19,8.991,9.28,8.944,9.207,16837082,153952665.45
2015-05-20,9.265,9.548,9.24,9.363,20207072,189616427.96
2015-05-21,9.391,9.798,9.37,9.788,23065474,222627955.05
2015-05-22,9.85,10.0,9.5,9.921,33633444,329843185.31
2015-05-25,9.7,10.14,9.693,10.101,14358136,143265481.01
2015-05-26,10.101,10.55,10.101,10.503,25895324,268914307.97
2015-05-27,10.545,10.729,10.247,10.619,22814614,240275909.78
2015-05-28,10.609,10.735,9.911,9.933,19901332,202854277.08
2015-05-29,10.0,10.42,9.551,10.136,25083264,251727276.42
2015-06-01,10.078,10.88,9.999,10.778,45044040,475319724.76
2015-06-02,10.779,11.07,10.67,11.064,210890896,2306021650.79
2015-06-03,11.034,11.19,10.686,10.989,112875848,1236554914.84
2015-06-04,10.964,11.088,9.89,11.01,282003936,3006913968.26
2015-06-05,11.0,11.289,10.9,11.268,41887488,467143228.67
2015-06-08,11.199,11.199,10.831,11.042,30937800,341058307.2
2015-06-09,10.944,11.118,10.921,11.105,17116924,189107776.35
2015-06-10,11.086,11.55,10.932,11.29,13566858,152726642.79
2015-06-11,11.302,11.588,11.199,11.5,9320186,106520405.79
2015-06-12,11.5,11.99,11.5,11.7,9968633,116932065.09
2015-06-15,11.799,11.82,11.392,11.434,10373760,119803096.32
2015-06-16,11.25,11.3,10.88,10.985,15216960,168223492.8
2015-06-17,10.96,11.5,10.603,11.23,26094600,289937100.6
2015-06-18,11.199,11.278,10.8,10.844,11789172,129374373.53
2015-06-19,10.432,10.672,10.014,10.141,30872844,317239054.0
2015-06-23,10.1,10.171,9.51,10.139,108596536,1079449567.84
2015-06-24,10.14,10.351,9.975,10.298,35037400,357661779.2
2015-06-25,10.301,10.41,9.802,9.977,21775992,219131807.5
2015-06-26,9.65,9.85,8.979,8.979,15996864,148280264.7
2015-06-29,9.17,9.299,8.081,8.454,63898624,550252350.81
2015-06-30,8.1,9.142,7.848,9.095,102622240,892300376.8
2015-07-01,8.715,9.111,8.3,8.362,51787932,444910123.81
2015-07-02,8.31,8.57,7.777,8.0,271095136,2200117758.73
2015-07-03,7.869,7.99,7.23,7.409,438868224,3310383013.63
2015-07-06,8.15,8.15,6.69,7.409,1052645696,7806771363.43
2015-07-07,7.2,7.2,6.668,6.831,545928960,3766727847.68
2015-07-08,6.148,6.668,6.148,6.148,146024752,923071132.31
2015-07-09,5.901,6.763,5.901,6.763,65094888,421532796.39
2015-07-10,7.18,7.439,6.963,7.439,90096160,655930076.85
2015-07-13,7.757,8.183,7.5,8.183,220199760,1751762490.72
2015-07-14,7.8,8.419,7.8,7.886,139388320,1119985151.2
2015-07-15,7.8,7.87,7.163,7.202,160074672,1186420110.64
2015-07-16,7.11,7.745,6.951,7.59,95922448,712575892.04
2015-07-17,7.66,8.15,7.628,8.077,61022520,485230738.2
2015-07-20,8.073,8.289,7.94,8.114,114078528,925671202.37
2015-07-21,7.96,8.316,7.9,8.246,65820816,536702933.66
2015-07-22,8.232,8.399,8.11,8.357,65524380,543109744.36
2015-07-23,8.366,8.692,8.336,8.651,48471944,414903683.33
2015-07-24,8.702,8.8,8.39,8.471,36115160,308917040.25
2015-07-27,8.259,8.552,7.71,7.729,89498840,715722223.48
2015-07-28,7.6,7.949,7.32,7.701,52541708,402294344.25
2015-07-29,7.75,8.17,7.515,8.148,50008256,397282255.08
2015-07-30,8.067,8.384,7.8,7.854,39454000,316131750.67
2015-07-31,7.788,8.0,7.693,7.768,42175980,329830222.26
2015-08-03,7.692,7.724,7.382,7.507,27720868,208950662.69
2015-08-04,7.61,8.077,7.551,8.058,43440280,342975490.69
2015-08-05,8.0,8.1,7.85,7.891,48567376,385964937.07
2015-08-06,7.755,8.028,7.578,7.842,27588732,215633529.31
2015-08-07,7.951,8.117,7.924,8.103,42530668,342286816.06
2015-08-10,8.201,8.58,8.13,8.556,51329120,432293848.64
2015-08-11,8.5,8.618,8.415,8.526,48749812,415332148.3
2015-08-12,8.418,8.56,8.378,8.386,33685144,284347528.89
2015-08-13,8.386,8.65,8.3,8.592,56782244,483444025.42
2015-08-14,8.725,8.8,8.611,8.674,39592612,344257761.34
2015-08-17,8.64,8.922,8.624,8.92,49014152,432402848.94
2015-08-18,8.931,8.95,8.049,8.159,75766864,635380921.5
2015-08-19,7.903,8.498,7.745,8.434,69406800,570917201.2
2015-08-20,8.301,8.46,8.08,8.104,38709568,317986197.93
2015-08-21,8.031,8.076,7.67,7.698,72140872,563756867.72
2015-08-24,7.4,7.49,6.928,6.928,51764892,368324461.54
2015-08-25,6.571,6.858,6.235,6.235,49028224,315872504.49
2015-08-26,6.235,6.694,6.137,6.236,45011324,286076971.57
2015-08-27,6.4,6.548,6.1,6.5,43011596,274528680.07
2015-08-28,6.615,6.92,6.481,6.891,51362100,347413244.4
2015-08-31,6.825,6.825,6.57,6.621,42278600,282082819.2
2015-09-01,6.5,6.5,6.16,6.166,20087544,126056034.45
2015-09-02,5.85,6.486,5.76,6.011,52556368,319840536.86
2015-09-07,6.168,6.43,6.112,6.158,37480376,233627677.07
2015-09-08,6.05,6.583,6.015,6.495,63466448,403921630.55
2015-09-09,6.517,6.746,6.484,6.682,90498608,600669427.5
2015-09-10,6.609,6.658,6.5,6.509,30491652,199893106.63
2015-09-11,6.509,6.619,6.432,6.559,30302496,198077315.52
2015-09-14,6.571,6.616,5.903,5.998,47148560,291016628.51
2015-09-15,5.9,5.998,5.697,5.701,36963432,214338621.02
2015-09-16,5.731,6.271,5.726,6.191,48025408,291162040.23
2015-09-17,6.167,6.301,6.03,6.044,51709648,316721594.0
2015-09-18,6.021,6.165,5.956,6.125,18987900,115484407.8
2015-09-21,6.04,6.399,6.0,6.393,39301128,246182265.79
2015-09-22,6.412,6.485,6.3,6.366,51246476,327140420.63
2015-09-23,6.243,6.35,6.208,6.272,25606080,160720828.8
2015-09-24,6.298,6.422,6.286,6.359,21237480,134978343.72
2015-09-25,6.305,6.38,6.08,6.12,29010314,179670544.71
2015-09-28,6.192,6.299,6.063,6.291,11890439,73930786.22
2015-09-29,6.15,6.258,6.142,6.225,14783736,91782361.0
2015-09-30,6.23,6.285,6.182,6.231,5978382,37261262.21
2015-10-08,6.55,6.577,6.42,6.489,29331280,190516440.69
2015-10-09,6.47,6.597,6.434,6.565,22121444,144497272.21
2015-10-12,6.617,6.95,6.617,6.848,46229848,314594115.64
2015-10-13,6.755,6.942,6.748,6.91,27127220,186273577.33
2015-10-14,6.903,6.96,6.808,6.852,23162060,159200559.07
2015-10-15,6.83,7.11,6.825,7.107,30212180,211908230.52
2015-10-16,7.143,7.2,7.05,7.179,47452944,338956378.99
2015-10-19,7.2,7.25,7.094,7.22,32735784,235304815.39
2015-10-20,7.209,7.291,7.11,7.291,32371824,234069868.74
2015-10-21,7.299,7.299,6.821,6.868,40579892,283896924.43
2015-10-22,6.93,7.143,6.85,7.11,29186376,205306697.58
2015-10-23,7.09,7.31,7.081,7.3,38339056,277204154.57
2015-10-26,7.34,7.38,7.22,7.296,31605160,230675527.79
2015-10-27,7.226,7.41,7.001,7.361,30648306,222424972.74
2015-10-28,7.261,7.371,7.1,7.156,27286728,196710022.15
2015-10-29,7.193,7.315,7.107,7.236,27166560,196124452.16
2015-10-30,7.236,7.351,7.105,7.23,17878896,129240579.55
2015-11-02,7.18,7.299,7.061,7.084,16899772,120799570.26
2015-11-03,7.091,7.17,7.018,7.05,14473247,102460939.93
2015-11-04,7.076,7.516,7.076,7.512,38911944,286703203.39
2015-11-05,7.499,7.582,7.412,7.49,25518568,191253160.97
2015-11-06,7.46,7.721,7.46,7.673,34024752,259200560.74
2015-11-09,7.63,7.81,7.557,7.763,29958832,230982594.72
2015-11-10,7.701,7.841,7.682,7.768,27641616,214600292.75
2015-11-11,7.765,7.924,7.71,7.922,16446362,129136834.42
2015-11-12,7.924,7.98,7.801,7.946,18378276,145353784.88
2015-11-13,7.84,7.945,7.664,7.783,12386974,96585365.27
2015-11-16,7.68,7.981,7.611,7.979,13161475,103409709.07
2015-11-17,8.055,8.12,7.844,7.849,15873998,126002504.79
2015-11-18,7.876,7.927,7.705,7.729,10786631,83995495.6
2015-11-19,7.68,7.985,7.68,7.979,21487514,169350260.34
2015-11-20,7.98,8.068,7.95,8.048,14470942,116085896.72
2015-11-23,8.022,8.122,7.95,7.96,32759976,262429247.74
2015-11-24,7.96,8.058,7.85,8.055,19316972,154297533.35
2015-11-25,8.053,8.17,8.02,8.167,16916152,137342238.09
2015-11-26,8.192,8.208,8.08,8.092,10815915,87897335.9
2015-11-27,8.037,8.089,7.489,7.608,40070844,309694196.33
2015-11-30,7.581,7.718,7.231,7.601,25571708,192214005.13
2015-12-01,7.592,7.75,7.525,7.651,17639136,134798277.31
2015-12-02,7.666,7.666,7.37,7.654,33654024,254536601.52
2015-12-03,7.65,7.79,7.6,7.787,18546463,143283790.98
2015-12-04,7.764,7.805,7.63,7.685,18912060,145748942.4
2015-12-07,7.7,7.83,7.651,7.814,18857100,146425381.5
2015-12-08,7.752,7.755,7.6,7.626,12121292,92853137.15
2015-12-09,7.618,7.65,7.531,7.566,10697555,81112427.86
2015-12-10,7.57,7.679,7.515,7.539,10957900,83035313.57
2015-12-11,7.508,7.546,7.453,7.489,11816956,88579902.18
2015-12-14,7.445,7.674,7.41,7.655,21258458,161132025.49
2015-12-15,7.665,7.751,7.65,7.678,15747684,121146933.01
2015-12-16,7.714,7.805,7.71,7.74,13477422,104472482.87
2015-12-17,7.799,7.965,7.76,7.964,16583989,130952705.14
2015-12-18,7.96,7.981,7.865,7.912,17054756,135062297.68
2015-12-21,7.879,8.03,7.86,8.023,16848000,134295408.0
2015-12-22,8.016,8.1,7.973,8.094,7393733,59561448.47
2015-12-23,8.08,8.1,7.961,7.988,8400873,67344198.26
2015-12-24,7.995,8.01,7.864,7.99,9098376,72374548.29
2015-12-25,7.985,8.036,7.954,8.025,9090821,72772022.1
2015-12-28,8.015,8.074,7.825,7.832,12519548,99033797.86
2015-12-29,7.79,7.922,7.776,7.915,14997300,118043748.3
2015-12-30,7.914,7.988,7.901,7.976,15450566,122909252.53
2015-12-31,7.998,7.998,7.835,7.838,10984539,86671674.22
2016-01-04,7.809,7.85,7.173,7.192,22560728,167062190.84
2016-01-05,6.853,7.441,6.84,7.122,60764521,433514347.65
2016-01-06,7.091,7.278,7.073,7.272,28961012,208741320.83
2016-01-07,7.131,7.2,6.6,6.622,3397730,23129480.69
2016-01-08,6.819,6.9,6.4,6.753,44946123,300434868.17
2016-01-11,6.575,6.72,6.31,6.319,37932383,244651226.22
2016-01-12,6.375,6.4,6.187,6.309,43918365,276627141.68
2016-01-13,6.34,6.42,6.11,6.113,26685877,165834934.97
2016-01-14,5.99,6.32,5.895,6.318,37536414,231887453.55
2016-01-15,6.275,6.318,6.02,6.075,44137100,270898807.43
2016-01-18,5.977,6.228,5.91,6.162,32706929,199512266.9
2016-01-19,6.131,6.778,6.118,6.359,50602061,324780894.85
2016-01-20,6.346,6.429,6.206,6.307,25711243,162340788.3
2016-01-21,6.195,6.918,6.08,6.09,40178017,255639329.5
2016-01-22,6.106,6.333,5.99,6.17,29973387,184765948.6
2016-01-25,6.209,6.294,6.153,6.216,21971408,136684129.17
2016-01-26,6.168,6.17,5.732,5.833,72010164,425700086.18
2016-01-27,5.828,5.833,5.426,5.69,75295829,425396335.24
2016-01-28,5.623,5.689,5.435,5.452,30854946,170483861.63
2016-01-29,5.496,5.711,5.427,5.643,39002446,218166682.11
2016-02-01,5.651,5.678,5.493,5.58,43919913,245234154.22
2016-02-02,5.596,5.787,5.588,5.777,57896944,331016127.83
2016-02-03,5.7,5.831,5.652,5.807,15803275,91079541.58
2016-02-04,5.801,5.943,5.801,5.904,34623665,203679479.97
2016-02-05,5.923,5.945,5.845,5.863,129444907,761696981.09
2016-02-15,5.7,6.118,5.683,5.872,14350535,84539001.69
2016-02-16,5.88,6.116,5.88,6.114,35150203,212190058.78
2016-02-17,6.098,6.19,6.047,6.174,60421137,370804517.77
2016-02-18,6.206,6.237,6.14,6.144,85196935,525977477.71
2016-02-19,6.13,6.215,6.105,6.168,64524542,397643244.17
2016-02-22,6.235,6.32,6.218,6.304,70126307,440439958.83
2016-02-23,6.307,6.315,6.18,6.273,27895468,174514047.81
2016-02-24,6.216,6.32,6.179,6.303,32862554,205960580.1
2016-02-25,6.302,6.302,5.681,5.789,67463586,399654283.46
2016-02-26,5.812,5.89,5.706,5.841,55507515,322628179.69
2016-02-29,5.802,5.802,5.408,5.48,59639263,331793099.82
2016-03-01,5.536,5.7,5.471,5.642,45059315,252527421.03
2016-03-02,5.603,5.95,5.603,5.95,55455033,323543147.53
2016-03-03,5.969,6.068,5.941,5.945,39925937,238943424.3
2016-03-04,5.964,5.993,5.71,5.769,35233431,205199502.14
2016-03-07,5.83,6.0,5.83,5.932,58697934,347530901.24
2016-03-08,5.902,5.971,5.701,5.968,53971627,317353166.76
2016-03-09,5.85,5.97,5.761,5.802,33717760,197057828.69
2016-03-10,5.8,5.857,5.695,5.698,17255053,99216554.75
2016-03-11,5.665,5.741,5.6,5.697,30744661,174609178.04
2016-03-14,5.754,5.96,5.754,5.914,42791658,251443782.41
2016-03-15,5.895,5.909,5.795,5.834,23620865,138087576.79
2016-03-16,5.896,5.931,5.749,5.77,27009957,157107916.55
2016-03-17,5.781,6.066,5.772,5.959,68684918,407461828.55
2016-03-18,6.5,6.5,5.944,6.196,107170980,665889022.4
2016-03-21,6.242,6.338,6.223,6.323,44323831,279003741.53
2016-03-22,6.288,6.366,6.24,6.293,49629537,312649539.92
2016-03-23,6.281,6.36,6.253,6.353,76101751,481115269.82
2016-03-24,6.26,6.363,6.215,6.226,48524996,304154674.93
2016-03-25,6.223,6.31,6.22,6.305,64732855,406414441.31
2016-03-28,6.328,6.4,6.241,6.252,50491739,317980141.64
2016-03-29,6.237,6.265,6.08,6.144,43243111,266507293.09
2016-03-30,6.19,6.5,6.19,6.439,40651807,259209472.03
2016-03-31,6.41,6.454,6.365,6.388,29286234,187500232.15
2016-04-01,6.379,6.379,6.255,6.367,47017841,297795332.28
2016-04-05,6.367,6.545,6.343,6.514,47119239,304735825.03
2016-04-06,6.5,6.56,6.49,6.554,35656175,233001218.23
2016-04-07,6.564,6.59,6.466,6.474,45519044,296328976.44
2016-04-08,6.446,6.446,6.32,6.415,32918987,210473029.88
2016-04-11,6.47,6.58,6.47,6.53,36337463,237162508.51
2016-04-12,6.525,6.552,6.417,6.499,18982689,123184996.48
2016-04-13,6.531,6.678,6.531,6.602,116693323,770603807.32
2016-04-14,6.64,6.662,6.57,6.646,48487391,321277452.77
2016-04-15,6.648,6.659,6.584,6.637,19189835,127164639.93
2016-04-18,6.6,6.6,6.468,6.523,47466718,309973490.78
2016-04-19,6.543,6.599,6.499,6.535,24745372,161941962.83
2016-04-20,6.562,6.579,6.149,6.247,71499333,452233281.22
2016-04-21,6.19,6.315,6.185,6.197,51483341,320861342.23
2016-04-22,6.17,6.238,6.14,6.234,25460215,157955173.86
2016-04-25,6.205,6.223,6.105,6.203,25887567,159907501.36
2016-04-26,6.195,6.399,6.169,6.284,22784215,143176007.06
2016-04-27,6.286,6.319,6.235,6.252,25268183,158397816.5
2016-04-28,6.221,6.258,6.112,6.201,24280335,150303367.1
2016-04-29,6.197,6.278,6.165,6.21,18748387,116571220.9
2016-05-03,6.21,6.412,6.181,6.409,34586567,219071315.38
2016-05-04,6.396,6.452,6.381,6.409,37680985,241685837.79
2016-05-05,6.39,6.456,6.37,6.454,19930868,128089045.01
2016-05-06,6.449,6.471,6.194,6.2,34229384,215245776.39
2016-05-09,6.171,6.171,5.715,5.974,54568702,324865672.57
2016-05-10,5.97,5.999,5.926,5.955,27005829,160954740.84
2016-05-11,5.969,6.08,5.92,5.944,25102700,150147616.27
2016-05-12,5.88,5.953,5.78,5.946,56141627,330842607.91
2016-05-13,5.92,6.005,5.89,5.926,39354023,233776014.63
2016-05-16,5.931,6.045,5.874,6.033,21164437,126647991.01
2016-05-17,6.035,6.089,5.98,6.024,25778472,155469964.63
2016-05-18,5.986,5.986,5.79,5.858,19765234,116180045.45
2016-05-19,5.825,5.966,5.825,5.887,27605554,162670327.87
2016-05-20,5.864,5.972,5.813,5.966,19723877,116706180.21
2016-05-23,5.97,6.04,5.97,6.031,16610884,99892319.41
2016-05-24,6.021,6.025,5.93,5.975,27101518,161976739.25
2016-05-25,6.005,6.046,5.929,5.939,10995472,65657628.47
2016-05-26,5.925,6.049,5.825,5.968,22275783,132481506.76
2016-05-27,5.958,6.016,5.936,5.973,19152240,114434634.0
2016-05-30,5.946,5.999,5.885,5.946,12836290,76290350.23
2016-05-31,5.947,6.222,5.947,6.208,49310058,302056978.62
2016-06-01,6.226,6.259,6.195,6.21,50438559,313795088.39
2016-06-02,6.201,6.264,6.201,6.261,33805069,211011240.7
2016-06-03,6.264,6.325,6.236,6.299,54976775,345620658.83
2016-06-06,6.296,6.33,6.269,6.314,33812843,213167433.22
2016-06-07,6.286,6.318,6.261,6.308,23377626,147177740.75
2016-06-08,6.306,6.317,6.232,6.29,13195577,82863825.03
2016-06-13,6.199,6.254,5.979,5.987,36942084,224361590.16
2016-06-14,5.99,6.031,5.951,6.014,46091387,276486866.82
2016-06-15,5.944,6.299,5.944,6.207,84302500,518460375.0
2016-06-16,6.207,6.234,6.162,6.183,21821050,135137762.65
2016-06-17,6.191,6.279,6.17,6.231,26011093,161962405.75
2016-06-20,6.22,6.251,6.16,6.239,31424689,195356816.62
2016-06-21,6.28,6.329,6.143,6.165,23917056,148580724.22
2016-06-22,6.143,6.287,6.141,6.282,17388476,108446128.65
2016-06-23,6.278,6.282,6.195,6.247,19816528,123681556.76
2016-06-24,6.243,6.3,6.012,6.156,44511800,274014640.8
2016-06-27,6.125,6.35,6.105,6.333,30110304,188570797.18
2016-06-28,6.296,6.396,6.282,6.392,30705508,195184679.19
2016-06-29,6.393,6.428,6.37,6.393,23583896,150866182.71
2016-06-30,6.392,6.426,6.369,6.397,17573983,112426627.25
2016-07-01,6.41,6.47,6.376,6.388,21638021,138728565.3
2016-07-04,6.3,6.523,6.3,6.515,29322778,189014626.99
2016-07-05,6.519,6.559,6.506,6.548,23425907,153150771.33
2016-07-06,6.545,6.588,6.508,6.587,18276623,119912923.5
2016-07-07,6.581,6.632,6.54,6.613,20080748,132432533.06
2016-07-08,6.61,6.629,6.562,6.587,17860268,117746793.5
2016-07-11,6.602,6.685,6.59,6.604,21030083,139352339.99
2016-07-12,6.591,6.694,6.54,6.687,96657125,641835529.04
2016-07-13,6.7,6.761,6.671,6.734,21423386,144008000.69
2016-07-14,6.722,6.76,6.701,6.757,25242610,170118362.99
2016-07-15,6.745,6.76,6.71,6.741,12213788,82284289.76
2016-07-18,6.71,6.757,6.68,6.714,17215313,115635257.42
2016-07-19,6.707,6.718,6.645,6.712,36742267,245867003.34
2016-07-20,6.716,6.75,6.7,6.701,16337200,109736972.4
2016-07-21,6.699,6.799,6.696,6.733,17031953,114840781.76
2016-07-22,6.723,6.736,6.666,6.69,45058074,301768940.94
2016-07-25,6.671,6.731,6.667,6.7,16307848,109251709.7
2016-07-26,6.69,6.796,6.69,6.795,21781777,147252073.11
2016-07-27,6.795,6.81,6.445,6.495,157831959,1039060396.75
2016-07-28,6.481,6.635,6.433,6.526,55741279,364064873.58
2016-07-29,6.506,6.546,6.45,6.48,18337161,119044849.21
2016-08-01,6.438,6.479,6.314,6.383,38338364,245058822.69
2016-08-02,6.37,6.449,6.37,6.445,17418440,111849609.39
2016-08-03,6.43,6.475,6.411,6.467,24648672,159008583.07
2016-08-04,6.461,6.523,6.441,6.506,20262394,131502937.06
2016-08-05,6.509,6.527,6.475,6.485,26642253,173059194.74
2016-08-08,6.47,6.6,6.43,6.575,23003576,150328369.16
2016-08-09,6.555,6.65,6.555,6.641,30522132,201914077.22
2016-08-10,6.632,6.647,6.596,6.608,31230223,206650385.59
2016-08-11,6.585,6.625,6.495,6.499,31249655,204362327.15
2016-08-12,6.499,6.606,6.48,6.591,36042310,236401511.29
2016-08-15,6.591,6.788,6.567,6.728,50812837,340158068.49
2016-08-16,6.73,6.78,6.73,6.759,29084616,196505360.57
2016-08-17,6.75,6.791,6.731,6.775,44703315,302447728.18
2016-08-18,6.782,6.817,6.755,6.777,104585661,709404538.56
2016-08-19,6.78,6.805,6.737,6.778,106092262,718598254.61
2016-08-22,6.775,6.808,6.7,6.703,32876486,221488886.18
2016-08-23,6.691,6.746,6.663,6.719,11996740,80490127.57
2016-08-24,6.71,6.751,6.7,6.723,21757315,146310690.94
2016-08-25,6.705,6.709,6.606,6.678,25971990,173085998.69
2016-08-26,6.682,6.762,6.68,6.711,18354216,123297505.02
2016-08-29,6.71,6.739,6.673,6.723,11673354,78347660.93
2016-08-30,6.72,6.758,6.694,6.719,14942111,100465773.66
2016-08-31,6.717,6.733,6.675,6.73,12401095,83244417.04
2016-09-01,6.725,6.737,6.664,6.667,17812008,119150458.85
2016-09-02,6.667,6.699,6.61,6.635,13923617,92564205.82
2016-09-05,6.65,6.713,6.65,6.682,15143668,101184941.69
2016-09-06,6.68,6.803,6.627,6.802,30257229,204054752.38
2016-09-07,6.804,6.842,6.776,6.786,23492962,159783465.55
2016-09-08,6.786,6.825,6.774,6.824,8120660,55282746.39
2016-09-09,6.823,6.832,6.754,6.758,20771300,140857109.07
2016-09-12,6.657,6.679,6.566,6.573,39099873,258293761.04
2016-09-13,6.605,6.628,6.576,6.602,13214429,87241660.26
2016-09-14,6.572,6.607,6.55,6.56,14644850,96250835.82
2016-09-19,6.59,6.64,6.59,6.64,8401524,55646093.96
2016-09-20,6.626,6.64,6.609,6.627,8859160,58694888.05
2016-09-21,6.625,6.661,6.62,6.646,17651015,117243925.3
2016-09-22,6.675,6.717,6.67,6.682,8352063,55872517.45
2016-09-23,6.703,6.705,6.66,6.671,8207873,54817647.81
2016-09-26,6.658,6.661,6.53,6.543,28753772,189142312.22
2016-09-27,6.522,6.604,6.498,6.58,17648824,115788051.32
2016-09-28,6.573,6.583,6.554,6.572,12912309,84829566.03
2016-09-29,6.572,6.651,6.572,6.607,23691928,156603644.08
2016-09-30,6.584,6.635,6.584,6.634,7964704,52707756.17
2016-10-10,6.652,6.77,6.551,6.761,34548356,231266695.06
2016-10-11,6.777,6.785,6.742,6.782,15415904,104360531.45
2016-10-12,6.77,6.783,6.754,6.777,10743348,72746790.42
2016-10-13,6.775,6.8,6.769,6.785,11322582,76819944.68
2016-10-14,6.77,6.778,6.72,6.772,9664500,65299805.0
2016-10-17,6.767,6.794,6.688,6.72,25071616,168832262.14
2016-10-18,6.717,6.822,6.71,6.82,26422780,179252139.52
2016-10-19,6.835,6.838,6.776,6.79,13536200,92064208.27
2016-10-20,6.799,6.807,6.78,6.794,9934971,67494881.32
2016-10-21,6.786,6.812,6.728,6.784,15570451,105484615.37
2016-10-24,6.784,6.862,6.774,6.837,25394004,173297147.96
2016-10-25,6.841,6.868,6.837,6.862,22709570,155689242.06
2016-10-26,6.856,6.86,6.811,6.833,16806834,114869108.11
2016-10-27,6.825,6.83,6.793,6.82,12843800,87521934.47
2016-10-28,6.821,6.846,6.759,6.768,16756900,113796107.9
2016-10-31,6.76,6.76,6.703,6.744,21125864,142296777.95
2016-11-01,6.743,6.817,6.743,6.815,17940770,121847729.58
2016-11-02,6.8,6.806,6.744,6.747,9570945,64753823.56
2016-11-03,6.73,6.825,6.728,6.78,10838952,73462803.67
2016-11-04,6.763,6.806,6.748,6.759,7824220,52977793.62
2016-11-07,6.751,6.784,6.736,6.764,10266724,69416743.21
2016-11-08,6.776,6.822,6.775,6.809,20855121,141856533.04
2016-11-09,6.809,6.817,6.681,6.746,26687600,180087924.8
2016-11-10,6.795,6.846,6.795,6.846,15977628,109111221.61
2016-11-11,6.84,6.904,6.829,6.9,16874742,116058850.56
2016-11-14,6.89,6.96,6.88,6.914,16933408,117145316.54
2016-11-15,6.929,6.948,6.903,6.939,17149100,118843263.0
2016-11-16,6.943,6.968,6.94,6.946,5395200,37503833.6
2016-11-17,6.939,6.956,6.906,6.947,9876400,68506002.53
2016-11-18,6.947,6.952,6.898,6.915,5822780,40303342.23
2016-11-21,6.91,6.968,6.894,6.914,10684700,73995109.07
2016-11-22,6.918,6.981,6.918,6.976,10160302,70698768.08
2016-11-23,6.99,6.991,6.925,6.933,9452248,65689972.85
2016-11-24,6.924,6.96,6.905,6.92,14775900,102372360.5
2016-11-25,6.921,6.964,6.831,6.954,19180090,132655895.8
2016-11-28,6.961,7.004,6.949,6.973,9568252,66741747.12
2016-11-29,6.972,6.987,6.925,6.933,12359523,85878085.64
2016-11-30,6.92,6.931,6.871,6.891,16316297,112544377.94
2016-12-01,6.89,6.938,6.889,6.931,17033993,117863875.56
2016-12-02,6.906,6.927,6.82,6.821,15582452,106833290.91
2016-12-05,6.77,6.823,6.75,6.776,16986023,115216194.01
2016-12-06,6.792,6.815,6.78,6.785,8494871,57708490.33
2016-12-07,6.785,6.868,6.782,6.866,7426553,50787720.45
2016-12-08,6.86,6.865,6.826,6.832,6356020,43481532.82
2016-12-09,6.812,6.838,6.807,6.814,9553792,65153676.84
2016-12-12,6.8,6.828,6.532,6.539,40152800,266333522.4
2016-12-13,6.538,6.575,6.478,6.558,21307190,139285101.03
2016-12-14,6.558,6.579,6.503,6.518,13945360,91109685.33
2016-12-15,6.51,6.598,6.488,6.559,16042400,105050982.67
2016-12-16,6.559,6.613,6.549,6.601,12168334,80160928.28
2016-12-19,6.604,6.618,6.576,6.606,21535660,142135356.0
2016-12-20,6.606,6.615,6.55,6.578,7795137,51299796.6
2016-12-21,6.587,6.636,6.587,6.632,12583477,83281645.28
2016-12-22,6.626,6.635,6.596,6.621,8570471,56713663.43
2016-12-23,6.621,6.628,6.565,6.574,7652661,50423383.33
2016-12-26,6.574,6.58,6.487,6.577,19544197,127975401.96
2016-12-27,6.58,6.598,6.571,6.589,15809643,104122308.8
2016-12-28,6.578,6.589,6.543,6.559,10367700,68050126.9
2016-12-29,6.535,6.58,6.535,6.555,6976170,45740421.3
2016-12-30,6.541,6.578,6.535,6.553,8602542,56392530.32
2017-01-03,6.557,6.62,6.557,6.61,6644166,43822704.21
2017-01-04,6.612,6.7,6.59,6.691,16232094,108111156.74
2017-01-05,6.691,6.702,6.68,6.688,8378620,56052967.8
2017-01-06,6.678,6.688,6.654,6.657,6226122,41505404.63
2017-01-09,6.649,6.71,6.646,6.708,5991550,40071486.4
2017-01-10,6.709,6.715,6.675,6.683,8187660,54783633.06
2017-01-11,6.69,6.698,6.62,6.63,8953016,59531587.72
2017-01-12,6.627,6.636,6.545,6.549,14076256,92574843.63
2017-01-13,6.55,6.568,6.467,6.477,20557754,133707632.02
2017-01-16,6.473,6.473,6.138,6.293,21441800,135111929.07
2017-01-17,6.295,6.35,6.221,6.348,14141438,89180621.84
2017-01-18,6.348,6.385,6.317,6.352,30166764,191599173.75
2017-01-19,6.342,6.364,6.31,6.33,18068270,114456467.69
2017-01-20,6.31,6.422,6.31,6.411,17170477,109564813.74
2017-01-23,6.396,6.475,6.396,6.473,11990453,77314440.94
2017-01-24,6.46,6.478,6.435,6.445,7874150,50809265.23
2017-01-25,6.425,6.482,6.425,6.47,4948178,31960281.7
2017-01-26,6.48,6.515,6.472,6.514,4747584,30860878.53
2017-02-03,6.515,6.533,6.466,6.493,6996753,45460236.49
2017-02-06,6.494,6.55,6.479,6.549,7550788,49276442.49
2017-02-07,6.538,6.55,6.497,6.539,10721300,69995793.93
2017-02-08,6.53,6.584,6.495,6.583,5806427,38055322.56
2017-02-09,6.586,6.62,6.568,6.615,6920309,45680959.71
2017-02-10,6.623,6.64,6.607,6.629,9817504,65044236.5
2017-02-13,6.638,6.658,6.615,6.655,10493046,69701806.9
2017-02-14,6.652,6.666,6.63,6.66,8810249,58605776.35
2017-02-15,6.656,6.672,6.59,6.598,6890492,45615057.04
2017-02-16,6.596,6.656,6.595,6.641,8599234,57018654.24
2017-02-17,6.64,6.657,6.583,6.595,7354332,48624391.74
2017-02-20,6.595,6.686,6.594,6.681,6200989,41259313.81
2017-02-21,6.667,6.738,6.667,6.733,8904012,59769664.55
2017-02-22,6.744,6.771,6.719,6.764,17614182,118919214.08
2017-02-23,6.765,6.778,6.731,6.774,7880937,53283015.06
2017-02-24,6.769,6.776,6.745,6.776,10350940,70031009.73
2017-02-27,6.763,6.776,6.711,6.72,9290296,62576337.09
2017-02-28,6.72,6.745,6.704,6.743,8556534,57591178.18
2017-03-01,6.733,6.79,6.728,6.765,20482966,138485333.13
2017-03-02,6.755,6.782,6.718,6.733,13497155,91029312.37
2017-03-03,6.701,6.76,6.693,6.747,13952956,93949903.73
2017-03-06,6.782,6.818,6.751,6.811,16156778,109758378.55
2017-03-07,6.806,6.834,6.782,6.829,12548443,85517639.04
2017-03-08,6.812,6.848,6.786,6.804,6883400,46894309.73
2017-03-09,6.801,6.801,6.72,6.723,10950451,73893643.35
2017-03-10,6.722,6.76,6.722,6.744,9909154,66807516.27
2017-03-13,6.736,6.818,6.703,6.817,12619912,85554590.09
2017-03-14,6.82,6.823,6.773,6.785,12316754,83675921.09
2017-03-15,6.777,6.798,6.76,6.779,11006842,74615381.92
2017-03-16,6.786,6.85,6.782,6.84,21785703,148665637.27
2017-03-17,6.846,6.853,6.769,6.772,23909487,162536692.63
2017-03-20,6.769,6.794,6.744,6.794,12293376,83316306.94
2017-03-21,6.79,6.825,6.773,6.823,14338475,97601999.32
2017-03-22,6.817,6.817,6.751,6.798,11673961,79250629.91
2017-03-23,6.793,6.842,6.745,6.812,11534202,78428728.87
2017-03-24,6.811,6.865,6.796,6.855,15332956,104856975.1
2017-03-27,6.855,6.862,6.811,6.814,10649659,72726521.31
2017-03-28,6.81,6.827,6.783,6.799,15532285,105666134.86
2017-03-29,6.794,6.82,6.75,6.776,20895417,141712718.09
2017-03-30,6.756,6.77,6.667,6.674,28831188,193274673.96
2017-03-31,6.667,6.699,6.66,6.687,22508252,150400139.86
2017-04-05,6.737,6.867,6.737,6.859,30594807,208687178.55
2017-04-06,6.86,6.866,6.828,6.857,13371430,91598752.64
2017-04-07,6.857,6.895,6.832,6.869,26823371,184151383.04
2017-04-10,6.864,6.888,6.85,6.862,19580901,134455520.2
2017-04-11,6.861,6.94,6.819,6.939,15092181,104125987.45
2017-04-12,6.94,6.948,6.875,6.885,14086573,97234917.89
2017-04-13,6.879,6.943,6.869,6.925,9034865,62451998.5
2017-04-14,6.92,6.925,6.83,6.833,21063321,144550550.92
2017-04-17,6.816,6.817,6.744,6.756,18440700,124886567.3
2017-04-18,6.745,6.795,6.713,6.725,12226128,82457082.61
2017-04-19,6.698,6.71,6.59,6.646,40513926,269363589.33
2017-04-20,6.65,6.675,6.605,6.643,22858500,151803298.5
2017-04-21,6.636,6.665,6.591,6.602,15805122,104619370.89
2017-04-24,6.584,6.585,6.422,6.424,87070241,563953950.96
2017-04-25,6.424,6.488,6.424,6.444,19579700,126328224.4
2017-04-26,6.438,6.48,6.43,6.456,8495844,54843504.97
2017-04-27,6.444,6.493,6.339,6.479,31439338,202375018.71
2017-04-28,6.478,6.503,6.46,6.501,13202100,85655224.8
2017-05-02,6.5,6.505,6.474,6.494,15129719,98207006.03
2017-05-03,6.488,6.519,6.465,6.489,7920547,51412270.58
2017-05-04,6.475,6.531,6.442,6.458,12249900,79342602.3
2017-05-05,6.447,6.453,6.381,6.384,31645928,202723814.77
2017-05-08,6.377,6.377,6.262,6.266,38782322,244393265.8
2017-05-09,6.25,6.294,6.202,6.29,25739845,161182909.39
2017-05-10,6.288,6.317,6.17,6.172,28733600,178713414.13
2017-05-11,6.163,6.165,6.0,6.154,78663392,480344892.68
2017-05-12,6.143,6.154,6.088,6.137,27187800,166561525.4
2017-05-15,6.15,6.199,6.15,6.168,15560000,96041506.67
2017-05-16,6.17,6.306,6.107,6.297,36026088,224682702.16
2017-05-17,6.297,6.349,6.288,6.314,26492821,167355150.26
2017-05-18,6.274,6.32,6.245,6.255,27426207,172053738.58
2017-05-19,6.255,6.276,6.226,6.253,13661600,85407769.33
2017-05-22,6.25,6.277,6.153,6.161,27714100,171744277.7
2017-05-23,6.16,6.171,6.04,6.05,28108800,171098265.6
2017-05-24,6.03,6.079,5.948,6.076,55665339,335903210.64
2017-05-25,6.078,6.148,6.005,6.122,60429126,368114092.55
2017-05-26,6.122,6.159,6.101,6.127,38083200,233411932.8
2017-05-31,6.2,6.227,6.09,6.093,45535602,279436810.94
2017-06-01,6.084,6.093,5.982,5.984,31709704,190881848.18
2017-06-02,5.961,6.067,5.928,6.051,74602257,448757443.27
2017-06-05,6.069,6.118,6.065,6.087,53851073,327953034.57
2017-06-06,6.076,6.126,6.056,6.115,31199555,190286085.94
2017-06-07,6.117,6.25,6.107,6.248,68049642,422021196.47
2017-06-08,6.249,6.257,6.222,6.245,32360104,201970195.77
2017-06-09,6.244,6.277,6.213,6.267,48695839,304462617.37
2017-06-12,6.244,6.244,6.183,6.19,32064674,198982678.62
2017-06-13,6.183,6.295,6.182,6.278,46128067,288377298.86
2017-06-14,6.278,6.292,6.248,6.257,22686021,142143045.58
2017-06-15,6.251,6.329,6.247,6.313,30140400,189774005.2
2017-06-16,6.317,6.328,6.298,6.309,18359200,115877150.67
2017-06-19,6.31,6.364,6.298,6.355,38127600,241690856.4
2017-06-20,6.361,6.403,6.358,6.374,35803510,228366721.28
2017-06-21,6.378,6.385,6.335,6.385,35018481,223009359.83
2017-06-22,6.392,6.412,6.291,6.294,42111027,266661059.97
2017-06-23,6.3,6.316,6.224,6.313,53877169,338582089.05
2017-06-26,6.312,6.431,6.308,6.428,45513030,290782748.67
2017-06-27,6.432,6.439,6.39,6.411,30092919,192995920.52
2017-06-28,6.398,6.427,6.38,6.391,36936457,236368700.5
2017-06-29,6.392,6.457,6.392,6.429,39889310,256328706.06
2017-06-30,6.424,6.465,6.393,6.449,26875770,172963497.13
2017-07-03,6.445,6.5,6.441,6.492,28306099,183357473.96
2017-07-04,6.488,6.49,6.441,6.465,22558900,145850808.13
2017-07-05,6.46,6.51,6.447,6.505,34815887,225862264.26
2017-07-06,6.505,6.525,6.455,6.505,44106028,286468651.86
2017-07-07,6.49,6.557,6.486,6.546,14676658,95833684.52
2017-07-10,6.546,6.564,6.502,6.524,20502058,133878438.74
2017-07-11,6.519,6.519,6.448,6.452,18527758,119930177.53
2017-07-12,6.438,6.502,6.359,6.443,66459874,427647135.9
2017-07-13,6.438,6.485,6.425,6.45,55447283,357819799.63
2017-07-14,6.451,6.458,6.41,6.433,32430500,208647026.83
2017-07-17,6.413,6.416,6.171,6.181,94846580,593360204.48
2017-07-18,6.168,6.239,6.15,6.237,44525752,276445552.25
2017-07-19,6.225,6.382,6.21,6.377,30112704,190402627.39
2017-07-20,6.372,6.428,6.364,6.407,32281461,206590589.91
2017-07-21,6.391,6.446,6.391,6.43,41081316,263837905.12
2017-07-24,6.429,6.497,6.427,6.48,28888212,186848955.22
2017-07-25,6.482,6.485,6.424,6.478,17449048,112761564.53
2017-07-26,6.468,6.479,6.427,6.466,15448577,99756611.21
2017-07-27,6.461,6.527,6.415,6.507,23504000,152376432.0
2017-07-28,6.487,6.566,6.487,6.543,25133400,164171368.8
2017-07-31,6.542,6.637,6.52,6.633,31220468,205951020.57
2017-08-01,6.635,6.635,6.593,6.615,19959641,132019718.79
2017-08-02,6.616,6.645,6.571,6.585,28640929,189039678.38
2017-08-03,6.574,6.63,6.568,6.588,23744743,156604495.0
2017-08-04,6.58,6.635,6.543,6.55,34962024,229910269.82
2017-08-07,6.536,6.647,6.536,6.643,27890006,184315752.99
2017-08-08,6.643,6.662,6.615,6.636,21459384,142440237.86
2017-08-09,6.634,6.69,6.622,6.68,17986675,119863202.2
2017-08-10,6.67,6.678,6.573,6.625,33091800,219244205.6
2017-08-11,6.602,6.615,6.476,6.501,46802200,305649567.47
2017-08-14,6.48,6.636,6.48,6.633,36702921,241615328.94
2017-08-15,6.62,6.649,6.601,6.637,23831581,157979550.45
2017-08-16,6.633,6.658,6.588,6.645,17065200,113147964.4
2017-08-17,6.642,6.714,6.637,6.711,30268441,202415154.45
2017-08-18,6.682,6.699,6.66,6.682,31177164,208273847.91
2017-08-21,6.699,6.749,6.687,6.747,17160100,115447432.77
2017-08-22,6.74,6.743,6.704,6.72,20320500,136601174.5
2017-08-23,6.707,6.721,6.643,6.668,17030200,113716322.13
2017-08-24,6.667,6.674,6.608,6.619,19695600,130654045.2
2017-08-25,6.618,6.705,6.617,6.689,48597235,324159756.53
2017-08-28,6.7,6.795,6.687,6.765,67405900,454922419.1
2017-08-29,6.765,6.783,6.722,6.742,28297930,190982729.57
2017-08-30,6.74,6.81,6.731,6.789,26738300,181196546.33
2017-08-31,6.79,6.822,6.771,6.812,21456203,145937940.74
2017-09-01,6.815,6.886,6.794,6.882,42549157,291631922.08
2017-09-04,6.88,6.926,6.865,6.91,38567975,266131883.49
2017-09-05,6.91,6.925,6.87,6.915,23722826,163766575.49
2017-09-06,6.899,6.963,6.88,6.953,16799122,116451513.7
2017-09-07,6.953,6.968,6.892,6.902,18849903,130453895.36
2017-09-08,6.9,6.961,6.88,6.924,21912974,151674301.7
2017-09-11,6.925,7.01,6.91,7.008,30568669,213247034.94
2017-09-12,7.014,7.083,6.98,6.992,30371204,213155233.41
2017-09-13,6.986,7.041,6.976,7.039,19192848,134708202.5
2017-09-14,7.036,7.063,6.994,7.024,25823948,181464882.6
2017-09-15,7.017,7.024,6.941,6.97,28953986,202050565.64
2017-09-18,6.969,7.037,6.961,7.036,24289995,170305251.61
2017-09-19,7.033,7.05,6.952,6.976,34283283,239731570.26
2017-09-20,6.92,7.05,6.92,7.048,22277535,156076410.21
2017-09-21,7.043,7.048,6.953,6.966,26509913,185277781.96
2017-09-22,6.94,6.946,6.882,6.914,24404212,168730721.77
2017-09-25,6.9,6.92,6.822,6.83,30303200,207799143.47
2017-09-26,6.829,6.867,6.82,6.86,23767009,162780244.64
2017-09-27,6.86,6.937,6.859,6.922,22425162,154868168.77
2017-09-28,6.92,6.954,6.89,6.924,11774382,81510121.79
2017-09-29,6.924,6.973,6.922,6.966,14607980,101579023.59
2017-10-09,7.055,7.1,7.002,7.039,36069400,254181061.8
2017-10-10,7.05,7.066,7.012,7.062,18162600,127985788.0
2017-10-11,7.064,7.066,7.015,7.023,24802801,174479437.43
2017-10-12,7.018,7.034,6.972,7.01,19146900,134130416.8
2017-10-13,7.0,7.068,7.0,7.065,24153946,170148446.94
2017-10-16,7.07,7.07,6.961,6.963,34834698,243773216.6
2017-10-17,6.953,7.0,6.937,6.952,18615900,129622511.7
2017-10-18,6.958,6.976,6.908,6.917,22392100,155259357.37
2017-10-19,6.913,6.918,6.835,6.847,30186800,207282693.33
2017-10-20,6.828,6.919,6.823,6.916,31518317,217035130.86
2017-10-23,6.911,6.969,6.796,6.963,37787756,261088202.12
2017-10-24,6.958,6.96,6.905,6.956,29549256,205081686.39
2017-10-25,6.956,7.007,6.934,6.995,33662925,234922332.6
2017-10-26,6.99,7.047,6.97,7.007,28432800,199257062.4
2017-10-27,7.007,7.019,6.968,6.992,23286200,162840396.6
2017-10-30,6.983,6.984,6.814,6.849,36383888,250406045.18
2017-10-31,6.845,6.906,6.832,6.899,29064862,199937185.7
2017-11-01,6.898,6.937,6.879,6.882,28806062,198742623.76
2017-11-02,6.877,6.877,6.81,6.814,23190553,158476509.02
2017-11-03,6.816,6.838,6.727,6.754,29522000,199952506.0
2017-11-06,6.755,6.854,6.74,6.848,26288900,179132564.6
2017-11-07,6.848,6.889,6.83,6.888,28024400,192499603.6
2017-11-08,6.89,6.954,6.879,6.901,24644804,170328455.38
2017-11-09,6.901,6.959,6.901,6.958,22887878,158826614.73
2017-11-10,6.953,7.0,6.93,6.98,37735190,263014274.3
2017-11-13,6.983,7.012,6.966,7.011,36285963,253868692.47
2017-11-14,7.016,7.018,6.94,6.96,34970210,243835617.59
2017-11-15,6.949,6.95,6.852,6.875,23516500,162083556.83
2017-11-16,6.871,6.912,6.853,6.893,46156992,317837046.91
2017-11-17,6.893,6.896,6.695,6.71,38080480,257690608.16
2017-11-20,6.691,6.769,6.568,6.761,35924647,240671185.14
2017-11-21,6.761,6.806,6.722,6.789,30521053,206698744.6
2017-11-22,6.789,6.835,6.723,6.76,34604973,234367947.14
2017-11-23,6.756,6.76,6.587,6.592,31766700,211132077.1
2017-11-24,6.578,6.647,6.57,6.605,26930200,177936808.13
2017-11-27,6.6,6.616,6.515,6.517,20241800,132570295.47
2017-11-28,6.515,6.623,6.512,6.62,45668745,300728685.82
2017-11-29,6.623,6.673,6.564,6.641,44421573,294337342.7
2017-11-30,6.63,6.652,6.58,6.596,25754902,170222732.29
2017-12-01,6.6,6.668,6.591,6.641,33419412,221682099.6
2017-12-04,6.617,6.672,6.589,6.603,23172500,153432846.67
2017-12-05,6.581,6.606,6.427,6.459,43021700,279526325.47
2017-12-06,6.471,6.489,6.383,6.488,39193500,252928720.0
2017-12-07,6.47,6.505,6.445,6.449,31651375,204668341.21
2017-12-08,6.45,6.548,6.449,6.52,38480175,250339191.82
2017-12-11,6.535,6.62,6.535,6.616,21075800,138896547.27
2017-12-12,6.617,6.623,6.555,6.559,20274700,133387251.3
2017-12-13,6.56,6.618,6.548,6.616,20140385,132805698.69
2017-12-14,6.614,6.636,6.577,6.631,22731300,150359972.4
2017-12-15,6.632,6.639,6.541,6.578,20387100,134269440.6
2017-12-18,6.578,6.6,6.515,6.528,21133144,138372782.53
2017-12-19,6.532,6.586,6.532,6.579,24075696,158072994.7
2017-12-20,6.58,6.58,6.526,6.529,25776300,168705883.5
2017-12-21,6.511,6.599,6.486,6.566,48836414,319894790.5
2017-12-22,6.555,6.61,6.555,6.566,25533926,167936631.3
2017-12-25,6.58,6.59,6.496,6.506,31153322,203451961.54
2017-12-26,6.507,6.555,6.485,6.549,33593884,219356864.56
2017-12-27,6.548,6.559,6.483,6.489,25792440,167917381.88
2017-12-28,6.479,6.551,6.478,6.523,22459374,146375226.82
2017-12-29,6.523,6.59,6.523,6.589,23560639,154730569.86
2018-01-02,6.61,6.68,6.597,6.677,52574297,349689174.11
2018-01-03,6.679,6.735,6.667,6.72,35153371,235785377.09
2018-01-04,6.72,6.746,6.706,6.746,42853172,288516122.69
2018-01-05,6.747,6.773,6.722,6.758,29291646,197747902.15
2018-01-08,6.759,6.797,6.733,6.789,27850924,188634308.25
2018-01-09,6.785,6.787,6.761,6.783,23136391,156795321.81
2018-01-10,6.78,6.78,6.707,6.749,29333731,197865793.51
2018-01-11,6.73,6.775,6.711,6.765,20675600,139567191.87
2018-01-12,6.756,6.768,6.72,6.731,31859641,214723360.46
2018-01-15,6.715,6.727,6.57,6.587,42723621,283172159.99
2018-01-16,6.583,6.675,6.578,6.622,46468473,307853633.62
2018-01-17,6.623,6.625,6.526,6.584,60705837,399343231.06
2018-01-18,6.571,6.637,6.568,6.609,30954329,204443024.94
2018-01-19,6.601,6.648,6.582,6.59,34098045,225274417.3
2018-01-22,6.582,6.684,6.56,6.674,67773273,449969350.54
2018-01-23,6.68,6.705,6.657,6.683,42014348,280725868.55
2018-01-24,6.686,6.745,6.66,6.734,85139300,571540120.9
2018-01-25,6.736,6.763,6.722,6.724,56794653,382587714.16
2018-01-26,6.722,6.746,6.707,6.73,33198084,223345643.12
2018-01-29,6.725,6.75,6.63,6.643,49871300,332857679.97
2018-01-30,6.643,6.667,6.627,6.642,29313500,194797978.67
2018-01-31,6.622,6.622,6.498,6.501,44734937,292581399.63
2018-02-01,6.501,6.531,6.3,6.306,86419518,551270105.32
2018-02-02,6.29,6.32,6.149,6.303,126748873,793109947.99
2018-02-05,6.228,6.32,6.2,6.292,54141923,339505951.83
2018-02-06,6.19,6.232,5.996,6.007,82730988,502866522.06
2018-02-07,6.104,6.139,5.922,6.014,73521559,442967392.98
2018-02-08,6.014,6.096,5.981,6.067,67647730,409133471.04
2018-02-09,5.9,5.976,5.789,5.836,213036164,1249883174.19
2018-02-12,5.86,6.027,5.86,5.994,69840400,416272064.13
2018-02-13,6.01,6.084,6.01,6.031,36785753,222247257.71
2018-02-14,6.037,6.052,6.0,6.051,25854302,156013476.37
2018-02-22,6.089,6.179,6.087,6.177,38081232,234110720.59
2018-02-23,6.172,6.202,6.145,6.186,37525200,231818177.2
2018-02-26,6.22,6.359,6.215,6.353,87013099,548965641.59
2018-02-27,6.354,6.365,6.311,6.324,58036074,367561802.0
2018-02-28,6.275,6.367,6.256,6.326,52338721,330588808.08
2018-03-01,6.315,6.42,6.27,6.413,49266292,313711325.36
2018-03-02,6.385,6.405,6.361,6.382,35396428,225923601.11
2018-03-05,6.382,6.411,6.332,6.374,38000486,242151763.62
2018-03-06,6.383,6.462,6.377,6.46,45817387,294743250.57
2018-03-07,6.464,6.464,6.396,6.399,35923181,230614847.63
2018-03-08,6.393,6.46,6.38,6.457,32795421,210951079.68
2018-03-09,6.459,6.547,6.45,6.544,49539721,322685229.35
2018-03-12,6.577,6.622,6.55,6.615,134520400,887251718.27
2018-03-13,6.614,6.619,6.571,6.584,54905400,361899793.2
2018-03-14,6.571,6.585,6.494,6.5,58428131,381321458.95
2018-03-15,6.48,6.531,6.422,6.488,69543378,450664270.57
2018-03-16,6.493,6.527,6.45,6.452,35821788,231993839.68
2018-03-19,6.49,6.517,6.432,6.477,34477003,223250086.76
2018-03-20,6.416,6.497,6.37,6.48,39651836,255714690.36
2018-03-21,6.487,6.544,6.425,6.427,52800639,341373731.35
2018-03-22,6.436,6.474,6.38,6.426,33432174,214857438.24
2018-03-23,6.285,6.285,6.016,6.092,96858975,593842375.72
2018-03-26,6.022,6.229,5.974,6.214,154244176,946904996.46
2018-03-27,6.253,6.358,6.25,6.355,66326100,419247278.1
2018-03-28,6.26,6.334,6.26,6.283,72266550,454725221.45
2018-03-29,6.288,6.357,6.263,6.349,81165901,513211992.02
2018-03-30,6.364,6.444,6.364,6.433,82411621,528560666.55
2018-04-02,6.45,6.492,6.415,6.424,46329844,298534071.45
2018-04-03,6.349,6.388,6.317,6.373,49366038,313935090.99
2018-04-04,6.378,6.42,6.312,6.321,30739700,195227834.7
2018-04-09,6.315,6.39,6.26,6.331,41124301,260193452.43
2018-04-10,6.331,6.384,6.3,6.38,51305700,326030621.6
2018-04-11,6.389,6.43,6.383,6.391,47371000,303237561.33
2018-04-12,6.389,6.41,6.341,6.357,45791000,291658142.67
2018-04-13,6.384,6.408,6.317,6.336,46224682,293696221.2
2018-04-16,6.33,6.366,6.264,6.317,58466200,369253030.47
2018-04-17,6.327,6.357,6.194,6.204,61808377,386405370.21
2018-04-18,6.248,6.296,6.13,6.272,95134054,592938847.23
2018-04-19,6.271,6.356,6.265,6.302,55213277,348266946.89
2018-04-20,6.298,6.299,6.175,6.191,79026633,491677368.32
2018-04-23,6.198,6.227,6.059,6.124,72929100,447541577.0
2018-04-24,6.131,6.27,6.131,6.254,78169287,486082683.0
2018-04-25,6.245,6.274,6.229,6.26,41410225,258993350.56
2018-04-26,6.265,6.27,6.142,6.148,57702700,356987370.67
2018-04-27,6.182,6.196,6.118,6.175,66937903,412538296.19
2018-05-02,6.187,6.217,6.119,6.159,39106300,241090339.5
2018-05-03,6.124,6.23,6.079,6.219,85993900,531098326.4
2018-05-04,6.214,6.247,6.196,6.215,69513600,432328249.6
2018-05-07,6.218,6.347,6.218,6.335,60960197,384049241.1
2018-05-08,6.35,6.366,6.324,6.365,38340309,243524862.66
2018-05-09,6.369,6.369,6.321,6.34,36306100,230301694.33
2018-05-10,6.342,6.379,6.306,6.366,34778863,220857373.0
2018-05-11,6.373,6.377,6.305,6.316,31603974,200137432.68
2018-05-14,6.316,6.342,6.264,6.286,49510154,311781943.12
2018-05-15,6.29,6.349,6.275,6.346,69813784,441455827.49
2018-05-16,6.335,6.365,6.313,6.33,45710729,289623178.94
2018-05-17,6.33,6.338,6.28,6.29,48845700,307858165.2
2018-05-18,6.287,6.333,6.246,6.33,51729532,326051240.2
2018-05-21,6.349,6.418,6.349,6.401,87238433,557395427.91
2018-05-22,6.398,6.429,6.368,6.427,50605644,324280966.75
2018-05-23,6.423,6.423,6.335,6.342,72950352,464450574.4
2018-05-24,6.342,6.361,6.31,6.322,37393750,236739831.25
2018-05-25,6.323,6.323,6.226,6.238,47072233,294782013.79
2018-05-28,6.234,6.275,6.187,6.226,52179700,325044744.53
2018-05-29,6.219,6.254,6.138,6.148,47239000,291937020.0
2018-05-30,6.085,6.098,6.0,6.007,75082517,453122990.1
2018-05-31,6.039,6.092,5.996,6.078,71012578,430004830.65
2018-06-01,6.062,6.07,5.968,6.007,68508641,412079475.62
2018-06-04,6.02,6.039,5.971,6.006,48663600,292241139.2
2018-06-05,6.004,6.11,6.004,6.108,55014500,334158073.0
2018-06-06,6.105,6.108,6.074,6.102,100911669,615022985.33
2018-06-07,6.115,6.138,6.051,6.069,52557500,319864945.0
2018-06-08,6.06,6.061,5.96,5.995,71100800,426984004.27
2018-06-11,5.988,5.999,5.928,5.958,60837000,362689915.0
2018-06-12,5.961,6.019,5.918,6.007,77865634,465740312.17
2018-06-13,5.999,5.999,5.914,5.922,64825211,385385879.4
2018-06-14,5.91,5.962,5.886,5.912,72294800,427985216.0
2018-06-15,5.911,5.916,5.75,5.807,116896200,680842434.2
2018-06-19,5.735,5.735,5.353,5.439,200504788,1104580877.09
2018-06-20,5.418,5.518,5.387,5.487,144287955,788389386.12
2018-06-21,5.489,5.55,5.381,5.39,194023867,1055554511.1
2018-06-22,5.36,5.472,5.318,5.46,99100323,536793416.25
2018-06-25,5.49,5.507,5.406,5.41,74964126,407879809.57
2018-06-26,5.38,5.478,5.349,5.457,94854745,514871555.86
2018-06-27,5.457,5.491,5.375,5.383,76349675,413535289.69
2018-06-28,5.379,5.458,5.338,5.343,83640753,449959370.89
2018-06-29,5.36,5.541,5.35,5.531,134980805,738884926.57
2018-07-02,5.53,5.554,5.389,5.442,112568055,614809193.72
2018-07-03,5.447,5.519,5.352,5.499,178777076,975526911.37
2018-07-04,5.483,5.483,5.403,5.424,95240145,517788921.65
2018-07-05,5.418,5.428,5.277,5.28,100708204,536606880.31
2018-07-06,5.277,5.369,5.191,5.282,130992402,691727210.83
2018-07-09,5.306,5.42,5.305,5.418,81778747,440051437.61
2018-07-10,5.42,5.458,5.387,5.447,45262107,245803415.75
2018-07-11,5.353,5.38,5.279,5.344,269044591,1435173529.92
2018-07-12,5.343,5.511,5.343,5.5,152015316,828686159.29
2018-07-13,5.499,5.53,5.477,5.514,55388636,305025218.45
2018-07-16,5.517,5.541,5.476,5.52,69909853,385366413.02
2018-07-17,5.52,5.52,5.436,5.501,76582500,420106067.5
2018-07-18,5.51,5.547,5.471,5.475,58006069,318898032.01
2018-07-19,5.47,5.497,5.393,5.429,75206764,409099727.24
2018-07-20,5.403,5.518,5.392,5.496,118952434,650511210.73
2018-07-23,5.469,5.543,5.451,5.537,78743735,433904227.76
2018-07-24,5.544,5.653,5.539,5.63,198640408,1113842981.13
2018-07-25,5.629,5.661,5.615,5.631,66252193,373375275.68
2018-07-26,5.632,5.642,5.578,5.598,75990970,426005377.82
2018-07-27,5.583,5.613,5.543,5.569,78940448,440092997.6
2018-07-30,5.569,5.579,5.474,5.485,103340021,569679089.1
2018-07-31,5.484,5.538,5.46,5.497,69382824,381489893.96
2018-08-01,5.506,5.566,5.406,5.411,112105442,612207818.76
2018-08-02,5.402,5.409,5.181,5.286,162009628,857354951.38
2018-08-03,5.283,5.319,5.234,5.235,161706751,851008728.26
2018-08-06,5.226,5.238,5.098,5.125,177718578,915902311.49
2018-08-07,5.136,5.261,5.094,5.252,126154999,656300356.46
2018-08-08,5.231,5.243,5.16,5.185,89667193,465910734.83
2018-08-09,5.153,5.34,5.153,5.316,135136495,712124283.15
2018-08-10,5.295,5.346,5.293,5.338,69882600,372171433.4
2018-08-13,5.3,5.382,5.255,5.371,109147675,582411993.8
2018-08-14,5.36,5.364,5.314,5.344,53497609,285712897.13
2018-08-15,5.34,5.341,5.226,5.238,88391231,465674468.65
2018-08-16,5.2,5.25,5.108,5.192,82343814,426815435.9
2018-08-17,5.23,5.25,5.087,5.099,71381085,367279476.02
2018-08-20,5.1,5.141,5.038,5.128,142192335,725512690.62
2018-08-21,5.128,5.217,5.111,5.18,75999460,392866541.89
2018-08-22,5.185,5.185,5.13,5.146,54338360,280041794.65
2018-08-23,5.145,5.197,5.111,5.171,103325200,533123590.27
2018-08-24,5.15,5.186,5.123,5.152,65208200,336061326.73
2018-08-27,5.165,5.285,5.165,5.28,112263400,588634427.33
2018-08-28,5.286,5.295,5.255,5.286,76170953,402081070.57
2018-08-29,5.27,5.283,5.232,5.259,82912167,435952174.09
2018-08-30,5.254,5.26,5.171,5.18,94663947,492599625.54
2018-08-31,5.169,5.171,5.101,5.123,83379431,427875446.75
2018-09-03,5.114,5.148,5.055,5.147,136357700,697696898.33
2018-09-04,5.134,5.215,5.127,5.184,98788057,511261124.33
2018-09-05,5.173,5.189,5.113,5.117,91534364,470456119.51
2018-09-06,5.1,5.159,5.069,5.094,79586412,406474334.89
2018-09-07,5.107,5.181,5.05,5.086,118311230,604057703.3
2018-09-10,5.08,5.092,4.997,5.008,94976100,477951393.9
2018-09-11,5.011,5.04,4.967,5.001,114344900,572029419.73
2018-09-12,5.001,5.033,4.971,4.985,76407600,381757838.8
2018-09-13,5.034,5.08,4.944,5.013,176106357,882703763.4
2018-09-14,5.02,5.029,4.958,4.96,101234449,504383769.73
2018-09-17,4.94,4.94,4.875,4.9,80851000,396574155.0
2018-09-18,4.886,4.984,4.871,4.972,119347522,589855236.23
2018-09-19,4.958,5.075,4.95,5.031,154691237,776343754.76
2018-09-20,5.035,5.063,5.02,5.03,78530410,395610028.78
2018-09-21,5.036,5.128,5.017,5.126,189855273,966426624.66
2018-09-25,5.087,5.117,5.07,5.098,106233400,541259173.0
2018-09-26,5.092,5.159,5.08,5.108,150793768,771410652.5
2018-09-27,5.107,5.12,5.046,5.055,111871757,567600004.43
2018-09-28,5.056,5.124,5.04,5.122,123692119,630252577.01
2018-10-08,5.01,5.045,4.936,4.942,119599894,594929739.39
2018-10-09,4.946,4.98,4.905,4.927,79845412,394223414.18
2018-10-10,4.93,4.959,4.876,4.926,101184493,497861433.72
2018-10-11,4.795,4.796,4.526,4.554,244432247,1130580619.79
2018-10-12,4.547,4.571,4.407,4.536,185587500,836009825.0
2018-10-15,4.55,4.592,4.451,4.458,112069238,504348927.41
2018-10-16,4.459,4.486,4.338,4.375,126112697,554853829.23
2018-10-17,4.425,4.435,4.305,4.394,249564300,1092592505.4
2018-10-18,4.369,4.369,4.281,4.297,186617600,805379355.73
2018-10-19,4.268,4.407,4.22,4.386,228357916,990540520.3
2018-10-22,4.5,4.681,4.45,4.642,486818671,2234984518.56
2018-10-23,4.642,4.66,4.498,4.53,281637569,1285018348.16
2018-10-24,4.517,4.579,4.48,4.517,184014390,832726452.88
2018-10-25,4.39,4.523,4.352,4.516,192358234,858623037.16
2018-10-26,4.524,4.577,4.477,4.494,202106503,912712967.55
2018-10-29,4.503,4.505,4.412,4.44,118077018,525718243.14
2018-10-30,4.424,4.522,4.36,4.481,197381801,879204335.59
2018-10-31,4.487,4.588,4.477,4.549,278927432,1265772686.42
2018-11-01,4.595,4.664,4.577,4.581,346834202,1597980780.01
2018-11-02,4.73,4.79,4.653,4.75,1014457348,4799397713.39
2018-11-05,4.725,4.763,4.64,4.726,316484961,1490538671.32
2018-11-06,4.7,4.735,4.656,4.735,189818508,893792081.34
2018-11-07,4.736,4.78,4.688,4.69,212492311,1002822046.38
2018-11-08,4.729,4.734,4.656,4.659,205644909,963035108.85
2018-11-09,4.641,4.687,4.63,4.661,112752040,525349338.37
2018-11-12,4.652,4.796,4.645,4.783,334144810,1584291925.81
2018-11-13,4.73,4.908,4.722,4.878,402841555,1948141759.98
2018-11-14,4.866,4.915,4.835,4.856,187244604,911631562.01
2018-11-15,4.852,4.944,4.848,4.942,210941412,1036003588.14
2018-11-16,4.95,5.022,4.914,4.972,307571731,1528426455.25
2018-11-19,4.965,4.997,4.911,4.974,341385423,1693499288.36
2018-11-20,4.928,4.953,4.831,4.842,336110100,1638648774.2
2018-11-21,4.778,4.878,4.77,4.853,282225472,1364183856.49
2018-11-22,4.863,4.894,4.822,4.853,199804354,970316544.48
2018-11-23,4.842,4.848,4.642,4.647,332088775,1564913004.06
2018-11-26,4.656,4.704,4.629,4.656,257388827,1200204100.3
2018-11-27,4.68,4.708,4.653,4.68,117253652,548786175.91
2018-11-28,4.682,4.751,4.621,4.749,169061200,795771068.4
2018-11-29,4.775,4.804,4.64,4.653,168583350,792173161.65
2018-11-30,4.645,4.686,4.59,4.679,201917102,939251052.8
2018-12-03,4.807,4.85,4.767,4.828,395213627,1902953614.0
2018-12-04,4.82,4.858,4.8,4.847,171474476,829079091.46
2018-12-05,4.781,4.856,4.764,4.815,207541912,998622499.91
2018-12-06,4.775,4.787,4.702,4.711,202636714,959147112.93
2018-12-07,4.716,4.739,4.705,4.712,78465300,370251595.6
2018-12-10,4.688,4.699,4.645,4.654,172151922,803260868.05
2018-12-11,4.669,4.711,4.664,4.704,114685125,538217291.62
2018-12-12,4.72,4.734,4.69,4.693,117721876,553959907.83
2018-12-13,4.71,4.798,4.685,4.763,210488184,999538223.09
2018-12-14,4.753,4.755,4.65,4.66,216646324,1015710182.35
2018-12-17,4.632,4.657,4.584,4.635,222530162,1029276175.97
2018-12-18,4.61,4.65,4.555,4.601,242985961,1118221392.52
2018-12-19,4.604,4.615,4.531,4.534,209166131,953797557.36
2018-12-20,4.532,4.574,4.518,4.562,193670700,881459912.6
2018-12-21,4.547,4.563,4.496,4.538,176744014,801062786.12
2018-12-24,4.53,4.585,4.511,4.577,176646439,805095586.82
2018-12-25,4.531,4.555,4.413,4.517,260457960,1170758530.2
2018-12-26,4.511,4.545,4.477,4.501,135033039,608683928.8
2018-12-27,4.569,4.57,4.435,4.445,160823021,721023210.82
2018-12-28,4.455,4.493,4.436,4.451,189348527,844494430.42
2019-01-02,4.46,4.463,4.406,4.409,166923453,738803202.98
2019-01-03,4.415,4.482,4.392,4.398,183914473,813637628.55
2019-01-04,4.368,4.521,4.363,4.518,254576194,1137276717.33
2019-01-07,4.535,4.609,4.512,4.596,239327406,1094284676.03
2019-01-08,4.589,4.598,4.563,4.586,128922100,590764036.23
2019-01-09,4.6,4.67,4.58,4.583,376330192,1735258515.31
2019-01-10,4.581,4.632,4.575,4.591,172069405,791404550.06
2019-01-11,4.59,4.629,4.562,4.615,176402485,811804235.97
2019-01-14,4.616,4.631,4.578,4.591,105994389,487574189.4
2019-01-15,4.59,4.666,4.57,4.655,233933253,1083188939.14
2019-01-16,4.655,4.68,4.631,4.647,157690819,733682817.2
2019-01-17,4.649,4.66,4.604,4.61,149442058,691119704.23
2019-01-18,4.615,4.668,4.596,4.659,223273926,1036214290.57
2019-01-21,4.666,4.713,4.657,4.676,215688989,1009855846.5
2019-01-22,4.669,4.67,4.586,4.608,183242628,846825264.86
2019-01-23,4.595,4.628,4.589,4.613,118288888,545311773.68
2019-01-24,4.614,4.68,4.588,4.645,187058732,867516046.11
2019-01-25,4.642,4.674,4.619,4.622,159482896,739734832.61
2019-01-28,4.65,4.687,4.596,4.606,203399149,941670260.15
2019-01-29,4.599,4.599,4.481,4.545,278111653,1263090424.04
2019-01-30,4.522,4.572,4.511,4.512,181134945,820843192.42
2019-01-31,4.513,4.548,4.444,4.483,318174895,1429135570.04
2019-02-01,4.496,4.619,4.496,4.618,371672637,1701393441.31
2019-02-11,4.62,4.721,4.618,4.718,288553426,1352065169.76
2019-02-12,4.717,4.77,4.71,4.743,268320920,1272109481.72
2019-02-13,4.745,4.851,4.732,4.83,314794921,1512379732.12
2019-02-14,4.829,4.883,4.81,4.85,196993919,954960854.67
2019-02-15,4.834,4.866,4.806,4.816,228703418,1104485039.99
2019-02-18,4.84,5.01,4.84,5.006,326717444,1617904782.69
2019-02-19,5.01,5.051,4.931,4.984,326264588,1627625274.67
2019-02-20,4.99,4.998,4.936,4.974,223735547,1111816511.56
2019-02-21,4.979,5.089,4.958,4.979,309515229,1550258610.32
2019-02-22,4.981,5.14,4.969,5.136,230195773,1169778186.46
2019-02-25,5.218,5.484,5.176,5.479,595989229,3206223388.94
2019-02-26,5.47,5.514,5.351,5.406,455191989,2468809617.67
2019-02-27,5.399,5.446,5.302,5.363,375673754,2017493283.56
2019-02-28,5.362,5.419,5.333,5.368,245779834,1320656974.69
2019-03-01,5.391,5.44,5.32,5.432,331426930,1788821616.85
2019-03-04,5.45,5.618,5.45,5.506,377900297,2087773174.16
2019-03-05,5.496,5.671,5.482,5.666,314258466,1761837713.22
2019-03-06,5.687,5.8,5.608,5.777,590164355,3380658146.89
2019-03-07,5.779,5.906,5.55,5.824,499921366,2879547068.16
2019-03-08,5.651,5.848,5.621,5.632,587409386,3348429303.33
2019-03-11,5.642,5.842,5.642,5.838,461636347,2665488267.58
2019-03-12,5.873,5.976,5.837,5.933,435696136,2577287876.49
2019-03-13,5.925,5.927,5.755,5.793,516345904,3007714890.8
2019-03-14,5.74,5.798,5.61,5.658,326108898,1855124817.76
2019-03-15,5.686,5.801,5.669,5.72,336945935,1930700207.55
2019-03-18,5.742,5.906,5.701,5.903,299743991,1749505760.8
2019-03-19,5.907,5.938,5.858,5.892,194370808,1146010283.97
2019-03-20,5.883,5.907,5.779,5.893,262808773,1539971806.86
2019-03-21,5.895,6.035,5.893,5.958,303876923,1811714214.93
2019-03-22,5.965,6.025,5.88,6.022,283093535,1691672600.65
2019-03-25,5.909,6.01,5.909,5.935,265888237,1582389527.8
2019-03-26,5.961,5.97,5.74,5.757,401397053,2337067441.58
2019-03-27,5.794,5.833,5.715,5.828,272990710,1581162192.32
2019-03-28,5.804,5.865,5.741,5.746,209228992,1210180489.73
2019-03-29,5.748,5.95,5.725,5.942,461334484,2709109868.21
2019-04-01,5.984,6.181,5.983,6.177,307362219,1879110152.89
2019-04-02,6.25,6.251,6.14,6.172,306902827,1899012392.53
2019-04-03,6.14,6.271,6.134,6.244,246671073,1533389613.46
2019-04-04,6.279,6.312,6.213,6.301,241418379,1514980801.02
2019-04-08,6.345,6.358,6.156,6.23,331775699,2072934567.35
2019-04-09,6.221,6.278,6.195,6.257,240895738,1503992390.91
2019-04-10,6.23,6.325,6.168,6.242,237363041,1482332191.04
2019-04-11,6.241,6.264,6.13,6.136,237349000,1466025656.67
2019-04-12,6.13,6.152,6.068,6.12,193151897,1180801930.33
2019-04-15,6.198,6.226,6.031,6.039,289308505,1764396135.83
2019-04-16,6.009,6.188,5.97,6.182,320674990,1960393105.53
2019-04-17,6.183,6.243,6.143,6.193,235493829,1458413283.0
2019-04-18,6.192,6.219,6.152,6.172,143048327,884181709.19
2019-04-19,6.163,6.228,6.097,6.225,197516079,1221307755.15
2019-04-22,6.225,6.225,6.103,6.123,169462020,1042247910.34
2019-04-23,6.108,6.119,5.998,6.008,183496770,1108626318.75
2019-04-24,6.014,6.085,5.954,6.067,288996622,1744190945.98
2019-04-25,6.037,6.053,5.846,5.851,255666582,1512693943.5
2019-04-26,5.848,5.882,5.795,5.797,276571752,1610938264.82
2019-04-29,5.8,5.81,5.625,5.654,503165914,2866200768.12
2019-04-30,5.637,5.731,5.621,5.672,323936105,1838229417.17
2019-05-06,5.451,5.5,5.211,5.254,654542204,3483255428.95
2019-05-07,5.308,5.34,5.231,5.3,398092437,2106041689.21
2019-05-08,5.21,5.388,5.191,5.277,301532528,1593699921.32
2019-05-09,5.25,5.302,5.22,5.239,308382109,1620136806.65
2019-05-10,5.297,5.43,5.174,5.416,471972640,2520333897.6
2019-05-13,5.331,5.378,5.314,5.337,306399588,1637092998.68
2019-05-14,5.305,5.365,5.3,5.316,204404455,1088862531.78
2019-05-15,5.348,5.448,5.345,5.422,221233064,1195764710.92
2019-05-16,5.419,5.482,5.401,5.471,460587080,2510813702.11
2019-05-17,5.474,5.485,5.269,5.3,223198504,1194409594.41
2019-05-20,5.276,5.309,5.18,5.26,252038504,1323118133.17
2019-05-21,5.262,5.391,5.26,5.348,277184745,1478226245.08
2019-05-22,5.345,5.362,5.28,5.331,186764368,994395750.02
2019-05-23,5.31,5.317,5.213,5.228,201600559,1058940536.24
2019-05-24,5.224,5.246,5.183,5.199,250534325,1305116810.37
2019-05-27,5.204,5.34,5.18,5.312,347584711,1834320381.52
2019-05-28,5.316,5.357,5.288,5.301,251180484,1335107999.29
2019-05-29,5.29,5.35,5.273,5.303,288352229,1530765866.35
2019-05-30,5.28,5.292,5.215,5.287,169899152,894462402.23
2019-05-31,5.271,5.338,5.252,5.261,178132961,941195188.27
2019-06-03,5.283,5.31,5.199,5.22,193354481,1013757543.88
2019-06-04,5.21,5.216,5.124,5.15,280570303,1448677997.82
2019-06-05,5.191,5.201,5.129,5.132,202701838,1044725273.05
2019-06-06,5.133,5.133,5.015,5.017,275440989,1392354199.4
2019-06-10,5.032,5.112,5.01,5.07,252470240,1278509295.36
2019-06-11,5.071,5.281,5.07,5.28,330204435,1720475174.5
2019-06-12,5.265,5.281,5.211,5.224,231975146,1215240464.85
2019-06-13,5.211,5.265,5.196,5.241,175663403,919422251.3
2019-06-14,5.241,5.259,5.15,5.162,199727432,1036651947.89
2019-06-17,5.159,5.188,5.135,5.16,180592935,932040137.54
2019-06-18,5.162,5.183,5.12,5.148,185409578,954921129.89
2019-06-19,5.285,5.315,5.211,5.214,592526809,3108790657.89
2019-06-20,5.21,5.363,5.195,5.323,530399074,2807755898.06
2019-06-21,5.421,5.43,5.366,5.392,606518217,3272772298.93
2019-06-24,5.397,5.406,5.356,5.391,272751885,1468587066.14
2019-06-25,5.386,5.387,5.267,5.338,353411830,1883920661.79
2019-06-26,5.3,5.368,5.294,5.337,181824837,969671855.72
2019-06-27,5.342,5.417,5.342,5.383,255815707,1376459047.46
2019-06-28,5.371,5.375,5.296,5.332,250967059,1338741948.39
2019-07-01,5.438,5.494,5.395,5.479,385353374,2102488008.54
2019-07-02,5.467,5.48,5.443,5.46,290243223,1585018240.8
2019-07-03,5.448,5.448,5.411,5.429,226757706,1231143171.78
2019-07-04,5.432,5.46,5.376,5.406,182081068,985786902.15
2019-07-05,5.4,5.447,5.382,5.433,157921208,856038228.17
2019-07-08,5.405,5.41,5.229,5.241,300278119,1589472176.57
2019-07-09,5.24,5.265,5.213,5.247,192216576,1007535219.2
2019-07-10,5.256,5.275,5.205,5.217,181537807,949866318.83
2019-07-11,5.233,5.289,5.187,5.219,197118036,1031255858.34
2019-07-12,5.209,5.255,5.2,5.243,151953042,795119617.77
2019-07-15,5.237,5.346,5.151,5.301,375232419,1975973918.45
2019-07-16,5.288,5.321,5.284,5.314,157810627,837395790.4
2019-07-17,5.308,5.339,5.292,5.304,138857575,737565152.54
2019-07-18,5.286,5.288,5.228,5.229,154124352,808895974.08
2019-07-19,5.242,5.31,5.241,5.261,240311546,1266602055.12
2019-07-22,5.259,5.273,5.143,5.161,249802771,1297059254.62
2019-07-23,5.161,5.209,5.16,5.199,158735568,823731774.21
2019-07-24,5.216,5.291,5.216,5.248,230397853,1209972724.67
2019-07-25,5.243,5.285,5.239,5.273,171707752,904155786.11
2019-07-26,5.26,5.293,5.243,5.285,160504873,846449198.58
2019-07-29,5.283,5.305,5.25,5.28,135147716,713354694.29
2019-07-30,5.281,5.359,5.279,5.311,177625519,944316467.51
2019-07-31,5.3,5.318,5.281,5.298,181791141,963311256.16
2019-08-01,5.277,5.293,5.238,5.261,181265211,954180070.7
2019-08-02,5.153,5.196,5.141,5.19,282148526,1460306721.07
2019-08-05,5.166,5.217,5.131,5.134,284471768,1468063970.73
2019-08-06,5.051,5.065,4.926,5.013,529542094,2648416526.13
2019-08-07,5.037,5.045,4.988,4.991,217489808,1089188958.46
2019-08-08,5.01,5.033,4.999,5.019,209379713,1050458020.12
2019-08-09,5.036,5.055,4.965,4.972,223631889,1117563093.3
2019-08-12,4.98,5.065,4.96,5.062,187148115,941167870.34
2019-08-13,5.016,5.035,4.998,5.029,140069457,703242053.78
2019-08-14,5.079,5.113,5.049,5.052,216111052,1095971181.71
2019-08-15,4.957,5.09,4.953,5.076,255955777,1289931797.49
2019-08-16,5.07,5.132,5.07,5.091,236471427,1205452511.04
2019-08-19,5.133,5.282,5.133,5.279,267122688,1397407821.82
2019-08-20,5.279,5.313,5.251,5.257,199911100,1054264504.37
2019-08-21,5.256,5.281,5.241,5.266,147056768,773910751.06
2019-08-22,5.273,5.281,5.24,5.272,213504440,1123958540.31
2019-08-23,5.271,5.296,5.247,5.275,147818196,779396074.78
2019-08-26,5.209,5.253,5.176,5.238,215612538,1126000544.28
2019-08-27,5.259,5.383,5.259,5.316,262011535,1393726691.84
2019-08-28,5.315,5.336,5.294,5.314,142028530,754834294.11
2019-08-29,5.321,5.35,5.297,5.329,171667707,914187762.34
2019-08-30,5.358,5.379,5.259,5.285,165904484,880565699.58
2019-09-02,5.284,5.432,5.278,5.408,221797186,1191642347.98
2019-09-03,5.41,5.439,5.394,5.438,181958064,986879886.45
2019-09-04,5.434,5.524,5.422,5.519,245198929,1345733455.33
2019-09-05,5.54,5.63,5.534,5.554,407125449,2268774418.79
2019-09-06,5.562,5.588,5.527,5.57,181952722,1011960388.86
2019-09-09,5.607,5.678,5.576,5.676,259246352,1463013579.79
2019-09-10,5.673,5.685,5.62,5.671,219585425,1242560724.93
2019-09-11,5.676,5.702,5.62,5.648,188001288,1063460619.12
2019-09-12,5.65,5.689,5.618,5.663,177187574,1002291043.59
2019-09-16,5.69,5.702,5.642,5.665,202531111,1148283889.0
2019-09-17,5.65,5.65,5.535,5.547,215373752,1201211206.15
2019-09-18,5.548,5.574,5.537,5.551,157999231,877527728.97
2019-09-19,5.552,5.605,5.531,5.601,165664655,924243110.24
2019-09-20,5.605,5.631,5.589,5.61,198002305,1110792931.05
2019-09-23,5.601,5.601,5.534,5.587,210583552,1173792718.85
2019-09-24,5.579,5.663,5.576,5.589,238504244,1337849806.01
2019-09-25,5.561,5.564,5.497,5.501,197300755,1089231701.44
2019-09-26,5.511,5.516,5.373,5.376,301471058,1634475586.12
2019-09-27,5.385,5.431,5.383,5.401,170192274,919889240.97
2019-09-30,5.401,5.42,5.302,5.325,161983474,866449602.43
2019-10-08,5.342,5.398,5.334,5.337,165871787,888464581.77
2019-10-09,5.327,5.391,5.3,5.384,180234269,965755291.39
2019-10-10,5.381,5.455,5.37,5.443,191568081,1038809847.24
2019-10-11,5.452,5.486,5.407,5.471,229142730,1249897211.24
2019-10-14,5.496,5.569,5.495,5.533,213599007,1181700906.39
2019-10-15,5.515,5.517,5.458,5.466,125132283,685766621.6
2019-10-16,5.475,5.5,5.432,5.434,132125116,720786549.49
2019-10-17,5.432,5.458,5.422,5.435,109710288,596641116.24
2019-10-18,5.436,5.465,5.347,5.36,168493813,908293981.28
2019-10-21,5.356,5.356,5.3,5.35,158439671,845328458.01
2019-10-22,5.356,5.418,5.349,5.4,176435459,950810688.55
2019-10-23,5.406,5.411,5.347,5.368,119101079,640207999.98
2019-10-24,5.365,5.373,5.322,5.358,178278126,953966252.23
2019-10-25,5.359,5.409,5.309,5.403,211373031,1135848210.92
2019-10-28,5.452,5.479,5.425,5.477,316163387,1726357480.82
2019-10-29,5.478,5.478,5.406,5.41,168480788,915075319.89
2019-10-30,5.392,5.394,5.337,5.343,188791734,1011546110.77
2019-10-31,5.347,5.364,5.307,5.315,140070068,746386702.35
2019-11-01,5.308,5.372,5.29,5.366,201120229,1074518343.47
2019-11-04,5.363,5.414,5.362,5.381,204197790,1099741231.01
2019-11-05,5.383,5.454,5.366,5.421,234251652,1268160360.04
2019-11-06,5.415,5.429,5.346,5.374,208792712,1123931168.7
2019-11-07,5.365,5.43,5.36,5.409,181696321,981099567.96
2019-11-08,5.445,5.464,5.385,5.389,222267652,1203060711.06
2019-11-11,5.36,5.361,5.26,5.265,246202004,1303721678.51
2019-11-12,5.268,5.283,5.21,5.268,207023828,1087634184.37
2019-11-13,5.267,5.274,5.237,5.268,139473952,733586496.2
2019-11-14,5.259,5.313,5.258,5.299,160482608,848952996.32
2019-11-15,5.299,5.335,5.262,5.267,142394247,752980778.14
2019-11-18,5.26,5.303,5.248,5.286,134863692,711945430.07
2019-11-19,5.286,5.376,5.28,5.371,211123239,1127890717.15
2019-11-20,5.373,5.388,5.334,5.337,235109667,1258542047.45
2019-11-21,5.325,5.368,5.31,5.345,124276379,663760140.24
2019-11-22,5.345,5.427,5.267,5.29,262720558,1399775133.02
2019-11-25,5.287,5.31,5.245,5.294,177313510,936747273.33
2019-11-26,5.3,5.319,5.266,5.276,185333761,979859594.41
2019-11-27,5.262,5.338,5.26,5.3,179507782,951271572.75
2019-11-28,5.294,5.317,5.273,5.29,144138426,762972734.96
2019-11-29,5.288,5.311,5.238,5.29,254598930,1344197484.09
2019-12-02,5.301,5.334,5.28,5.307,172702354,916531392.68
2019-12-03,5.28,5.331,5.262,5.33,193068434,1024742891.53
2019-12-04,5.303,5.333,5.295,5.319,146774814,780205986.29
2019-12-05,5.331,5.386,5.323,5.369,218991793,1173650015.95
2019-12-06,5.37,5.423,5.355,5.421,188782140,1019360628.62
2019-12-09,5.424,5.449,5.409,5.433,197144693,1070561397.89
2019-12-10,5.422,5.469,5.405,5.458,172732995,940358424.78
2019-12-11,5.454,5.459,5.412,5.437,130742700,710717317.2
2019-12-12,5.436,5.461,5.419,5.426,166155626,903111212.52
2019-12-13,5.47,5.514,5.446,5.5,293350843,1609518291.93
2019-12-16,5.501,5.597,5.497,5.587,272809205,1516910116.2
2019-12-17,5.587,5.701,5.58,5.675,279860880,1581773693.76
2019-12-18,5.664,5.71,5.655,5.67,206543825,1172824686.29
2019-12-19,5.67,5.698,5.652,5.684,162971230,925350643.94
2019-12-20,5.684,5.701,5.618,5.628,249263934,1408091963.17
2019-12-23,5.607,5.621,5.494,5.499,280311200,1552363425.6
2019-12-24,5.509,5.589,5.506,5.582,200703484,1115710667.56
2019-12-25,5.574,5.617,5.57,5.607,216038540,1209383746.92
2019-12-26,5.6,5.652,5.588,5.649,186077613,1047554935.32
2019-12-27,5.655,5.689,5.602,5.604,172350875,970622677.71
2019-12-30,5.593,5.687,5.551,5.682,211761491,1194334809.24
2019-12-31,5.671,5.712,5.656,5.705,171681372,977038688.05
2020-01-02,5.758,5.829,5.723,5.813,235580946,1363621042.43
2020-01-03,5.813,5.846,5.8,5.824,154494095,899670613.22
2020-01-06,5.808,5.948,5.795,5.89,222249582,1306308959.8
2020-01-07,5.888,5.968,5.888,5.966,212656332,1263320382.97
2020-01-08,5.928,5.962,5.865,5.883,252513668,1490672353.43
2020-01-09,5.928,5.958,5.907,5.957,234513632,1393167316.5
2020-01-10,5.97,5.98,5.901,5.932,203424198,1207865079.66
2020-01-13,5.935,6.035,5.892,6.031,203544158,1218415329.79
2020-01-14,6.036,6.055,5.999,6.005,188056821,1132039376.81
2020-01-15,5.997,6.008,5.946,5.987,175765410,1051135740.27
2020-01-16,5.99,6.015,5.971,5.995,194691753,1166917470.23
2020-01-17,6.002,6.019,5.945,5.961,259836027,1552520261.32
2020-01-20,5.97,6.063,5.951,6.061,169553372,1021559066.3
2020-01-21,6.04,6.044,5.964,5.99,294904487,1769230319.01
2020-01-22,5.96,6.074,5.885,6.036,273195453,1638717392.24
2020-01-23,5.977,6.013,5.764,5.811,413019100,2421393310.27
2020-02-03,5.345,5.383,5.3,5.339,658579876,3517255591.09
2020-02-04,5.339,5.448,5.284,5.429,538783507,2902426752.21
2020-02-05,5.432,5.6,5.42,5.546,315353183,1741380276.53
2020-02-06,5.56,5.738,5.507,5.711,294271997,1663225327.04
2020-02-07,5.705,5.769,5.664,5.766,225738702,1294159978.57
2020-02-10,5.746,5.824,5.721,5.822,279428915,1617613988.94
2020-02-11,5.82,5.837,5.761,5.796,207675711,1204103772.38
2020-02-12,5.786,5.915,5.775,5.914,192313456,1128495359.81
2020-02-13,5.905,5.925,5.845,5.861,205385234,1207049020.22
2020-02-14,5.84,5.925,5.822,5.868,212284489,1246463757.91
2020-02-17,5.894,6.07,5.894,6.067,392756054,2360594803.22
2020-02-18,6.07,6.12,6.029,6.116,406552117,2475224805.67
2020-02-19,6.114,6.135,6.056,6.067,272591808,1658993743.49
2020-02-20,6.069,6.195,6.041,6.181,269701609,1655698177.65
2020-02-21,6.165,6.312,6.162,6.279,300260500,1876928385.5
2020-02-24,6.256,6.366,6.218,6.337,306151706,1930898809.74
2020-02-25,6.237,6.395,6.114,6.379,309840665,1950756826.84
2020-02-26,6.298,6.356,6.201,6.217,285042733,1783797423.11
2020-02-27,6.225,6.297,6.166,6.215,255470796,1590561175.9
2020-02-28,6.061,6.103,5.898,5.906,545497528,3256074744.63
2020-03-02,5.955,6.153,5.955,6.122,381856987,2320417624.34
2020-03-03,6.22,6.301,6.11,6.164,384821186,2382684509.98
2020-03-04,6.122,6.19,6.061,6.184,185403286,1139303192.47
2020-03-05,6.27,6.282,6.199,6.263,142731645,891787317.96
2020-03-06,6.191,6.283,6.19,6.227,127934958,797461238.2
2020-03-09,6.13,6.16,5.99,5.997,183693381,1111161261.67
2020-03-10,5.94,6.135,5.873,6.13,321857462,1945950215.25
2020-03-11,6.147,6.166,6.038,6.04,320678902,1950155296.03
2020-03-12,5.968,6.012,5.902,5.962,162425397,967838798.92
2020-03-13,5.702,5.967,5.66,5.919,360606036,2109064502.55
2020-03-16,5.928,5.93,5.615,5.632,269151344,1541070878.63
2020-03-17,5.699,5.768,5.482,5.643,367579385,2069839516.94
2020-03-18,5.669,5.77,5.543,5.558,274965429,1546313917.55
2020-03-19,5.56,5.62,5.427,5.608,366553988,2034985556.71
2020-03-20,5.637,5.658,5.555,5.649,218906088,1230398151.95
2020-03-23,5.5,5.552,5.395,5.423,355027699,1937267810.88
2020-03-24,5.517,5.546,5.375,5.5,312137091,1708534390.44
2020-03-25,5.611,5.652,5.574,5.633,278112397,1562898967.01
2020-03-26,5.6,5.646,5.577,5.579,181738606,1017857352.67
2020-03-27,5.64,5.655,5.551,5.555,148102724,827449918.99
2020-03-30,5.5,5.5,5.389,5.448,273437238,1489048052.4
2020-03-31,5.495,5.505,5.437,5.448,219647858,1200009464.21
2020-04-01,5.435,5.529,5.423,5.428,180707148,986661028.08
2020-04-02,5.416,5.593,5.409,5.589,238759529,1320419781.88
2020-04-03,5.554,5.576,5.497,5.522,200825900,1110901936.83
2020-04-07,5.619,5.703,5.618,5.686,232462227,1317828364.86
2020-04-08,5.665,5.724,5.655,5.703,154870671,881833600.67
2020-04-09,5.729,5.775,5.721,5.756,150588450,865983979.8
2020-04-10,5.75,5.75,5.625,5.652,238116465,1351469683.19
2020-04-13,5.611,5.626,5.568,5.594,179363900,1003720384.4
2020-04-14,5.618,5.721,5.617,5.714,169009514,960650077.58
2020-04-15,5.715,5.754,5.697,5.703,159437530,911663796.54
2020-04-16,5.685,5.774,5.675,5.748,160913500,922409819.83
2020-04-17,5.782,5.824,5.737,5.755,219937352,1269478395.74
2020-04-20,5.755,5.819,5.746,5.817,156233879,905219094.93
2020-04-21,5.792,5.792,5.713,5.78,232796686,1341296905.84
2020-04-22,5.73,5.839,5.728,5.834,177294404,1028366641.33
2020-04-23,5.835,5.846,5.794,5.804,103852078,603865216.21
2020-04-24,5.782,5.8,5.698,5.718,185429332,1064117126.57
2020-04-27,5.717,5.751,5.687,5.698,144975905,828102369.36
2020-04-28,5.698,5.699,5.531,5.654,248550600,1398842776.8
2020-04-29,5.65,5.7,5.637,5.665,151913947,860946975.63
2020-04-30,5.688,5.823,5.688,5.807,224323705,1294945974.4
2020-05-06,5.77,5.913,5.756,5.897,218484888,1279301847.54
2020-05-07,5.897,5.917,5.866,5.89,219270842,1291724530.22
2020-05-08,5.922,5.991,5.913,5.965,201498100,1200189849.63
2020-05-11,5.969,6.015,5.917,5.942,242520903,1444939540.07
2020-05-12,5.935,5.966,5.896,5.957,296580700,1761590497.77
2020-05-13,5.949,5.998,5.925,5.988,181636818,1084432349.07
2020-05-14,5.969,5.987,5.943,5.957,105288532,627765323.96
2020-05-15,5.958,6.013,5.95,5.968,206094940,1231829456.38
2020-05-18,5.974,5.992,5.916,5.937,136333749,810958583.64
2020-05-19,5.97,6.007,5.963,6.004,111359004,667188912.63
2020-05-20,5.996,6.004,5.938,5.957,167472999,999199736.37
2020-05-21,5.961,5.975,5.878,5.886,128992674,762733681.36
2020-05-22,5.864,5.885,5.766,5.785,217581298,1264582503.98
2020-05-25,5.782,5.801,5.743,5.761,140951624,813055951.11
2020-05-26,5.795,5.875,5.783,5.869,211395210,1235041281.89
2020-05-27,5.874,5.875,5.808,5.832,230830742,1347666815.38
2020-05-28,5.827,5.856,5.75,5.816,147257950,855176001.63
2020-05-29,5.792,5.871,5.791,5.864,144381000,843473802.0
2020-06-01,5.901,6.064,5.901,6.061,184966412,1111401514.24
2020-06-02,6.08,6.085,6.023,6.055,109653300,663877629.3
2020-06-03,6.07,6.099,6.042,6.045,156634119,949516029.38
2020-06-04,6.062,6.073,6.023,6.056,135571300,820296745.87
2020-06-05,6.056,6.075,6.023,6.07,85836800,519827660.8
2020-06-08,6.095,6.12,6.047,6.057,105238481,639288692.58
2020-06-09,6.058,6.11,6.042,6.093,116606228,709160209.95
2020-06-10,6.093,6.105,6.063,6.101,102457427,623931577.95
2020-06-11,6.101,6.18,6.05,6.09,143250031,874780189.31
2020-06-12,5.99,6.127,5.984,6.091,191241804,1160327772.14
2020-06-15,6.085,6.158,6.078,6.084,235523000,1438260453.33
2020-06-16,6.127,6.197,6.127,6.194,143456389,885508470.5
2020-06-17,6.209,6.255,6.191,6.244,166932900,1039991967.0
2020-06-18,6.243,6.268,6.222,6.26,181171800,1132323750.0
2020-06-19,6.26,6.33,6.251,6.306,207345754,1305379751.93
2020-06-22,6.303,6.349,6.294,6.302,203239017,1283454392.36
2020-06-23,6.302,6.334,6.271,6.33,199014515,1256113280.51
2020-06-24,6.331,6.352,6.3,6.331,135311755,856207681.72
2020-06-29,6.325,6.325,6.271,6.303,164061309,1033531559.6
2020-06-30,6.313,6.428,6.313,6.396,228522400,1457744389.6
2020-07-01,6.414,6.429,6.358,6.424,225911200,1446660021.07
2020-07-02,6.422,6.554,6.403,6.539,232724398,1512398287.8
2020-07-03,6.544,6.629,6.524,6.626,306299839,2019434838.53
2020-07-06,6.675,6.99,6.675,6.941,546028000,3750484322.67
2020-07-07,7.012,7.126,6.925,7.01,446169618,3132259441.57
2020-07-08,6.994,7.171,6.97,7.15,262289837,1861470973.19
2020-07-09,7.143,7.354,7.13,7.341,259071352,1884744085.8
2020-07-10,7.304,7.404,7.281,7.33,259532341,1904534829.04
2020-07-13,7.337,7.567,7.337,7.563,222480782,1666158576.4
2020-07-14,7.558,7.558,7.315,7.463,333273985,2481335909.65
2020-07-15,7.462,7.512,7.238,7.307,357515198,2628570907.43
2020-07-16,7.296,7.376,6.909,6.942,391618121,2770959284.82
2020-07-17,6.942,7.062,6.889,6.947,314846950,2193223853.7
2020-07-20,7.02,7.156,6.95,7.151,369576426,2618695362.49
2020-07-21,7.168,7.228,7.129,7.191,196781114,1413413148.16
2020-07-22,7.183,7.365,7.157,7.261,227122377,1649135579.4
2020-07-23,7.2,7.278,7.051,7.253,230264721,1656524402.87
2020-07-24,7.231,7.239,6.881,6.909,299099197,2096585671.24
2020-07-27,6.92,6.964,6.841,6.905,211283502,1458560442.14
2020-07-28,6.955,7.009,6.916,6.976,204811400,1426921023.8
2020-07-29,6.936,7.184,6.93,7.174,214342518,1520974507.73
2020-07-30,7.178,7.214,7.128,7.149,210045925,1504698991.39
2020-07-31,7.147,7.28,7.085,7.224,272478144,1960843550.27
2020-08-03,7.268,7.399,7.249,7.398,236460959,1737672767.37
2020-08-04,7.401,7.417,7.321,7.354,177469888,1306888255.23
2020-08-05,7.355,7.449,7.294,7.424,166667303,1231504701.87
2020-08-06,7.425,7.46,7.305,7.443,139651040,1033790098.77
2020-08-07,7.421,7.425,7.227,7.35,144752058,1061611593.37
2020-08-10,7.31,7.437,7.29,7.385,121800225,897748858.4
2020-08-11,7.366,7.425,7.237,7.252,116414373,850368189.97
2020-08-12,7.22,7.24,7.029,7.16,203621518,1454468503.07
2020-08-13,7.179,7.23,7.15,7.193,152941400,1099801607.4
2020-08-14,7.194,7.299,7.153,7.295,237864703,1724281232.05
2020-08-17,7.293,7.412,7.261,7.399,231784333,1705314599.33
2020-08-18,7.396,7.483,7.395,7.452,175601741,1307062292.18
2020-08-19,7.451,7.452,7.321,7.326,144387054,1063603168.78
2020-08-20,7.331,7.335,7.23,7.254,157090254,1142517417.34
2020-08-21,7.265,7.354,7.241,7.297,142654200,1040995248.8
2020-08-24,7.32,7.355,7.233,7.336,148708000,1086758064.0
2020-08-25,7.35,7.403,7.282,7.299,136988050,1003848430.4
2020-08-26,7.291,7.316,7.141,7.176,199363500,1437610198.5
2020-08-27,7.176,7.244,7.137,7.24,164500889,1185557907.02
2020-08-28,7.228,7.372,7.192,7.363,276657892,2022092532.63
2020-08-31,7.387,7.44,7.323,7.326,233102129,1716330975.83
2020-09-01,7.31,7.38,7.301,7.378,146722814,1078852851.34
2020-09-02,7.382,7.405,7.295,7.373,296361358,2180528085.04
2020-09-03,7.369,7.403,7.308,7.333,138537536,1017973814.53
2020-09-04,7.252,7.299,7.207,7.283,182195378,1323285030.41
2020-09-07,7.264,7.339,7.101,7.131,212880331,1530680540.0
2020-09-08,7.139,7.204,7.085,7.176,166566703,1191784759.97
2020-09-09,7.103,7.125,6.951,6.997,218144664,1532320834.82
2020-09-10,7.033,7.052,6.842,6.877,277807225,1923444623.49
2020-09-11,6.837,6.95,6.829,6.935,225017650,1553671867.37
2020-09-14,6.977,7.007,6.92,6.988,237733600,1657399414.67
2020-09-15,6.972,7.03,6.957,7.016,139830700,978954730.7
2020-09-16,7.017,7.017,6.96,6.994,126420200,883719338.07
2020-09-17,6.97,7.064,6.927,7.009,186641100,1306487700.0
2020-09-18,7.0,7.139,6.99,7.136,204693300,1450934341.5
2020-09-21,7.13,7.162,7.073,7.085,275273900,1956279849.33
2020-09-22,7.045,7.121,6.967,6.997,187729200,1319423394.0
2020-09-23,7.001,7.052,6.99,7.031,123994982,870982085.23
2020-09-24,6.985,6.995,6.868,6.895,262511363,1816403624.38
2020-09-25,6.896,6.924,6.838,6.874,179343023,1233640874.21
2020-09-28,6.89,6.9,6.793,6.81,163228352,1115556967.02
2020-09-29,6.83,6.922,6.814,6.86,228557372,1569122544.57
2020-09-30,6.865,6.901,6.764,6.813,231523438,1580378987.79
2020-10-09,6.918,7.02,6.918,6.99,194360600,1355859545.6
2020-10-12,7.04,7.208,7.038,7.204,172304955,1231980428.25
2020-10-13,7.185,7.216,7.132,7.206,195127200,1401923889.6
2020-10-14,7.196,7.2,7.156,7.174,143471830,1029649499.97
2020-10-15,7.164,7.19,7.117,7.12,152188557,1086981403.61
2020-10-16,7.131,7.138,7.028,7.081,149833963,1061174070.62
2020-10-19,7.12,7.149,6.985,7.012,298790681,2106075913.48
2020-10-20,6.996,7.077,6.968,7.07,145243730,1022273786.32
2020-10-21,7.06,7.078,6.963,7.012,166724193,1170014811.74
2020-10-22,6.99,6.999,6.901,6.968,157866672,1098120570.43
2020-10-23,6.952,7.019,6.841,6.854,184918927,1276803551.29
2020-10-26,6.848,6.881,6.752,6.848,187374910,1279208510.57
2020-10-27,6.814,6.865,6.803,6.846,116466578,796398460.36
2020-10-28,6.846,6.892,6.791,6.886,131240500,899828614.83
2020-10-29,6.818,6.933,6.805,6.896,168306098,1157609342.04
2020-10-30,6.895,6.939,6.731,6.74,213661569,1453610874.43
2020-11-02,6.745,6.799,6.73,6.764,142314000,962659334.0
2020-11-03,6.791,6.886,6.773,6.87,150107660,1027186717.38
2020-11-04,6.87,6.896,6.803,6.869,195165900,1338057410.4
2020-11-05,6.921,7.019,6.901,7.005,177194260,1235929963.5
2020-11-06,7.005,7.016,6.884,6.953,171816643,1194297485.49
2020-11-09,6.98,7.114,6.979,7.067,257066673,1813176933.56
2020-11-10,7.094,7.094,6.972,7.019,240201100,1688213397.83
2020-11-11,7.0,7.031,6.933,6.934,101307651,705709096.87
2020-11-12,6.939,6.993,6.93,6.957,100846712,701893115.52
2020-11-13,6.938,6.967,6.877,6.959,148898161,1032509481.09
2020-11-16,6.972,7.04,6.94,7.039,133739399,937022809.19
2020-11-17,7.033,7.035,6.955,6.992,117455940,821486844.36
2020-11-18,6.988,7.047,6.96,6.986,160776300,1125058955.3
2020-11-19,6.975,7.035,6.934,7.025,125874686,880871052.63
2020-11-20,7.0,7.098,7.0,7.084,164162576,1159097228.28
2020-11-23,7.086,7.198,7.056,7.137,207425116,1479010218.79
2020-11-24,7.135,7.16,7.122,7.135,135984797,970795465.78
2020-11-25,7.152,7.163,7.01,7.021,122020400,862033452.53
2020-11-26,7.02,7.029,6.948,7.0,167207508,1169170631.77
2020-11-27,7.002,7.031,6.922,7.029,146789400,1026645063.6
2020-11-30,7.03,7.07,6.956,6.977,210418769,1473141801.77
2020-12-01,6.967,7.113,6.961,7.089,164333452,1159262948.23
2020-12-02,7.091,7.112,7.047,7.095,215723475,1528328912.55
2020-12-03,7.093,7.138,7.046,7.119,193693240,1375415697.24
2020-12-04,7.1,7.148,7.063,7.145,130509600,929054339.2
2020-12-07,7.142,7.151,7.074,7.093,186785200,1327295631.2
2020-12-08,7.087,7.126,7.079,7.084,134522790,954618558.77
2020-12-09,7.09,7.1,6.967,6.974,217341728,1524362432.95
2020-12-10,6.939,7.019,6.926,6.986,122083308,851775239.92
2020-12-11,6.989,7.013,6.833,6.872,181707600,1254872685.6
2020-12-14,6.872,6.928,6.833,6.923,120117724,828171667.74
2020-12-15,6.908,6.941,6.887,6.93,158752450,1098461119.03
2020-12-16,6.93,6.94,6.879,6.904,90996731,628575085.5
2020-12-17,6.9,6.998,6.856,6.988,205467047,1427448064.52
2020-12-18,6.98,7.005,6.929,6.964,194707800,1356334534.8
2020-12-21,6.961,7.093,6.957,7.075,193841262,1364965553.25
2020-12-22,7.071,7.071,6.92,6.939,214560882,1496919753.42
2020-12-23,6.94,7.021,6.912,6.976,185766700,1294731976.77
2020-12-24,6.973,6.975,6.872,6.888,192571324,1330988801.05
2020-12-25,6.866,6.967,6.861,6.953,221940500,1537381843.5
2020-12-28,6.942,6.969,6.887,6.91,213992792,1481258106.22
2020-12-29,6.914,6.97,6.865,6.88,210953240,1456632122.2
2020-12-30,6.873,6.974,6.856,6.937,166217263,1150611300.24
2020-12-31,6.959,7.054,6.947,7.043,206703505,1449956186.41
2021-01-04,7.063,7.2,7.031,7.163,303586188,2164974302.02
2021-01-05,7.151,7.242,7.128,7.226,202600128,1458450788.1
2021-01-06,7.229,7.284,7.162,7.218,140420832,1014025634.82
2021-01-07,7.205,7.27,7.166,7.248,106788286,771865731.21
2021-01-08,7.249,7.309,7.181,7.266,135134031,979991992.81
2021-01-11,7.258,7.27,7.11,7.154,152274023,1093022937.09
2021-01-12,7.133,7.249,7.131,7.242,177810008,1281535997.66
2021-01-13,7.241,7.248,7.157,7.196,148317955,1067938715.32
2021-01-14,7.182,7.222,7.1,7.145,146024609,1044903427.13
2021-01-15,7.138,7.15,7.038,7.119,216835419,1540037424.21
2021-01-18,7.093,7.226,7.089,7.205,148955190,1068505229.6
2021-01-19,7.205,7.23,7.149,7.166,113151400,812615637.67
2021-01-20,7.163,7.242,7.147,7.231,101734930,733169728.87
2021-01-21,7.24,7.36,7.24,7.333,132738543,970451487.87
2021-01-22,7.318,7.356,7.27,7.343,165306665,1210540707.8
2021-01-25,7.34,7.428,7.302,7.355,85514400,629528508.0
2021-01-26,7.318,7.327,7.225,7.243,113718700,826166355.5
2021-01-27,7.228,7.265,7.186,7.261,128610515,930797167.23
2021-01-28,7.192,7.22,7.103,7.124,237666105,1699074984.64
2021-01-29,7.139,7.162,6.93,7.024,277564767,1953685873.32
2021-02-01,7.022,7.081,7.017,7.073,104476410,737290025.37
2021-02-02,7.075,7.144,7.043,7.14,212865909,1513263747.08
2021-02-03,7.14,7.172,7.097,7.098,182317021,1298522595.9
2021-02-04,7.07,7.095,6.932,7.021,352282842,2471616419.47
2021-02-05,7.019,7.06,6.91,6.916,192155680,1337787844.16
2021-02-08,6.919,7.031,6.89,6.999,206341801,1438890158.97
2021-02-09,6.995,7.158,6.995,7.141,270969386,1923340701.83
2021-02-10,7.15,7.239,7.104,7.222,320010681,2300343445.26
2021-02-18,7.36,7.4,7.26,7.329,129660263,950366507.7
2021-02-19,7.317,7.443,7.253,7.434,187731541,1384833000.78
2021-02-22,7.459,7.55,7.362,7.365,207532100,1541064197.23
2021-02-23,7.329,7.425,7.323,7.345,233291082,1718033291.54
2021-02-24,7.325,7.39,7.186,7.251,345054177,2510499173.79
2021-02-25,7.295,7.318,7.172,7.215,171878036,1243537590.46
2021-02-26,7.103,7.152,7.031,7.056,244962690,1734254190.97
2021-03-01,7.08,7.184,7.08,7.181,182203500,1302451352.5
2021-03-02,7.203,7.21,7.081,7.125,277071870,1977923722.64
2021-03-03,7.108,7.224,7.108,7.22,156887688,1127081150.59
2021-03-04,7.19,7.19,7.067,7.098,281260600,2002106704.33
2021-03-05,7.034,7.146,7.01,7.109,276802389,1962067600.7
2021-03-08,7.136,7.198,6.928,6.939,301916473,2119956834.58
2021-03-09,6.928,6.945,6.699,6.783,512332799,3488474028.39
2021-03-10,6.825,6.859,6.703,6.712,245439861,1658682580.64
2021-03-11,6.712,6.895,6.688,6.892,242314823,1653798666.98
2021-03-12,6.9,6.908,6.793,6.897,220141804,1511493626.26
2021-03-15,6.855,6.904,6.778,6.852,217457396,1488423389.82
2021-03-16,6.85,6.901,6.794,6.855,187772098,1286238871.3
2021-03-17,6.841,6.908,6.777,6.895,165368029,1134424678.94
2021-03-18,6.895,6.988,6.895,6.946,161466286,1121060423.7
2021-03-19,6.879,6.938,6.839,6.889,152577009,1051052156.0
2021-03-22,6.878,6.991,6.878,6.978,175103416,1216793637.78
2021-03-23,6.979,6.993,6.861,6.898,201276983,1392299983.74
2021-03-24,6.85,6.911,6.806,6.823,216643331,1483284672.91
2021-03-25,6.793,6.869,6.775,6.839,213913543,1460530367.09
2021-03-26,6.841,6.946,6.839,6.928,194791358,1344904466.08
2021-03-29,6.935,6.953,6.88,6.928,254911044,1764069394.83
2021-03-30,6.923,6.966,6.885,6.953,150081947,1040768275.13
2021-03-31,6.944,6.952,6.865,6.943,187868100,1300047252.0
2021-04-01,6.938,7.012,6.914,6.991,134136008,935240959.78
2021-04-02,7.0,7.026,6.968,7.007,123722940,866101820.98
2021-04-06,7.021,7.069,7.0,7.021,142058315,998669954.45
2021-04-07,7.027,7.035,6.962,7.032,157780486,1105988613.36
2021-04-08,7.025,7.075,6.987,7.053,155170692,1092143053.86
2021-04-09,7.037,7.058,6.998,7.029,88679278,623267525.54
2021-04-12,7.016,7.029,6.886,6.915,258647480,1795875669.47
2021-04-13,6.899,6.943,6.877,6.893,164238300,1133955969.3
2021-04-14,6.892,6.98,6.892,6.956,165268400,1147403411.73
2021-04-15,6.946,6.972,6.889,6.963,164508280,1141906807.57
2021-04-16,6.982,7.052,6.963,7.05,250504279,1758957545.71
2021-04-19,7.039,7.138,7.012,7.122,176484342,1251391641.01
2021-04-20,7.109,7.169,7.102,7.136,153398059,1094597416.34
2021-04-21,7.106,7.142,7.068,7.117,91202060,648355444.54
2021-04-22,7.133,7.175,7.12,7.143,171741285,1227263222.61
2021-04-23,7.141,7.18,7.108,7.178,90258642,645830669.72
2021-04-26,7.173,7.266,7.141,7.148,157553156,1132019425.86
2021-04-27,7.146,7.178,7.108,7.146,131264795,937755695.48
2021-04-28,7.144,7.204,7.101,7.198,99783463,715214601.63
2021-04-29,7.197,7.212,7.157,7.2,101260641,728030255.24
2021-04-30,7.197,7.221,7.131,7.211,111541290,801721612.09
2021-05-06,7.206,7.27,7.147,7.188,131262527,945308965.28
2021-05-07,7.197,7.25,7.15,7.157,196154800,1409503007.87
2021-05-10,7.158,7.215,7.143,7.179,114024323,818580614.82
2021-05-11,7.147,7.187,7.05,7.159,105718956,753987594.19
2021-05-12,7.143,7.251,7.12,7.238,105808744,762140383.03
2021-05-13,7.197,7.218,7.14,7.158,142518844,1022145149.17
2021-05-14,7.168,7.272,7.139,7.269,213762900,1544793224.0
2021-05-17,7.269,7.349,7.26,7.306,166605400,1217052447.0
2021-05-18,7.306,7.34,7.293,7.326,143633628,1051350279.08
2021-05-19,7.317,7.323,7.27,7.314,89006000,649951480.67
2021-05-20,7.311,7.32,7.23,7.287,96625535,703337269.26
2021-05-21,7.286,7.31,7.241,7.259,94146656,684446189.12
2021-05-24,7.257,7.309,7.215,7.28,93870536,682251055.65
2021-05-25,7.279,7.382,7.262,7.358,143092578,1049440967.05
2021-05-26,7.363,7.38,7.348,7.369,237980386,1752884196.48
2021-05-27,7.363,7.434,7.352,7.43,205001117,1518101605.09
2021-05-28,7.432,7.468,7.392,7.427,168917019,1254884534.15
2021-05-31,7.43,7.483,7.41,7.479,151591375,1130467413.83
2021-06-01,7.473,7.498,7.4,7.491,256856150,1916917447.45
2021-06-02,7.487,7.502,7.42,7.445,155209467,1157190049.46
2021-06-03,7.438,7.505,7.421,7.43,108616278,809408503.66
2021-06-04,7.402,7.5,7.381,7.465,102809517,765793822.29
2021-06-07,7.479,7.494,7.439,7.485,167151100,1249064453.27
2021-06-08,7.48,7.53,7.416,7.458,109660614,818945465.35
2021-06-09,7.445,7.472,7.421,7.451,88413900,658506727.2
2021-06-10,7.455,7.552,7.438,7.546,97362600,731387851.2
2021-06-11,7.543,7.557,7.494,7.509,96334600,724436192.0
2021-06-15,7.509,7.519,7.408,7.418,103354700,769820257.17
2021-06-16,7.418,7.421,7.306,7.328,157019393,1154354237.54
2021-06-17,7.313,7.385,7.313,7.373,117427100,863911174.7
2021-06-18,7.373,7.5,7.354,7.447,185972600,1382458317.53
2021-06-21,7.429,7.505,7.407,7.476,133986706,999898124.64
2021-06-22,7.498,7.533,7.461,7.52,114269746,857556353.81
2021-06-23,7.529,7.596,7.502,7.581,109760602,829753564.25
2021-06-24,7.581,7.581,7.527,7.554,197224137,1489831130.9
2021-06-25,7.544,7.635,7.533,7.614,185650114,1409826965.72
2021-06-28,7.614,7.649,7.594,7.619,73763072,562123784.02
2021-06-29,7.619,7.631,7.537,7.561,175747800,1331523915.4
2021-06-30,7.563,7.62,7.551,7.598,138942200,1054524983.93
2021-07-01,7.618,7.622,7.505,7.513,130414194,984192450.72
2021-07-02,7.498,7.515,7.438,7.449,122699956,916241471.44
2021-07-05,7.45,7.508,7.449,7.494,102173500,764632416.17
2021-07-06,7.494,7.533,7.42,7.493,112133612,838983684.98
2021-07-07,7.45,7.565,7.438,7.561,109479500,823431812.67
2021-07-08,7.569,7.598,7.54,7.55,95578799,722830597.24
2021-07-09,7.549,7.622,7.488,7.615,109497740,829445380.5
2021-07-12,7.653,7.75,7.644,7.723,150685523,1161132411.73
2021-07-13,7.723,7.804,7.703,7.796,79816980,619991694.98
2021-07-14,7.792,7.807,7.722,7.745,180517200,1400452437.6
2021-07-15,7.732,7.774,7.666,7.763,143485500,1109764685.5
2021-07-16,7.745,7.833,7.745,7.774,105126958,818308241.07
2021-07-19,7.721,7.78,7.699,7.73,119229197,922396811.06
2021-07-20,7.69,7.75,7.674,7.739,133709300,1032369505.3
2021-07-21,7.752,7.848,7.752,7.837,154411565,1206314616.3
2021-07-22,7.84,7.88,7.809,7.871,77479658,608473580.83
2021-07-23,7.883,7.916,7.821,7.856,123595068,971992813.11
2021-07-26,7.84,7.857,7.622,7.711,257485992,1990366718.16
2021-07-27,7.707,7.772,7.552,7.564,371804919,2836623662.02
2021-07-28,7.503,7.541,7.353,7.45,491958965,3664110371.32
2021-07-29,7.55,7.596,7.502,7.577,305729701,2310806990.06
2021-07-30,7.542,7.606,7.52,7.601,155307400,1176557093.27
2021-08-02,7.599,7.712,7.559,7.704,290894540,2227767352.17
2021-08-03,7.698,7.711,7.633,7.65,243342438,1865138673.12
2021-08-04,7.648,7.766,7.635,7.763,305581100,2359493533.47
2021-08-05,7.747,7.787,7.707,7.754,147339828,1141785440.45
2021-08-06,7.755,7.792,7.726,7.79,72139544,560476163.85
2021-08-09,7.766,7.837,7.731,7.821,139844438,1090273853.46
2021-08-10,7.812,7.88,7.799,7.874,88742522,696717540.22
2021-08-11,7.873,7.94,7.851,7.934,86332576,682746788.53
2021-08-12,7.921,7.991,7.894,7.965,95917532,762544379.4
2021-08-13,7.96,7.998,7.923,7.967,83980765,668710838.11
2021-08-16,7.968,7.983,7.907,7.927,108385612,860473373.67
2021-08-17,7.915,7.933,7.729,7.752,303183006,2366242300.83
2021-08-18,7.747,7.808,7.715,7.785,195859314,1521696296.9
2021-08-19,7.772,7.829,7.705,7.802,178231064,1386400036.5
2021-08-20,7.78,7.81,7.695,7.768,160613196,1245983636.84
2021-08-23,7.782,7.89,7.782,7.88,156961552,1232252824.23
2021-08-24,7.91,7.973,7.859,7.963,113246129,898230546.52
2021-08-25,7.96,8.03,7.921,8.027,84265916,673509377.95
2021-08-26,8.024,8.05,7.98,7.993,82913720,663945431.85
2021-08-27,7.98,8.068,7.962,8.054,63410819,509062054.93
2021-08-30,8.07,8.152,8.058,8.11,88320674,715986263.89
2021-08-31,8.107,8.145,8.032,8.142,77576839,628863715.88
2021-09-01,8.15,8.161,7.98,8.073,103970537,839180860.97
2021-09-02,8.063,8.228,8.047,8.219,88628063,723618591.71
2021-09-03,8.25,8.3,8.124,8.177,134993400,1106990877.8
2021-09-06,8.181,8.25,8.123,8.248,95676763,785219193.94
2021-09-07,8.237,8.434,8.235,8.429,92762400,776050238.4
2021-09-08,8.429,8.486,8.414,8.483,106798668,903623529.95
2021-09-09,8.472,8.568,8.451,8.557,77663401,662106381.33
2021-09-10,8.548,8.62,8.494,8.554,126715368,1084176688.61
2021-09-13,8.53,8.599,8.49,8.583,121626014,1040794343.8
2021-09-14,8.58,8.649,8.465,8.488,120353264,1027094754.98
2021-09-15,8.454,8.569,8.448,8.524,79344200,675510070.73
2021-09-16,8.53,8.6,8.363,8.369,132568026,1119404411.54
2021-09-17,8.344,8.404,8.186,8.301,259416993,2152382790.92
2021-09-22,8.178,8.386,8.178,8.383,136639832,1136251296.3
2021-09-23,8.407,8.461,8.371,8.429,148214172,1248012732.96
2021-09-24,8.429,8.429,8.295,8.304,346604286,2891604023.34
2021-09-27,8.303,8.325,8.025,8.075,463798435,3776092258.29
2021-09-28,8.058,8.112,8.043,8.08,157008699,1268368606.75
2021-09-29,8.045,8.047,7.865,7.898,364022904,2889128448.08
2021-09-30,7.905,7.981,7.905,7.969,262826121,2089905705.48
2021-10-08,8.048,8.078,7.916,7.958,212365346,1695524922.46
2021-10-11,7.95,7.993,7.907,7.951,175498183,1395269054.24
2021-10-12,7.951,7.954,7.75,7.798,311929265,2443653862.01
2021-10-13,7.788,7.854,7.742,7.833,169501640,1323751307.85
2021-10-14,7.805,7.885,7.79,7.862,177033625,1388946810.54
2021-10-15,7.862,7.909,7.831,7.902,208097894,1639950136.65
2021-10-18,7.88,7.93,7.835,7.926,275347268,2174417375.4
2021-10-19,7.926,7.997,7.9,7.988,203465095,1619921264.69
2021-10-20,7.943,8.028,7.927,7.985,168310059,1343114270.82
2021-10-21,7.98,8.019,7.926,7.964,135962806,1083578242.88
2021-10-22,7.954,7.982,7.893,7.903,120600257,955877636.98
2021-10-25,7.888,7.972,7.875,7.969,96502483,766101045.04
2021-10-26,7.976,8.028,7.946,7.981,163049381,1301949307.28
2021-10-27,7.96,7.974,7.876,7.91,87803472,695403498.24
2021-10-28,7.896,7.909,7.796,7.816,262940598,2061541935.19
2021-10-29,7.815,7.897,7.784,7.895,145154979,1140724594.97
2021-11-01,7.867,7.955,7.86,7.925,100476779,795106244.49
2021-11-02,7.911,7.98,7.785,7.848,325497499,2561990814.63
2021-11-03,7.835,7.908,7.83,7.874,151930920,1195797627.68
2021-11-04,7.881,7.943,7.881,7.938,95018417,752609208.25
2021-11-05,7.925,7.947,7.867,7.873,180422000,1424551971.33
2021-11-08,7.854,7.912,7.842,7.897,126152774,994546419.29
2021-11-09,7.92,7.957,7.891,7.947,153938927,1220992255.99
2021-11-10,7.94,7.94,7.814,7.927,234654700,1852285983.57
2021-11-11,7.917,7.996,7.909,7.993,134918085,1074757465.11
2021-11-12,8.0,8.053,7.993,8.037,86699901,695997905.26
2021-11-15,8.033,8.076,7.955,7.978,108952300,871945256.9
2021-11-16,7.974,8.007,7.915,7.924,99828700,793505060.07
2021-11-17,7.925,7.974,7.911,7.971,115984300,922307153.6
2021-11-18,7.966,8.016,7.929,7.97,172207500,1372780787.5
2021-11-19,7.96,8.075,7.957,8.065,218135800,1752139457.53
2021-11-22,8.08,8.145,8.075,8.135,236192300,1917487822.17
2021-11-23,8.125,8.185,8.118,8.154,154757600,1261635541.07
2021-11-24,8.139,8.18,8.121,8.147,86213638,702583673.94
2021-11-25,8.145,8.161,8.126,8.142,85899600,699480442.8
2021-11-26,8.096,8.156,8.08,8.119,104424051,847749254.04
2021-11-29,8.05,8.132,8.034,8.127,161553699,1308208003.27
2021-11-30,8.134,8.177,8.096,8.143,130397116,1061258661.42
2021-12-01,8.137,8.188,8.117,8.185,76842116,627287806.95
2021-12-02,8.171,8.181,8.11,8.136,93137168,758353867.58
2021-12-03,8.127,8.219,8.122,8.212,81143718,664107236.02
2021-12-06,8.206,8.237,8.133,8.147,142015362,1160596876.72
2021-12-07,8.17,8.182,8.05,8.097,91115988,738920290.68
2021-12-08,8.099,8.217,8.099,8.216,103214074,844015887.79
2021-12-09,8.201,8.254,8.19,8.224,84403556,694022306.47
2021-12-10,8.193,8.241,8.193,8.221,146940668,1207607389.85
2021-12-13,8.22,8.268,8.204,8.239,95180240,783999636.88
2021-12-14,8.211,8.25,8.206,8.219,70397100,579016147.5
2021-12-15,8.207,8.251,8.194,8.209,71984806,591571135.71
2021-12-16,8.209,8.288,8.205,8.284,109520500,904529809.5
2021-12-17,8.284,8.285,8.21,8.226,208529600,1718353413.87
2021-12-20,8.19,8.219,8.086,8.097,412665000,3356617110.0
2021-12-21,8.088,8.191,8.088,8.158,200207775,1630825799.22
2021-12-22,8.17,8.217,8.156,8.192,139304500,1140671680.83
2021-12-23,8.206,8.26,8.181,8.238,106863569,879095339.78
2021-12-24,8.237,8.237,8.155,8.19,278000482,2277935949.51
2021-12-27,8.174,8.233,8.161,8.172,275041806,2252225668.73
2021-12-28,8.177,8.19,8.13,8.178,197008200,1608768961.2
2021-12-29,8.174,8.186,8.139,8.157,208935143,1705050056.98
2021-12-30,8.144,8.225,8.143,8.216,219143125,1795804861.67
2021-12-31,8.216,8.281,8.215,8.258,194781943,1607210739.01
2022-01-04,8.285,8.289,8.207,8.265,206224800,1702110757.6
2022-01-05,8.26,8.26,8.091,8.103,284058967,2315459326.34
2022-01-06,8.058,8.126,8.043,8.113,204276853,1653416848.18
2022-01-07,8.115,8.145,8.061,8.072,191615562,1550680871.41
2022-01-10,8.055,8.086,8.011,8.073,90091782,725839456.98
2022-01-11,8.078,8.096,8.003,8.026,155784803,1252769457.46
2022-01-12,8.03,8.088,8.03,8.081,100738500,812590320.5
2022-01-13,8.085,8.092,7.981,7.991,208807739,1674916477.1
2022-01-14,7.95,8.015,7.935,7.953,224377600,1787765924.27
2022-01-17,7.953,8.059,7.952,8.032,175248381,1404498941.46
2022-01-18,8.035,8.072,8.002,8.046,137528331,1105727781.24
2022-01-19,8.04,8.076,7.959,8.0,252890610,2026075270.45
2022-01-20,7.998,8.025,7.915,7.937,297617399,2368736878.64
2022-01-21,7.93,7.933,7.836,7.853,442061200,3480789888.8
2022-01-24,7.805,7.876,7.786,7.843,185072620,1450043977.7
2022-01-25,7.828,7.837,7.579,7.586,306011159,2346289559.77
2022-01-26,7.6,7.638,7.561,7.614,216979460,1649984140.33
2022-01-27,7.608,7.614,7.419,7.432,237543289,1778803329.13
2022-01-28,7.46,7.509,7.306,7.381,378712500,2801967550.0
2022-02-07,7.45,7.522,7.45,7.487,328461760,2458974222.61
2022-02-08,7.494,7.58,7.415,7.576,157123862,1182147563.07
2022-02-09,7.589,7.689,7.565,7.68,172917000,1321892826.0
2022-02-10,7.674,7.707,7.639,7.679,143512857,1101461177.47
2022-02-11,7.656,7.686,7.574,7.587,194082600,1478068387.4
2022-02-14,7.545,7.612,7.501,7.522,246839000,1862400255.0
2022-02-15,7.529,7.594,7.508,7.588,215562930,1630374293.9
2022-02-16,7.619,7.629,7.578,7.604,178419800,1356644685.93
2022-02-17,7.599,7.645,7.556,7.606,149608480,1137373534.45
2022-02-18,7.58,7.68,7.567,7.674,157798958,1205636638.77
2022-02-21,7.675,7.716,7.661,7.708,162720527,1252134455.27
2022-02-22,7.665,7.667,7.57,7.622,164161399,1250855139.91
2022-02-23,7.622,7.735,7.622,7.735,224145117,1725319680.59
2022-02-24,7.702,7.742,7.523,7.602,329318100,2510172330.9
2022-02-25,7.659,7.755,7.642,7.656,239998357,1844227374.64
2022-02-28,7.66,7.7,7.604,7.695,157855723,1210174591.09
2022-03-01,7.706,7.739,7.673,7.715,199772700,1540047744.3
2022-03-02,7.697,7.725,7.661,7.718,141174813,1087234293.18
2022-03-03,7.756,7.762,7.679,7.709,150953486,1164857733.63
2022-03-04,7.662,7.733,7.627,7.656,161602800,1239816681.6
2022-03-07,7.64,7.64,7.447,7.481,209924400,1579191286.4
2022-03-08,7.481,7.489,7.201,7.204,464711820,3391466862.36
2022-03-09,7.23,7.26,6.812,7.079,628344697,4430039562.08
2022-03-10,7.18,7.261,7.16,7.192,402996071,2903318027.51
2022-03-11,7.106,7.298,7.04,7.294,299120037,2156854880.13
2022-03-14,7.225,7.299,7.101,7.103,313472120,2246863665.45
2022-03-15,7.053,7.08,6.682,6.684,569013890,3878019331.65
2022-03-16,6.793,6.956,6.533,6.919,603900324,4108132604.06
2022-03-17,7.0,7.156,6.97,7.032,348103213,2455055926.88
2022-03-18,7.001,7.113,6.983,7.104,220402493,1557510950.53
2022-03-21,7.12,7.167,7.046,7.131,421916171,3001792917.94
2022-03-22,7.117,7.195,7.081,7.133,147859811,1055176897.9
2022-03-23,7.156,7.219,7.128,7.181,122081593,876057511.37
2022-03-24,7.142,7.173,7.095,7.126,107459871,766332160.06
2022-03-25,7.124,7.16,7.033,7.035,112602230,796773379.48
2022-03-28,6.997,7.109,6.941,7.059,110825100,779802345.3
2022-03-29,7.06,7.09,7.001,7.021,125852279,885664438.08
2022-03-30,7.045,7.178,7.045,7.173,228541710,1629959475.72
2022-03-31,7.151,7.166,7.099,7.111,134581308,958936679.94
2022-04-01,7.055,7.171,7.055,7.16,182142157,1298430723.2
2022-04-06,7.15,7.15,7.047,7.144,128783211,916120835.32
2022-04-07,7.118,7.147,6.98,6.982,194888300,1371299041.57
2022-04-08,6.996,7.009,6.866,7.005,141805133,986963725.68
2022-04-11,6.96,6.98,6.75,6.782,188235000,1287025440.0
2022-04-12,6.779,6.905,6.71,6.893,247809731,1694027321.12
2022-04-13,6.86,6.888,6.79,6.793,143248700,977481379.23
2022-04-14,6.83,6.93,6.814,6.883,147280078,1012648722.97
2022-04-15,6.852,6.889,6.795,6.821,113224800,773891508.0
2022-04-18,6.76,6.863,6.713,6.827,159900400,1087482620.4
2022-04-19,6.825,6.867,6.803,6.849,121372273,830145889.9
2022-04-20,6.85,6.863,6.68,6.691,128694104,867998833.45
2022-04-21,6.68,6.706,6.459,6.485,216186194,1416019570.7
2022-04-22,6.46,6.523,6.365,6.446,237327841,1529498825.96
2022-04-25,6.347,6.358,6.018,6.025,343945700,2109648275.23
2022-04-26,6.038,6.118,5.879,5.915,347974417,2077639252.43
2022-04-27,5.913,6.117,5.81,6.114,418770258,2518344741.53
2022-04-28,6.06,6.142,6.0,6.097,343321822,2087282237.15
2022-04-29,6.113,6.348,6.11,6.347,335214244,2101234619.47
2022-05-05,6.324,6.444,6.319,6.391,228859300,1461190344.07
2022-05-06,6.26,6.327,6.23,6.248,303672200,1903518573.67
2022-05-09,6.227,6.325,6.216,6.303,250440300,1573099004.4
2022-05-10,6.23,6.42,6.192,6.409,191779830,1215948048.81
2022-05-11,6.409,6.606,6.401,6.452,369778699,2398507901.28
2022-05-12,6.432,6.513,6.397,6.457,145056796,936438322.71
2022-05-13,6.474,6.534,6.446,6.531,140778030,915573381.11
2022-05-16,6.575,6.595,6.483,6.511,191454007,1250130847.71
2022-05-17,6.513,6.548,6.447,6.546,135261800,881050277.93
2022-05-18,6.543,6.585,6.507,6.524,160792190,1051366533.01
2022-05-19,6.45,6.586,6.44,6.585,187798315,1227637585.16
2022-05-20,6.596,6.693,6.581,6.687,188009527,1250952722.82
2022-05-23,6.7,6.728,6.652,6.715,137421896,920497666.71
2022-05-24,6.704,6.717,6.48,6.486,251397834,1649421188.87
2022-05-25,6.48,6.591,6.473,6.59,180845524,1184779309.57
2022-05-26,6.582,6.691,6.502,6.666,192129597,1271833888.94
2022-05-27,6.68,6.724,6.604,6.666,133325248,888568336.17
2022-05-30,6.68,6.704,6.615,6.702,95052780,634350569.46
2022-05-31,6.691,6.825,6.655,6.807,254174112,1718810070.05
2022-06-01,6.795,6.828,6.736,6.8,141565729,960948168.45
2022-06-02,6.788,6.892,6.762,6.882,150736524,1031841752.29
2022-06-06,6.864,7.017,6.864,6.991,242250398,1685416769.02
2022-06-07,6.989,7.009,6.95,6.987,159219943,1111673642.03
2022-06-08,6.988,7.055,6.919,7.036,169830800,1189381702.67
2022-06-09,7.02,7.04,6.882,6.951,150809017,1049278870.61
2022-06-10,6.908,7.089,6.908,7.078,218145617,1532472959.42
2022-06-13,7.039,7.085,6.987,7.057,170215800,1198829879.4
2022-06-14,7.002,7.135,6.87,7.129,258285900,1819538070.2
2022-06-15,7.125,7.27,7.09,7.099,214759659,1536175840.83
2022-06-16,7.115,7.195,7.09,7.11,202253315,1442403224.81
2022-06-17,7.079,7.195,7.007,7.178,228953943,1631678433.78
2022-06-20,7.178,7.227,7.114,7.178,178692161,1281758870.85
2022-06-21,7.171,7.197,7.068,7.126,149412915,1065363888.26
2022-06-22,7.12,7.143,7.007,7.015,196617329,1387135256.1
2022-06-23,7.015,7.177,6.989,7.17,198157300,1409294717.6
2022-06-24,7.18,7.268,7.165,7.253,178911256,1293289832.54
2022-06-27,7.265,7.345,7.265,7.283,199758621,1457771829.85
2022-06-28,7.282,7.42,7.27,7.406,129836847,956291657.1
2022-06-29,7.388,7.407,7.258,7.289,180542222,1321207980.6
2022-06-30,7.28,7.394,7.275,7.346,206120390,1512580128.62
2022-07-01,7.331,7.384,7.315,7.333,132341876,971918737.34
2022-07-04,7.33,7.426,7.281,7.422,268820701,1982911097.48
2022-07-05,7.434,7.458,7.321,7.412,224073210,1657469534.37
2022-07-06,7.384,7.403,7.248,7.316,134447644,984470465.25
2022-07-07,7.305,7.39,7.277,7.346,163335928,1198504594.35
2022-07-08,7.375,7.392,7.299,7.303,112755364,826647158.61
2022-07-11,7.269,7.281,7.16,7.206,111865320,807182860.68
2022-07-12,7.198,7.242,7.11,7.119,103262100,739046849.7
2022-07-13,7.121,7.169,7.089,7.145,185449140,1323055981.14
2022-07-14,7.135,7.234,7.127,7.195,193238400,1388482316.8
2022-07-15,7.168,7.227,7.068,7.074,117333600,835767232.8
2022-07-18,7.08,7.225,7.08,7.205,138989740,996556435.8
2022-07-19,7.205,7.249,7.172,7.231,139144400,1004251516.27
2022-07-20,7.265,7.342,7.256,7.323,121566544,888286737.01
2022-07-21,7.316,7.325,7.248,7.252,95834514,697196089.35
2022-07-22,7.254,7.289,7.12,7.187,194260291,1398415081.48
2022-07-25,7.18,7.216,7.09,7.116,141984368,1013863043.77
2022-07-26,7.116,7.231,7.106,7.202,116420450,835860024.18
2022-07-27,7.19,7.254,7.175,7.233,74282182,536366875.49
2022-07-28,7.259,7.322,7.237,7.252,119057606,865588481.49
2022-07-29,7.267,7.283,7.181,7.194,112199941,810008774.06
2022-08-01,7.183,7.26,7.142,7.256,79391955,573156987.13
2022-08-02,7.202,7.21,6.969,7.075,210200900,1489203309.53
2022-08-03,7.077,7.172,6.99,7.016,138384800,976904431.47
2022-08-04,7.055,7.065,6.948,7.04,153476155,1077044497.07
2022-08-05,7.047,7.19,7.047,7.186,93240615,665831231.72
2022-08-08,7.169,7.231,7.163,7.226,92279992,665031142.35
2022-08-09,7.23,7.252,7.187,7.247,90389296,653394091.02
2022-08-10,7.239,7.273,7.2,7.233,69019153,499376578.34
2022-08-11,7.265,7.379,7.253,7.376,117069562,858822306.83
2022-08-12,7.37,7.4,7.353,7.363,85272200,628626658.4
2022-08-15,7.337,7.407,7.321,7.373,197757300,1456878029.1
2022-08-16,7.384,7.439,7.364,7.392,109748728,811957672.65
2022-08-17,7.395,7.453,7.353,7.44,138733890,1028758038.98
2022-08-18,7.431,7.431,7.38,7.413,80847300,598916798.4
2022-08-19,7.4,7.423,7.311,7.315,119389058,877469779.95
2022-08-22,7.308,7.418,7.275,7.407,88715084,653534452.13
2022-08-23,7.4,7.414,7.36,7.409,115008260,850409410.53
2022-08-24,7.409,7.415,7.178,7.197,157894586,1146841009.65
2022-08-25,7.196,7.24,7.14,7.236,142968637,1030136685.8
2022-08-26,7.228,7.303,7.195,7.22,98183120,710780333.39
2022-08-29,6.2,6.31,6.199,6.3,198028513,1241572767.01
2022-08-30,6.3,6.31,6.243,6.291,183534979,1152844381.43
2022-08-31,6.27,6.286,6.139,6.157,234010869,1449463322.59
2022-09-01,6.15,6.207,6.113,6.135,98092405,603431778.09
2022-09-02,6.12,6.18,6.118,6.146,171678561,1055479793.03
2022-09-05,6.136,6.185,6.112,6.177,160317177,987233175.97
2022-09-06,6.18,6.288,6.18,6.283,164844032,1030330148.01
2022-09-07,6.264,6.314,6.253,6.299,103698198,652123401.16
2022-09-08,6.305,6.308,6.27,6.277,145157410,912314321.85
2022-09-09,6.275,6.327,6.256,6.315,162508960,1023698108.69
2022-09-13,6.331,6.351,6.285,6.299,171915915,1085075950.18
2022-09-14,6.23,6.277,6.215,6.251,200417289,1252140415.91
2022-09-15,6.264,6.278,6.061,6.108,184702458,1135735414.24
2022-09-16,6.09,6.109,5.949,5.956,205735741,1235374546.12
2022-09-19,5.95,5.961,5.877,5.919,159073285,941554773.92
2022-09-20,5.927,6.008,5.927,5.949,144729153,862778724.08
2022-09-21,5.93,6.002,5.876,5.979,121469500,723026953.83
2022-09-22,5.941,6.017,5.933,5.97,140979579,842118018.56
2022-09-23,5.958,5.983,5.834,5.899,205678384,1214599416.98
2022-09-26,5.858,5.931,5.8,5.806,339784319,1986265867.43
2022-09-27,5.814,5.925,5.813,5.915,240423852,1414734086.45
2022-09-28,5.895,5.91,5.773,5.776,203925977,1186781210.81
2022-09-29,5.81,5.866,5.747,5.791,242413769,1406323078.56
2022-09-30,5.783,5.815,5.711,5.713,156307202,898193285.09
2022-10-10,5.721,5.769,5.625,5.647,168606174,957739270.38
2022-10-11,5.65,5.714,5.62,5.682,268234684,1521427127.65
2022-10-12,5.683,5.825,5.591,5.818,316516593,1818282321.25
2022-10-13,5.79,5.877,5.786,5.833,162037781,945004338.79
2022-10-14,5.89,6.009,5.866,5.981,254866515,1516965497.28
2022-10-17,5.954,6.031,5.951,6.008,160442081,962117679.06
2022-10-18,6.035,6.074,5.992,6.035,183606501,1107820424.87
2022-10-19,6.02,6.044,5.972,5.984,130656328,783937968.0
2022-10-20,5.963,6.052,5.881,5.964,243198439,1450840820.93
2022-10-21,5.97,5.999,5.924,5.964,204128235,1217080579.82
2022-10-24,5.96,6.08,5.86,5.913,287111935,1708603125.19
2022-10-25,5.89,5.94,5.791,5.866,262057719,1537143227.08
2022-10-26,5.88,6.031,5.873,5.987,258992446,1544544617.13
2022-10-27,6.011,6.036,5.963,5.969,211648155,1267631349.68
2022-10-28,5.943,5.952,5.754,5.779,238438526,1389699209.04
2022-10-31,5.769,5.875,5.746,5.814,196079625,1139549420.63
2022-11-01,5.824,5.965,5.79,5.959,365777499,2159794205.76
2022-11-02,5.95,6.035,5.935,6.002,256482672,1536502193.73
2022-11-03,5.967,6.025,5.961,6.005,232217560,1392608707.32
2022-11-04,6.0,6.175,5.999,6.157,336833282,2058163630.78
2022-11-07,6.154,6.179,6.104,6.141,204903372,1258379908.58
2022-11-08,6.134,6.15,6.109,6.147,176570074,1083316260.68
2022-11-09,6.155,6.196,6.123,6.13,141186767,868251554.79
2022-11-10,6.106,6.136,6.067,6.109,200492703,1223807459.11
2022-11-11,6.27,6.279,6.137,6.145,425722662,2633946109.79
2022-11-14,6.152,6.21,6.119,6.135,259196662,1595269055.72
2022-11-15,6.14,6.25,6.127,6.241,297730177,1847713478.46
2022-11-16,6.238,6.27,6.201,6.212,208038342,1295593447.86
2022-11-17,6.192,6.228,6.161,6.225,329644622,2045334997.97
2022-11-18,6.225,6.267,6.198,6.213,465058990,2895457271.74
2022-11-21,6.165,6.215,6.134,6.206,413988910,2560521408.35
2022-11-22,6.185,6.204,6.108,6.14,267496937,1645284493.84
2022-11-23,6.101,6.155,6.056,6.129,404002860,2469804150.8
2022-11-24,6.14,6.165,6.1,6.13,199374618,1222498699.37
2022-11-25,6.11,6.128,6.064,6.098,277236804,1690220381.72
2022-11-28,6.021,6.076,5.974,6.071,358876825,2167735648.61
2022-11-29,6.087,6.195,6.086,6.171,380485720,2340240835.15
2022-11-30,6.169,6.185,6.13,6.157,205076321,1262723267.17
2022-12-01,6.24,6.248,6.186,6.19,218641816,1357328393.73
2022-12-02,6.194,6.227,6.171,6.175,205040860,1269407964.26
2022-12-05,6.216,6.233,6.186,6.218,389476546,2419558129.27
2022-12-06,6.214,6.264,6.188,6.215,205020371,1275705088.49
2022-12-07,6.207,6.255,6.189,6.207,251485917,1563487945.99
2022-12-08,6.207,6.215,6.173,6.197,179880280,1114358334.6
2022-12-09,6.19,6.23,6.162,6.206,196236728,1216536889.11
2022-12-12,6.195,6.204,6.155,6.183,195152738,1206174022.67
2022-12-13,6.181,6.184,6.136,6.149,205760053,1266727472.95
2022-12-14,6.149,6.168,6.105,6.123,197150083,1208924308.96
2022-12-15,6.118,6.136,6.098,6.122,171248726,1047813871.49
2022-12-16,6.109,6.111,6.066,6.099,266188643,1621621213.16
2022-12-19,6.094,6.106,5.942,5.97,622390961,3738080111.77
2022-12-20,5.949,5.957,5.886,5.906,428122497,2532915399.75
2022-12-21,5.91,5.92,5.837,5.876,226994690,1334199122.92
2022-12-22,5.893,5.902,5.777,5.813,226980075,1323445157.3
2022-12-23,5.783,5.833,5.759,5.791,422008102,2445255612.36
2022-12-26,5.795,5.878,5.791,5.86,383096612,2238433503.92
2022-12-27,5.884,5.905,5.846,5.9,344807815,2028734247.52
2022-12-28,5.886,5.905,5.865,5.884,228270891,1343298103.24
2022-12-29,5.869,5.922,5.852,5.881,275557197,1621654104.35
2022-12-30,5.898,5.903,5.863,5.887,156259078,919480501.31
2023-01-03,5.872,5.99,5.85,5.97,244700488,1452705230.43
2023-01-04,5.977,5.985,5.934,5.968,263374163,1570324551.19
2023-01-05,5.985,6.042,5.968,6.027,231775005,1393508588.4
2023-01-06,6.027,6.071,6.015,6.04,199272551,1204004753.14
2023-01-09,6.048,6.091,6.048,6.052,209701416,1271559486.15
2023-01-10,6.051,6.073,6.03,6.067,151506194,917622514.99
2023-01-11,6.067,6.089,6.025,6.039,231896495,1403205691.24
2023-01-12,6.045,6.073,6.018,6.033,170119873,1027750859.42
2023-01-13,6.042,6.086,6.033,6.084,215455222,1307310468.69
2023-01-16,6.091,6.198,6.091,6.143,390989077,2402236889.09
2023-01-17,6.16,6.166,6.137,6.151,301742127,1856116403.89
2023-01-18,6.152,6.196,6.152,6.175,361235634,2230389216.19
2023-01-19,6.167,6.237,6.151,6.232,301622896,1872072774.51
2023-01-20,6.242,6.28,6.241,6.277,277862983,1741089451.48
2023-01-30,6.35,6.382,6.292,6.298,404446749,2557721240.68
2023-01-31,6.296,6.331,6.281,6.303,263662170,1662389981.85
2023-02-01,6.318,6.384,6.307,6.375,405654876,2578071955.27
2023-02-02,6.391,6.419,6.359,6.385,338292674,2160900837.29
2023-02-03,6.37,6.374,6.286,6.357,258303729,1637387338.13
2023-02-06,6.336,6.344,6.283,6.328,304667698,1924992071.86
2023-02-07,6.331,6.34,6.284,6.331,562754021,3555667489.35
2023-02-08,6.336,6.341,6.275,6.285,467137938,2943124722.05
2023-02-09,6.28,6.382,6.268,6.376,319843191,2028445517.32
2023-02-10,6.38,6.382,6.307,6.356,471355276,2992320410.47
2023-02-13,6.338,6.402,6.338,6.394,509438326,3249197643.23
2023-02-14,6.404,6.424,6.381,6.411,232379421,1488467651.31
2023-02-15,6.41,6.429,6.377,6.399,270255821,1730087680.77
2023-02-16,6.404,6.448,6.267,6.314,309968089,1966127588.53
2023-02-17,6.31,6.33,6.245,6.26,257134866,1614378400.37
2023-02-20,6.282,6.364,6.235,6.358,492217418,3110321864.34
2023-02-21,6.375,6.413,6.352,6.395,186274914,1189675784.08
2023-02-22,6.383,6.413,6.365,6.389,299347953,1912534071.72
2023-02-23,6.39,6.408,6.338,6.378,354664685,2260869145.31
2023-02-24,6.368,6.393,6.318,6.364,196814360,1251411305.67
2023-02-27,6.341,6.361,6.298,6.331,271088592,1715990787.36
2023-02-28,6.333,6.378,6.304,6.372,168964368,1073149022.62
2023-03-01,6.37,6.432,6.356,6.411,184066334,1177963182.16
2023-03-02,6.42,6.431,6.387,6.404,215661977,1381818173.96
2023-03-03,6.408,6.418,6.357,6.401,301792150,1929055422.8
2023-03-06,6.406,6.421,6.372,6.403,265155549,1696641972.87
2023-03-07,6.4,6.407,6.301,6.303,259002383,1641298101.07
2023-03-08,6.285,6.326,6.281,6.313,262204187,1653634406.01
2023-03-09,6.318,6.322,6.272,6.306,252591021,1591323432.3
2023-03-10,6.27,6.284,6.211,6.226,170330943,1062921861.3
2023-03-13,6.22,6.266,6.197,6.261,180849399,1128741382.29
2023-03-14,6.242,6.26,6.146,6.21,201091943,1247842536.96
2023-03-15,6.239,6.274,6.23,6.242,197302154,1232875392.96
2023-03-16,6.218,6.234,6.151,6.165,252010528,1558265098.13
2023-03-17,6.202,6.26,6.181,6.201,421830402,2621254118.03
2023-03-20,6.21,6.224,6.17,6.182,204507186,1266308495.71
2023-03-21,6.199,6.25,6.196,6.247,310253301,1933188318.53
2023-03-22,6.255,6.285,6.255,6.281,152766043,958403231.77
2023-03-23,6.275,6.317,6.268,6.316,176004304,1108885783.3
2023-03-24,6.32,6.331,6.298,6.324,145644215,920131602.3
2023-03-27,6.323,6.331,6.28,6.321,191704741,1209784718.87
2023-03-28,6.321,6.34,6.291,6.305,238254843,1503864569.02
2023-03-29,6.315,6.319,6.264,6.279,220384768,1385632498.01
2023-03-30,6.279,6.315,6.24,6.312,419801778,2640133381.84
2023-03-31,6.312,6.364,6.305,6.359,349535045,2216984278.75
2023-04-03,6.37,6.44,6.366,6.423,280398797,1797262822.5
2023-04-04,6.429,6.432,6.396,6.427,161982604,1039658346.67
2023-04-06,6.414,6.44,6.406,6.426,245472012,1576912205.09
2023-04-07,6.426,6.487,6.422,6.475,165722339,1070787273.06
2023-04-10,6.482,6.486,6.419,6.432,296201636,1909217011.78
2023-04-11,6.43,6.447,6.407,6.431,336113026,2160646568.8
2023-04-12,6.445,6.458,6.423,6.453,357708817,2305314089.29
2023-04-13,6.448,6.461,6.417,6.425,278155569,1789745649.47
2023-04-14,6.431,6.465,6.415,6.44,253073142,1629791034.48
2023-04-17,6.425,6.476,6.424,6.472,115124873,743399679.92
2023-04-18,6.47,6.472,6.432,6.459,198494786,1281151513.77
2023-04-19,6.455,6.469,6.418,6.429,122361672,787846018.78
2023-04-20,6.425,6.428,6.398,6.422,145962021,936492326.74
2023-04-21,6.422,6.422,6.25,6.269,262798414,1659221586.52
2023-04-24,6.273,6.281,6.207,6.227,196980054,1228827236.87
2023-04-25,6.222,6.241,6.063,6.133,255490290,1570158158.91
2023-04-26,6.124,6.187,6.119,6.159,305347118,1879411511.29
2023-04-27,6.157,6.215,6.145,6.185,211592316,1307993166.74
2023-04-28,6.197,6.28,6.18,6.277,211176402,1318937414.76
2023-05-04,6.26,6.279,6.25,6.278,162845964,1020881348.32
2023-05-05,6.278,6.281,6.191,6.222,169427065,1055756517.7
2023-05-08,6.223,6.284,6.219,6.261,148333733,927778055.34
2023-05-09,6.262,6.291,6.2,6.204,258188375,1608943890.21
2023-05-10,6.202,6.233,6.17,6.193,181731559,1126493357.05
2023-05-11,6.199,6.212,6.17,6.174,84753143,524226440.5
2023-05-12,6.168,6.206,6.108,6.114,146367154,899084637.97
2023-05-15,6.109,6.191,6.07,6.182,161716103,994176695.88
2023-05-16,6.182,6.186,6.124,6.141,99594636,612540209.61
2023-05-17,6.126,6.169,6.119,6.143,153833123,945099430.0
2023-05-18,6.154,6.179,6.123,6.153,173411166,1066767689.51
2023-05-19,6.145,6.192,6.115,6.158,172916840,1064303150.2
2023-05-22,6.157,6.177,6.116,6.149,115364378,709183286.36
2023-05-23,6.149,6.154,6.081,6.084,138718265,847059965.51
2023-05-24,6.08,6.099,6.031,6.038,246137952,1490611437.31
2023-05-25,6.04,6.069,5.959,6.02,195486999,1176049785.98
2023-05-26,6.022,6.088,5.986,6.073,175032983,1058774514.17
2023-05-29,6.09,6.106,6.043,6.066,191794612,1164512952.53
2023-05-30,6.063,6.107,6.004,6.099,210721483,1279079401.81
2023-05-31,6.09,6.104,6.049,6.092,171319304,1041906900.49
2023-06-01,6.094,6.144,6.06,6.102,287510043,1754386282.39
2023-06-02,6.12,6.171,6.119,6.154,243542683,1497300415.08
2023-06-05,6.145,6.155,6.126,6.141,105320370,646737285.38
2023-06-06,6.142,6.143,6.021,6.027,149959162,909302371.98
2023-06-07,6.031,6.065,6.02,6.031,136041008,821506300.31
2023-06-08,6.034,6.048,5.976,6.018,192352457,1156807676.4
2023-06-09,6.03,6.08,6.019,6.069,208167520,1260662501.12
2023-06-12,6.075,6.114,6.055,6.087,187492595,1140954938.11
2023-06-13,6.087,6.113,6.078,6.105,125694910,766571357.79
2023-06-14,6.114,6.131,6.101,6.112,119556637,731048983.04
2023-06-15,6.12,6.18,6.116,6.166,195446059,1202775047.09
2023-06-16,6.167,6.231,6.166,6.209,206526990,1280880391.98
2023-06-19,6.22,6.225,6.195,6.201,119261850,740258302.95
2023-06-20,6.203,6.216,6.18,6.198,76227170,472455999.66
2023-06-21,6.192,6.192,6.07,6.073,166799278,1019421587.38
2023-06-26,6.044,6.059,5.96,5.972,344323154,2064905954.54
2023-06-27,5.973,6.028,5.972,6.017,317296126,1905574767.38
2023-06-28,6.013,6.033,5.936,6.031,273021272,1638127632.0
2023-06-29,6.018,6.042,6.0,6.022,221543312,1333986129.32
2023-06-30,6.011,6.106,6.011,6.095,197145563,1196804997.79
2023-07-03,6.104,6.145,6.085,6.124,166205776,1016846937.57
2023-07-04,6.119,6.141,6.117,6.138,173412653,1063366388.2
2023-07-05,6.132,6.144,6.095,6.107,232233781,1420186982.08
2023-07-06,6.1,6.135,6.067,6.072,169769132,1034120372.72
2023-07-07,6.07,6.082,6.024,6.056,113652561,688052604.29
2023-07-10,6.078,6.101,6.048,6.077,118525164,720079879.69
2023-07-11,6.089,6.129,6.07,6.127,103167702,630217102.28
2023-07-12,6.129,6.134,6.058,6.066,94053268,572408189.05
2023-07-13,6.089,6.154,6.089,6.15,178013199,1091398923.07
2023-07-14,6.155,6.157,6.125,6.126,88634806,543863169.62
2023-07-17,6.119,6.119,6.078,6.111,192122431,1172459155.58
2023-07-18,6.111,6.128,6.078,6.102,157154980,959064457.95
2023-07-19,6.094,6.117,6.064,6.093,120486972,733926308.78
2023-07-20,6.105,6.12,6.022,6.027,258153154,1563461551.68
2023-07-21,6.025,6.07,6.014,6.03,257450411,1554485581.62
2023-07-24,6.0,6.061,6.0,6.02,104838247,631860114.67
2023-07-25,6.07,6.125,6.07,6.118,185267438,1130934197.36
2023-07-26,6.117,6.123,6.087,6.107,104338364,637055271.13
2023-07-27,6.112,6.119,6.055,6.065,97642469,593633664.03
2023-07-28,6.04,6.162,6.04,6.157,175933487,1076654295.94
2023-07-31,6.166,6.253,6.164,6.196,226948657,1408065117.58
2023-08-01,6.196,6.226,6.19,6.201,170567104,1058482591.72
2023-08-02,6.197,6.22,6.16,6.179,152078839,940810391.0
2023-08-03,6.176,6.202,6.147,6.2,234307463,1448723043.73
2023-08-04,6.23,6.28,6.213,6.241,215831469,1347795580.08
2023-08-07,6.234,6.238,6.187,6.2,380764354,2363912031.08
2023-08-08,6.19,6.199,6.156,6.179,294860767,1821649818.53
2023-08-09,6.165,6.178,6.127,6.137,422188480,2595333316.05
2023-08-10,6.137,6.153,6.11,6.135,204947551,1256875014.43
2023-08-11,6.136,6.145,6.012,6.014,291257891,1764149045.79
2023-08-14,5.97,6.032,5.944,6.021,260845764,1564813738.24
2023-08-15,6.01,6.035,5.937,5.988,228484044,1367857810.08
2023-08-16,5.966,5.995,5.943,5.945,226883262,1352451124.78
2023-08-17,5.922,5.994,5.889,5.981,314317963,1871658697.01
2023-08-18,5.975,6.0,5.886,5.888,316070370,1872611585.46
2023-08-21,5.871,5.914,5.809,5.811,326136289,1906157897.11
2023-08-22,5.83,5.855,5.75,5.838,327293343,1902992593.98
2023-08-23,5.834,5.834,5.728,5.738,299712509,1728342135.23
2023-08-24,5.742,5.809,5.727,5.754,252676187,1456257091.08
2023-08-25,5.734,5.759,5.658,5.686,274076915,1562512492.42
2023-08-28,5.989,5.989,5.728,5.749,515948238,3003850641.64
2023-08-29,5.742,5.904,5.739,5.874,1182384406,6903942546.63
2023-08-30,5.874,5.923,5.852,5.875,311284880,1831392710.67
2023-08-31,5.869,5.886,5.828,5.846,223404352,1307660140.37
2023-09-01,5.859,5.883,5.835,5.852,222355302,1302260885.38
2023-09-04,5.881,5.94,5.858,5.936,310054688,1832836612.33
2023-09-05,5.927,5.93,5.882,5.893,328947638,1941339310.26
2023-09-06,5.876,5.914,5.848,5.891,230264068,1354950530.8
2023-09-07,5.891,5.891,5.802,5.809,350551641,2045118273.59
2023-09-08,5.795,5.833,5.786,5.807,327644987,1903180514.49
2023-09-11,5.814,5.91,5.802,5.874,346382028,2030491448.14
2023-09-12,5.874,5.895,5.863,5.876,249467310,1466368848.18
2023-09-13,5.875,5.875,5.783,5.817,329323919,1918311828.18
2023-09-14,5.813,5.819,5.779,5.812,259690199,1507068788.2
2023-09-15,5.821,5.852,5.782,5.813,264264130,1536872092.04
2023-09-18,5.8,5.846,5.772,5.825,574922778,3342792672.22
2023-09-19,5.817,5.824,5.776,5.8,239879269,1391299760.2
2023-09-20,5.782,5.798,5.758,5.759,314278187,1813908935.97
2023-09-21,5.746,5.775,5.71,5.713,283288923,1624000965.92
2023-09-22,5.703,5.813,5.703,5.811,376964568,2177221689.91
2023-09-25,5.8,5.807,5.761,5.778,344278661,1990619217.9
2023-09-26,5.772,5.788,5.757,5.759,213613137,1232120574.22
2023-09-27,5.758,5.812,5.755,5.784,431830275,2497562367.17
2023-09-28,5.79,5.808,5.783,5.792,260336074,1508473991.45
2023-10-09,5.79,5.792,5.731,5.76,207641073,1196220221.55
2023-10-10,5.766,5.792,5.727,5.732,121687633,699744452.29
2023-10-11,5.755,5.783,5.715,5.727,355273505,2039862041.21
2023-10-12,5.756,5.779,5.741,5.77,223699144,1289252733.25
2023-10-13,5.746,5.746,5.723,5.74,170087285,975677362.52
2023-10-16,5.74,5.742,5.661,5.683,194104657,1105490723.17
2023-10-17,5.69,5.695,5.657,5.694,198775831,1129444271.74
2023-10-18,5.684,5.685,5.616,5.626,195835502,1104969180.78
2023-10-19,5.605,5.633,5.549,5.561,257756922,1438541381.68
2023-10-20,5.541,5.571,5.504,5.523,243978901,1349853932.93
2023-10-23,5.509,5.513,5.357,5.376,505711261,2738595048.74
2023-10-24,5.395,5.455,5.377,5.44,613668043,3328535465.23
2023-10-25,5.482,5.517,5.466,5.467,315951907,1732469623.38
2023-10-26,5.446,5.506,5.43,5.491,220579915,1207822087.9
2023-10-27,5.47,5.614,5.468,5.595,401735236,2233246176.92
2023-10-30,5.575,5.66,5.57,5.64,290763365,1635059322.52
2023-10-31,5.638,5.649,5.601,5.627,212299768,1194327728.18
2023-11-01,5.653,5.653,5.591,5.615,121710894,683974653.98
2023-11-02,5.62,5.638,5.559,5.564,144900219,809557523.55
2023-11-03,5.565,5.642,5.564,5.605,351771209,1971208598.17
2023-11-06,5.64,5.707,5.64,5.7,404905375,2300807309.21
2023-11-07,5.687,5.733,5.677,5.709,199187843,1136632228.11
2023-11-08,5.7,5.733,5.678,5.705,209841519,1197215813.07
2023-11-09,5.7,5.743,5.68,5.693,211794007,1208355407.94
2023-11-10,5.68,5.681,5.647,5.673,202518880,1147674492.96
2023-11-13,5.68,5.707,5.658,5.704,226143951,1286683699.87
2023-11-14,5.704,5.74,5.695,5.728,240446325,1375593425.32
2023-11-15,5.773,5.791,5.747,5.765,218542945,1260482859.11
2023-11-16,5.752,5.755,5.705,5.707,172044133,984493877.07
2023-11-17,5.689,5.728,5.687,5.726,206916279,1182250646.11
2023-11-20,5.729,5.772,5.702,5.758,214658754,1232999882.98
2023-11-21,5.769,5.799,5.729,5.741,170574268,981882344.7
2023-11-22,5.722,5.743,5.666,5.668,252113494,1435114045.68
2023-11-23,5.661,5.729,5.64,5.719,226519246,1290253625.22
2023-11-24,5.72,5.72,5.652,5.673,336445563,1911571540.45
2023-11-27,5.658,5.679,5.622,5.659,174435221,986140449.39
2023-11-28,5.656,5.695,5.618,5.685,178045769,1008807327.15
2023-11-29,5.68,5.689,5.64,5.656,122994324,696352864.38
2023-11-30,5.655,5.657,5.6,5.637,167008893,940482746.11
2023-12-01,5.631,5.677,5.613,5.664,148748725,840628627.88
2023-12-04,5.667,5.688,5.651,5.652,156572665,886775383.67
2023-12-05,5.64,5.64,5.561,5.565,181560826,1014682936.24
2023-12-06,5.558,5.614,5.542,5.577,190433199,1062172906.29
2023-12-07,5.568,5.602,5.533,5.582,257899824,1437103785.94
2023-12-08,5.58,5.62,5.577,5.594,250044105,1399496855.69
2023-12-11,5.569,5.677,5.531,5.656,403114528,2266041133.4
2023-12-12,5.65,5.671,5.639,5.666,181481656,1026944197.42
2023-12-13,5.657,5.657,5.599,5.607,212535853,1194664029.71
2023-12-14,5.626,5.658,5.577,5.588,281872693,1580648104.78
2023-12-15,5.6,5.616,5.527,5.544,347047229,1930392370.11
2023-12-18,5.52,5.545,5.473,5.483,188401013,1036268371.84
2023-12-19,5.483,5.505,5.441,5.474,237321487,1298939605.51
2023-12-20,5.482,5.486,5.406,5.412,193387015,1050993964.19
2023-12-21,5.39,5.451,5.349,5.426,325304623,1759464270.93
2023-12-22,5.421,5.461,5.383,5.41,335688525,1818760428.45
2023-12-25,5.408,5.437,5.378,5.403,313964385,1697291465.31
2023-12-26,5.4,5.402,5.33,5.356,254351034,1363999811.66
2023-12-27,5.359,5.387,5.321,5.372,256857152,1376754334.72
2023-12-28,5.371,5.493,5.361,5.475,348719375,1898079558.13
2023-12-29,5.478,5.535,5.471,5.519,271335651,1494607210.92
2024-01-02,5.524,5.53,5.492,5.497,309257247,1702873487.73
2024-01-03,5.49,5.517,5.461,5.49,225549747,1238117744.53
2024-01-04,5.491,5.495,5.417,5.446,274755534,1498150341.72
2024-01-05,5.438,5.463,5.356,5.376,203198730,1096934477.45
2024-01-08,5.361,5.364,5.248,5.25,292271227,1545335400.89
2024-01-09,5.252,5.309,5.238,5.262,222079452,1170284685.56
2024-01-10,5.244,5.303,5.2,5.249,209654218,1100824413.98
2024-01-11,5.24,5.335,5.235,5.312,269530893,1426896547.54
2024-01-12,5.295,5.358,5.289,5.292,237771181,1263278284.65
2024-01-15,5.275,5.333,5.254,5.279,157741469,834242049.05
2024-01-16,5.266,5.297,5.21,5.274,239041191,1257436345.06
2024-01-17,5.254,5.262,5.138,5.141,198166086,1026566380.84
2024-01-18,5.136,5.153,5.002,5.146,476078766,2428160399.52
2024-01-19,5.119,5.162,5.095,5.106,319621772,1636783094.41
2024-01-22,5.088,5.095,4.82,4.87,374553505,1845924523.81
2024-01-23,4.844,4.971,4.801,4.948,330990310,1624059121.07
2024-01-24,4.951,5.026,4.839,5.018,344663680,1709876516.48
2024-01-25,5.018,5.169,4.976,5.166,344570007,1758570459.06
2024-01-26,5.145,5.168,5.091,5.109,291476644,1493137688.33
2024-01-29,5.115,5.135,5.012,5.013,196604220,993506658.4
2024-01-30,4.993,5.027,4.888,4.911,188573563,931930548.35
2024-01-31,4.9,4.918,4.776,4.783,347048353,1674739668.79
2024-02-01,4.756,4.856,4.709,4.765,348202485,1663247203.35
2024-02-02,4.764,4.811,4.504,4.637,384502313,1788192090.33
2024-02-05,4.62,4.68,4.351,4.535,3513023777,15885893519.59
2024-02-06,4.483,4.93,4.465,4.913,1028044408,4903086463.22
2024-02-07,4.941,5.235,4.903,5.225,1324032575,6780370816.58
2024-02-08,5.297,5.475,5.215,5.249,1620518153,8609812946.89
2024-02-19,5.3,5.3,5.145,5.215,1551275500,8097658110.0
2024-02-20,5.186,5.228,5.149,5.215,476352534,2475762903.38
2024-02-21,5.181,5.34,5.165,5.212,600090064,3143871845.3
2024-02-22,5.212,5.27,5.195,5.257,294842333,1545170386.48
2024-02-23,5.259,5.283,5.194,5.281,322514001,1694058542.59
2024-02-26,5.27,5.341,5.241,5.271,386846763,2044227244.61
2024-02-27,5.26,5.4,5.245,5.398,367087177,1963059860.2
2024-02-28,5.399,5.472,5.257,5.259,480342901,2559907433.73
2024-02-29,5.241,5.444,5.241,5.431,634747231,3409862124.93
2024-03-01,5.423,5.478,5.406,5.467,334137323,1821159789.46
2024-03-04,5.461,5.485,5.403,5.465,434066307,2366095439.46
2024-03-05,5.434,5.475,5.419,5.438,1437463361,7825550537.28
2024-03-06,5.43,5.496,5.382,5.433,319771339,1738596770.14
2024-03-07,5.432,5.474,5.357,5.363,250232901,1350757199.6
2024-03-08,5.37,5.453,5.353,5.434,305053565,1651356631.87
2024-03-11,5.432,5.539,5.423,5.536,399184080,2195246317.28
2024-03-12,5.535,5.564,5.468,5.505,417768877,2302881306.32
2024-03-13,5.506,5.549,5.47,5.497,346804749,1909275744.83
2024-03-14,5.488,5.531,5.433,5.474,318194497,1743493713.9
2024-03-15,5.463,5.55,5.437,5.549,511545115,2819636673.88
2024-03-18,5.552,5.624,5.541,5.62,323205440,1808334436.8
2024-03-19,5.61,5.615,5.557,5.561,275607204,1537245114.84
2024-03-20,5.562,5.591,5.543,5.575,188309128,1048819073.25
2024-03-21,5.588,5.599,5.537,5.548,243439887,1353850358.24
2024-03-22,5.547,5.548,5.437,5.465,246963313,1354182166.28
2024-03-25,5.459,5.485,5.374,5.384,270556209,1464881500.93
2024-03-26,5.386,5.408,5.325,5.36,475166784,2548953018.3
2024-03-27,5.358,5.358,5.233,5.236,340223481,1794905677.93
2024-03-28,5.239,5.361,5.239,5.303,355523602,1884630614.2
2024-03-29,5.295,5.375,5.288,5.371,383143358,2047773534.06
2024-04-01,5.387,5.493,5.386,5.484,406410272,2216697093.58
2024-04-02,5.483,5.489,5.431,5.462,332181348,1813931614.31
2024-04-03,5.456,5.466,5.428,5.459,397798545,2168399868.8
2024-04-08,5.45,5.465,5.375,5.379,329327164,1780452424.31
2024-04-09,5.374,5.426,5.369,5.424,178672125,965961065.12
2024-04-10,5.421,5.421,5.32,5.361,197575440,1060453244.96
2024-04-11,5.336,5.441,5.325,5.386,303801038,1635664788.59
2024-04-12,5.386,5.425,5.347,5.357,312291283,1678982034.5
2024-04-15,5.35,5.464,5.303,5.428,315115758,1701099900.27
2024-04-16,5.396,5.429,5.263,5.28,390514610,2079099783.64
2024-04-17,5.288,5.424,5.288,5.421,383342457,2061487952.93
2024-04-18,5.41,5.5,5.377,5.431,340317599,1849966468.16
2024-04-19,5.413,5.451,5.37,5.394,357334000,1931390270.0
2024-04-22,5.386,5.43,5.34,5.349,195848884,1052296053.73
2024-04-23,5.348,5.374,5.276,5.287,189016313,1004117660.09
2024-04-24,5.296,5.35,5.26,5.349,177145409,942354527.41
2024-04-25,5.33,5.385,5.31,5.341,192666420,1029866237.04
2024-04-26,5.347,5.475,5.346,5.461,797079505,4326016166.8
2024-04-29,5.469,5.586,5.465,5.567,566641471,3138815988.36
2024-04-30,5.565,5.575,5.526,5.529,276703817,1533861492.24
2024-05-06,5.6,5.63,5.589,5.614,512966950,2878257556.45
2024-05-07,5.61,5.631,5.593,5.613,228932748,1284846892.69
2024-05-08,5.61,5.61,5.538,5.542,397556965,2211741915.28
2024-05-09,5.539,5.663,5.539,5.643,297007902,1667699369.73
2024-05-10,5.647,5.666,5.582,5.623,512157859,2880205079.73
2024-05-13,5.586,5.62,5.548,5.594,327222804,1828302880.22
2024-05-14,5.593,5.636,5.57,5.588,268740363,1504408552.07
2024-05-15,5.588,5.588,5.527,5.539,273196924,1516607190.77
2024-05-16,5.555,5.577,5.495,5.513,238365319,1317762938.54
2024-05-17,5.439,5.507,5.42,5.504,515166666,2821567829.68
2024-05-20,5.507,5.548,5.492,5.524,532273637,2938860174.42
2024-05-21,5.506,5.518,5.464,5.484,280856921,1541530020.4
2024-05-22,5.479,5.493,5.461,5.478,229600047,1257595990.77
2024-05-23,5.465,5.465,5.362,5.383,399242188,2157238622.49
2024-05-24,5.361,5.417,5.324,5.331,209220060,1120861601.44
2024-05-27,5.345,5.387,5.294,5.383,242554687,1298799497.32
2024-05-28,5.377,5.379,5.324,5.336,214628386,1147474894.35
2024-05-29,5.33,5.386,5.325,5.347,314356143,1682643648.1
2024-05-30,5.347,5.375,5.318,5.336,202574800,1082357156.4
2024-05-31,5.347,5.386,5.332,5.335,302109474,1616587795.37
2024-06-03,5.329,5.343,5.253,5.294,297309330,1574748417.9
2024-06-04,5.289,5.382,5.273,5.365,231804831,1237837797.54
2024-06-05,5.365,5.373,5.304,5.307,186286630,992535164.64
2024-06-06,5.324,5.34,5.244,5.269,253454271,1339336852.72
2024-06-07,5.291,5.304,5.212,5.244,274324557,1441118339.44
2024-06-11,5.227,5.275,5.199,5.256,187721605,984286948.88
2024-06-12,5.245,5.288,5.243,5.271,189393224,997597241.88
2024-06-13,5.279,5.283,5.229,5.244,195207821,1025231475.89
2024-06-14,5.235,5.29,5.214,5.269,314198375,1651950322.96
2024-06-17,5.247,5.273,5.239,5.251,144054083,756908170.11
2024-06-18,5.255,5.296,5.255,5.278,248072931,1308915474.93
2024-06-19,5.287,5.292,5.218,5.224,197302615,1034786448.14
2024-06-20,5.219,5.235,5.141,5.146,173975509,900149283.57
2024-06-21,5.139,5.181,5.129,5.155,266172134,1372117350.77
2024-06-24,5.14,5.14,5.036,5.047,832073610,4222218855.01
2024-06-25,5.05,5.065,4.964,5.003,541447501,2713012945.01
2024-06-26,4.992,5.082,4.97,5.072,380046941,1915943311.89
2024-06-27,5.053,5.059,4.984,4.988,643405801,3223677531.61
2024-06-28,4.978,5.065,4.972,4.996,414831703,2078721663.73
2024-07-01,4.996,5.078,4.981,5.055,309552714,1559526573.13
2024-07-02,5.052,5.057,4.99,5.009,199828434,1002872300.77
2024-07-03,5.003,5.014,4.96,4.966,187512343,933811468.14
2024-07-04,4.98,4.989,4.886,4.895,510761294,2514648104.13
2024-07-05,4.89,4.941,4.859,4.93,208454223,1023510234.93
2024-07-08,4.915,4.919,4.831,4.848,234362756,1140409170.7
2024-07-09,4.84,4.957,4.813,4.936,340776622,1670487001.04
2024-07-10,4.926,4.957,4.906,4.908,189594156,933498426.09
2024-07-11,4.964,5.015,4.934,5.007,285178608,1421710420.42
2024-07-12,4.999,5.007,4.973,4.985,150886840,752673853.53
2024-07-15,4.97,4.978,4.94,4.949,454559832,2252647007.45
2024-07-16,4.939,4.982,4.922,4.966,218752633,1084283884.24
2024-07-17,4.962,4.973,4.926,4.931,614772692,3039026340.79
2024-07-18,4.917,4.956,4.866,4.954,474545491,2337294725.01
2024-07-19,4.928,4.978,4.914,4.946,617663569,3054964012.27
2024-07-22,4.948,4.965,4.905,4.934,304301393,1501625940.66
2024-07-23,4.931,4.952,4.792,4.794,244209927,1183441306.24
2024-07-24,4.788,4.809,4.73,4.737,325232022,1547670782.02
2024-07-25,4.724,4.783,4.708,4.731,266030282,1261160890.2
2024-07-26,4.733,4.82,4.732,4.806,241519194,1155910862.48
2024-07-29,4.801,4.813,4.773,4.776,146991055,703695177.3
2024-07-30,4.767,4.789,4.718,4.772,233860704,1113098997.47
2024-07-31,4.772,4.977,4.757,4.975,556947116,2730711709.75
2024-08-01,4.975,5.012,4.906,4.93,350412231,1734306935.3
2024-08-02,4.894,4.955,4.854,4.864,223595554,1093605854.61
2024-08-05,4.84,4.926,4.763,4.77,415275119,2001487648.54
2024-08-06,4.819,4.852,4.766,4.821,261612049,1259138791.84
2024-08-07,4.818,4.862,4.788,4.823,239167673,1153824577.11
2024-08-08,4.811,4.872,4.775,4.833,232784771,1123574494.69
2024-08-09,4.858,4.884,4.789,4.792,216709941,1044903098.85
2024-08-12,4.79,4.816,4.767,4.794,202717348,971489104.07
2024-08-13,4.794,4.809,4.751,4.804,190088477,910143627.88
2024-08-14,4.806,4.806,4.735,4.737,216218720,1029056961.39
2024-08-15,4.724,4.826,4.72,4.774,537135070,2563924734.13
2024-08-16,4.772,4.786,4.74,4.746,793005347,3772590770.79
2024-08-19,4.741,4.81,4.739,4.754,275948225,1315629154.06
2024-08-20,4.762,4.762,4.658,4.672,350860297,1648107768.44
2024-08-21,4.667,4.683,4.657,4.663,132002140,616141988.81
2024-08-22,4.665,4.673,4.598,4.607,402325228,1861156504.73
2024-08-23,4.603,4.626,4.59,4.608,158426320,730028482.56
2024-08-26,4.612,4.635,4.596,4.613,100972381,465953880.85
2024-08-27,4.597,4.605,4.564,4.567,233991849,1071370679.29
2024-08-28,4.566,4.605,4.555,4.568,272342430,1246238959.68
2024-08-29,4.556,4.655,4.548,4.632,436529189,2013127109.94
2024-08-30,4.628,4.787,4.624,4.712,698948005,3290414224.87
2024-09-02,4.7,4.709,4.615,4.617,436203651,2027038366.2
2024-09-03,4.616,4.69,4.615,4.666,294458558,1371293504.61
2024-09-04,4.64,4.7,4.622,4.654,221212081,1030553348.02
2024-09-05,4.68,4.708,4.655,4.675,169528240,793279144.37
2024-09-06,4.69,4.693,4.604,4.611,226819157,1051533611.85
2024-09-09,4.6,4.62,4.561,4.578,180337389,827087378.42
2024-09-10,4.587,4.603,4.5,4.576,277534623,1265465369.34
2024-09-11,4.556,4.604,4.549,4.588,179262141,821080359.83
2024-09-12,4.596,4.645,4.566,4.57,242441588,1113695841.41
2024-09-13,4.574,4.583,4.52,4.522,185817537,843921313.88
2024-09-18,4.527,4.55,4.463,4.537,210092352,948917123.2
2024-09-19,4.546,4.644,4.506,4.6,429681415,1969373152.08
2024-09-20,4.585,4.59,4.542,4.568,265126032,1210742212.8
2024-09-23,4.559,4.623,4.55,4.567,250389410,1146783497.8
2024-09-24,4.62,4.78,4.579,4.779,862258625,4063537480.08
2024-09-25,4.85,4.929,4.801,4.813,706931216,3426966891.43
2024-09-26,4.795,5.067,4.794,5.061,1178956988,5864132058.31
2024-09-27,5.143,5.566,5.105,5.493,619922303,3340141368.56
2024-09-30,5.789,6.042,5.501,5.995,1986237264,11611543045.34
2024-10-08,6.595,6.595,5.996,6.246,2569826706,16135941886.97
2024-10-09,6.041,6.184,5.771,5.863,1362474439,8092189851.37
2024-10-10,5.87,5.987,5.699,5.789,729227227,4247748597.28
2024-10-11,5.732,5.752,5.485,5.556,786597435,4403110241.98
2024-10-14,5.57,5.717,5.491,5.693,759865177,4280827118.83
2024-10-15,5.655,5.75,5.54,5.551,753137968,4227865506.36
2024-10-16,5.497,5.644,5.487,5.546,572479492,3182413496.03
2024-10-17,5.576,5.633,5.5,5.502,648696583,3597022552.73
2024-10-18,5.505,5.931,5.497,5.737,1139253553,6518429079.08
2024-10-21,5.761,5.891,5.718,5.793,695818015,4036208365.68
2024-10-22,5.78,5.869,5.759,5.846,431980365,2516141632.67
2024-10-23,5.846,5.956,5.819,5.869,487225036,2865532845.06
2024-10-24,5.838,5.852,5.783,5.818,352188600,2048915878.6
2024-10-25,5.828,5.945,5.821,5.907,387343220,2281838909.02
2024-10-28,5.9,5.978,5.876,5.975,532102890,3162287475.27
2024-10-29,5.99,6.013,5.896,5.916,604760363,3593284490.16
2024-10-30,5.899,5.967,5.866,5.934,693021723,4104305650.85
2024-10-31,5.926,6.045,5.902,6.0,624241297,3734419519.09
2024-11-01,5.991,6.027,5.896,5.946,391125913,2329676313.13
2024-11-04,5.946,6.035,5.942,6.033,268483775,1611797595.92
2024-11-05,6.034,6.24,6.004,6.216,575097850,3538768770.33
2024-11-06,6.22,6.307,6.18,6.223,501323548,3126587861.03
2024-11-07,6.19,6.35,6.17,6.343,438040030,2754249695.3
2024-11-08,6.401,6.438,6.305,6.326,562358322,3574536947.41
2024-11-11,6.286,6.435,6.282,6.432,490475345,3130704127.14
2024-11-12,6.44,6.482,6.309,6.372,434782686,2777246870.61
2024-11-13,6.334,6.376,6.261,6.353,281638596,1782772312.68
2024-11-14,6.343,6.343,6.17,6.181,520791857,3245227658.25
2024-11-15,6.169,6.194,6.019,6.021,754145798,4583698160.24
2024-11-18,6.03,6.068,5.891,5.931,645407281,3848778752.36
2024-11-19,5.934,6.029,5.874,6.024,703941083,4206517264.98
2024-11-20,6.01,6.109,5.99,6.085,538751198,3265550594.81
2024-11-21,6.074,6.104,6.034,6.08,189321420,1149685876.52
2024-11-22,6.068,6.074,5.836,5.84,263317898,1557964229.83
2024-11-25,5.855,5.865,5.757,5.825,228601112,1329467867.02
2024-11-26,5.81,5.863,5.78,5.785,189972212,1103611903.58
2024-11-27,5.782,5.907,5.7,5.896,340214303,1984923648.47
2024-11-28,5.889,5.918,5.839,5.858,262295044,1540109066.69
2024-11-29,5.853,6.003,5.831,5.944,404434611,2396679504.79
2024-12-02,5.946,6.062,5.939,6.036,365344838,2196574947.67
2024-12-03,6.038,6.058,5.977,6.026,297041058,1788286182.85
2024-12-04,6.02,6.042,5.948,5.981,264341826,1583495651.68
2024-12-05,5.965,6.022,5.948,5.998,195504675,1170942666.8
2024-12-06,5.996,6.118,5.968,6.076,535886213,3244255133.5
2024-12-09,6.075,6.098,6.004,6.043,403153405,2438406177.91
2024-12-10,6.28,6.283,6.077,6.095,555232638,3415606111.43
2024-12-11,6.081,6.153,6.078,6.141,561392321,3437966573.8
2024-12-12,6.14,6.216,6.123,6.197,429346652,2652789847.16
2024-12-13,6.138,6.161,6.08,6.099,777919598,4755681809.11
2024-12-16,6.09,6.097,5.986,6.005,453326426,2733256131.16
2024-12-17,6.001,6.018,5.932,5.941,441230110,2631349299.34
2024-12-18,5.955,6.018,5.94,5.979,266987395,1596317634.7
2024-12-19,5.931,6.016,5.907,5.997,325478448,1944191262.72
2024-12-20,5.987,6.05,5.979,6.009,414464259,2492035434.61
2024-12-23,6.01,6.025,5.911,5.915,468194897,2785915702.12
2024-12-24,5.916,5.991,5.915,5.982,446985355,2665224676.75
2024-12-25,5.983,5.983,5.884,5.932,482639295,2863498937.24
2024-12-26,5.932,5.988,5.927,5.977,274246605,1635606752.22
2024-12-27,5.967,6.075,5.967,5.991,307620621,1849107552.83
2024-12-30,5.988,6.021,5.958,5.989,188724543,1130334196.21
2024-12-31,5.989,5.999,5.808,5.811,747737923,4391215575.8
2025-01-02,5.807,5.809,5.579,5.637,435166500,2469569887.5
2025-01-03,5.632,5.665,5.504,5.523,446132968,2482283833.95
2025-01-06,5.515,5.568,5.471,5.51,330231052,1821664559.85
2025-01-07,5.511,5.569,5.484,5.568,405535979,2246804502.32
2025-01-08,5.55,5.592,5.41,5.545,423665525,2336797814.06
2025-01-09,5.525,5.579,5.521,5.541,268438973,1489030983.23
2025-01-10,5.537,5.586,5.456,5.459,231356509,1272537918.34
2025-01-13,5.411,5.509,5.41,5.468,298582680,1630958125.72
2025-01-14,5.481,5.675,5.456,5.655,501649585,2806896644.6
2025-01-15,5.645,5.652,5.599,5.61,435364545,2446893864.42
2025-01-16,5.542,5.633,5.5,5.537,506827011,2816268757.79
2025-01-17,5.51,5.621,5.51,5.581,275550483,1534999890.63
2025-01-20,5.615,5.666,5.593,5.608,323408071,1818307977.85
2025-01-21,5.63,5.645,5.567,5.628,345043012,1936841440.69
2025-01-22,5.611,5.619,5.559,5.607,321269528,1797503009.16
2025-01-23,5.65,5.724,5.58,5.584,419264125,2360177514.33
2025-01-24,5.569,5.663,5.568,5.652,500924071,2819033696.9
2025-01-27,5.659,5.675,5.582,5.585,488396060,2741855480.84
2025-02-05,5.638,5.643,5.582,5.608,263992775,1481263460.52
2025-02-06,5.598,5.749,5.59,5.74,467260696,2660115142.33
2025-02-07,5.744,5.896,5.734,5.831,484232327,2818393553.92
2025-02-10,5.843,5.891,5.83,5.882,406918921,2387664588.79
2025-02-11,5.881,5.899,5.819,5.859,271155296,1588698879.26
2025-02-12,5.839,5.943,5.839,5.936,261595754,1544984523.12
2025-02-13,5.934,5.955,5.886,5.907,283625467,1677928262.77
2025-02-14,5.891,5.962,5.886,5.953,323112921,1917244368.91
2025-02-17,5.973,5.982,5.9,5.944,369269204,2194197610.17
2025-02-18,5.923,5.947,5.81,5.844,304785110,1788174240.37
2025-02-19,5.833,5.945,5.83,5.937,318779719,1882075460.98
2025-02-20,5.935,5.975,5.914,5.952,382124186,2272492534.14
2025-02-21,5.967,6.068,5.939,6.054,338448705,2037574020.34
2025-02-24,6.048,6.07,5.999,6.036,403427452,2434684672.82
2025-02-25,5.987,6.035,5.955,5.973,280977591,1682400155.71
2025-02-26,5.987,6.056,5.965,6.045,335621096,2021110240.11
2025-02-27,6.034,6.058,5.939,6.029,301350152,1810712613.32
2025-02-28,5.991,6.0,5.847,5.867,314082054,1854549834.85
2025-03-03,5.867,5.964,5.851,5.877,277348961,1635619272.67
2025-03-04,5.839,5.944,5.832,5.929,202635722,1195888486.0
2025-03-05,5.932,5.954,5.881,5.944,245455110,1454648800.23
2025-03-06,5.97,6.065,5.966,6.039,402933950,2427005492.17
2025-03-07,6.021,6.06,5.987,6.013,315709562,1900571563.24
2025-03-10,6.008,6.031,5.961,6.006,334587808,2007303789.46
2025-03-11,5.946,6.039,5.943,6.036,161729477,971347238.86
2025-03-12,6.049,6.098,6.031,6.04,204749208,1240029453.38
2025-03-13,6.03,6.048,5.94,5.989,212590985,1273916045.78
2025-03-14,5.992,6.1,5.972,6.098,482488518,2922272124.02
2025-03-17,6.11,6.121,6.087,6.1,383562715,2340755395.41
2025-03-18,6.112,6.166,6.108,6.126,178653636,1095742300.8
2025-03-19,6.115,6.126,6.068,6.102,150833511,919883305.75
2025-03-20,6.099,6.105,6.055,6.06,262395578,1593615810.39
2025-03-21,6.033,6.066,5.95,5.968,245573684,1472132377.69
2025-03-24,5.97,5.979,5.883,5.961,231564047,1375722003.23
2025-03-25,5.957,5.984,5.921,5.941,197802028,1176658330.56
2025-03-26,5.933,5.983,5.933,5.941,191807836,1141704175.82
2025-03-27,5.937,6.0,5.884,5.956,212254492,1262206712.43
2025-03-28,5.953,5.972,5.897,5.909,199554199,1182558183.27
2025-03-31,5.881,5.908,5.796,5.854,181796333,1063993338.27
2025-04-01,5.864,5.93,5.859,5.886,174093133,1025698708.59
2025-04-02,5.879,5.938,5.869,5.893,178423293,1052697428.7
2025-04-03,5.845,5.907,5.816,5.842,266477150,1560223713.25
2025-04-07,5.62,5.662,5.258,5.28,461780129,2493612696.6
2025-04-08,5.312,5.371,5.25,5.313,3028565373,16085720217.79
2025-04-09,5.255,5.457,5.139,5.428,353824955,1889897026.31
2025-04-10,5.503,5.609,5.501,5.535,266981767,1481303837.24
2025-04-11,5.51,5.628,5.509,5.573,222074304,1236953873.28
2025-04-14,5.615,5.652,5.6,5.617,215062682,1209297460.89
2025-04-15,5.615,5.619,5.562,5.594,320738512,1793462846.27
2025-04-16,5.558,5.581,5.49,5.545,666182501,3689762812.21
2025-04-17,5.524,5.603,5.52,5.548,224761713,1249000839.14
2025-04-18,5.54,5.576,5.519,5.55,295068366,1637137650.69
2025-04-21,5.544,5.641,5.522,5.632,256758926,1437422054.06
2025-04-22,5.619,5.645,5.607,5.617,143407362,806379596.53
2025-04-23,5.639,5.683,5.608,5.628,233167056,1314984473.49
2025-04-24,5.628,5.644,5.577,5.605,160589173,900691141.63
2025-04-25,5.61,5.662,5.592,5.621,204146305,1148322965.62
2025-04-28,5.62,5.625,5.576,5.595,202601661,1134299166.05
2025-04-29,5.57,5.622,5.564,5.598,124737396,697864151.49
2025-04-30,5.598,5.642,5.597,5.626,207391183,1165884100.43
2025-05-06,5.655,5.735,5.653,5.733,185691857,1059743427.9
2025-05-07,5.798,5.845,5.708,5.743,223210103,1286880647.16
2025-05-08,5.729,5.785,5.724,5.767,228896037,1318135978.4
2025-05-09,5.76,5.761,5.7,5.72,168633554,965764363.76
2025-05-12,5.745,5.797,5.737,5.792,170595269,985244543.56
2025-05-13,5.825,5.826,5.764,5.778,197788578,1145064007.57
2025-05-14,5.775,5.839,5.746,5.798,241313500,1398250856.83
2025-05-15,5.781,5.787,5.71,5.721,192303290,1103692682.41
2025-05-16,5.706,5.735,5.703,5.711,175381574,1002539537.51
2025-05-19,5.71,5.73,5.665,5.725,141052031,804936923.57
2025-05-20,5.728,5.764,5.702,5.749,116750308,669952184.07
2025-05-21,5.739,5.764,5.731,5.756,82851094,476421407.53
2025-05-22,5.733,5.765,5.704,5.711,139303325,797743707.83
2025-05-23,5.707,5.747,5.66,5.662,190886125,1086078422.54
2025-05-26,5.657,5.704,5.645,5.671,168177906,954129320.04
2025-05-27,5.672,5.678,5.633,5.657,207955003,1176193496.97
2025-05-28,5.657,5.67,5.634,5.647,129650353,732567711.23
2025-05-29,5.65,5.739,5.649,5.727,320495576,1828427261.08
2025-05-30,5.71,5.711,5.671,5.694,334540716,1904205755.47
2025-06-03,5.68,5.73,5.666,5.703,137506282,783739971.97
2025-06-04,5.704,5.763,5.704,5.749,109525276,628529050.54
2025-06-05,5.756,5.799,5.733,5.784,168585819,973077347.27
2025-06-06,5.783,5.794,5.77,5.785,101074678,584514862.87
2025-06-09,5.795,5.852,5.789,5.825,195862239,1140309955.46
2025-06-10,5.825,5.829,5.742,5.777,182537929,1055555997.43
2025-06-11,5.777,5.848,5.777,5.814,230379588,1339196545.04
2025-06-12,5.809,5.835,5.786,5.825,92233683,536369611.21
2025-06-13,5.814,5.822,5.754,5.776,159690275,923648550.6
2025-06-16,5.755,5.812,5.755,5.797,180202095,1043009725.86
2025-06-17,5.802,5.808,5.769,5.785,223506684,1293507682.54
2025-06-18,5.786,5.79,5.74,5.776,150132837,866066292.37
2025-06-19,5.763,5.785,5.695,5.718,220272397,1262748227.87
2025-06-20,5.713,5.729,5.678,5.679,323643966,1843260267.69
2025-06-23,5.668,5.726,5.661,5.712,191781435,1093090252.36
2025-06-24,5.723,5.808,5.723,5.804,384287385,2220540606.32
2025-06-25,5.812,5.919,5.808,5.913,372460096,2190065364.48
2025-06-26,5.905,5.926,5.885,5.888,234396301,1382860043.8
2025-06-27,5.894,5.958,5.885,5.91,222940718,1319288855.55
2025-06-30,5.917,5.968,5.916,5.963,244497355,1454514764.9
2025-07-01,5.95,5.984,5.934,5.982,138236116,824808825.47
2025-07-02,5.961,5.966,5.929,5.947,129745489,771639671.58
2025-07-03,5.947,5.978,5.935,5.971,119755809,713904296.05
2025-07-04,5.958,6.025,5.94,5.963,162617761,971803739.74
2025-07-07,5.957,5.966,5.941,5.951,78703810,468497546.33
2025-07-08,5.951,6.039,5.948,6.031,167485029,1005915084.17
2025-07-09,6.032,6.044,6.0,6.005,153195981,921678087.02
2025-07-10,6.005,6.061,5.997,6.038,130324299,786116171.57
2025-07-11,6.035,6.125,6.017,6.09,249118484,1513976066.76
2025-07-14,6.088,6.099,6.07,6.079,116852000,710771765.33
2025-07-15,6.066,6.111,6.029,6.077,158264921,961037355.29
2025-07-16,6.074,6.128,6.055,6.076,164137854,998997692.06
2025-07-17,6.075,6.148,6.069,6.146,118106788,722931649.35
2025-07-18,6.148,6.183,6.135,6.165,160824639,990840600.88
2025-07-21,6.171,6.228,6.17,6.226,255011021,1583108418.37
2025-07-22,6.229,6.295,6.218,6.292,223778742,1402719747.77
2025-07-23,6.295,6.334,6.258,6.27,280302729,1762356691.47
2025-07-24,6.258,6.368,6.257,6.363,207037047,1310406482.81
2025-07-25,6.367,6.377,6.339,6.365,317569211,2019846038.36
2025-07-28,6.365,6.403,6.336,6.391,201757214,1286538501.27
2025-07-29,6.375,6.432,6.335,6.431,213192947,1364292732.17
2025-07-30,6.408,6.441,6.34,6.389,188924625,1207228353.75
2025-07-31,6.362,6.389,6.273,6.297,198600924,1255091639.37
2025-08-01,6.28,6.328,6.25,6.287,158195598,994786652.09
2025-08-04,6.259,6.336,6.252,6.335,104370675,658335427.68
2025-08-05,6.338,6.378,6.338,6.376,120672484,767959688.18
2025-08-06,6.346,6.434,6.346,6.428,171976510,1101108268.03
2025-08-07,6.428,6.443,6.366,6.408,161728379,1035978086.41
2025-08-08,6.379,6.422,6.375,6.397,103603518,662855308.16
2025-08-11,6.403,6.484,6.403,6.464,167228775,1078681341.68
2025-08-12,6.466,6.498,6.439,6.497,106531798,690112987.44
2025-08-13,6.506,6.596,6.5,6.582,179270542,1175895241.83
2025-08-14,6.561,6.597,6.489,6.514,223896912,1462793158.4
2025-08-15,6.501,6.663,6.494,6.658,229116702,1513315816.71
2025-08-18,6.688,6.801,6.658,6.748,418683346,2820111457.54
2025-08-19,6.748,6.786,6.711,6.733,314765492,2122568634.39
2025-08-20,6.714,6.826,6.667,6.824,337660021,2286746215.55
2025-08-21,6.836,6.856,6.759,6.786,298330596,2028747496.33
2025-08-22,6.785,6.921,6.785,6.915,843778501,5799852156.37
2025-08-25,6.962,7.065,6.944,7.037,881486774,6183923548.53
2025-08-26,7.01,7.102,6.995,7.048,498846423,3516035871.45
2025-08-27,7.046,7.16,6.944,6.953,432327211,3034504694.01
2025-08-28,6.953,7.108,6.883,7.104,389526236,2739018649.47
2025-08-29,7.094,7.18,7.069,7.141,349461915,2491663453.95
2025-09-01,7.161,7.21,7.124,7.206,183081310,1314523805.8
2025-09-02,7.175,7.19,6.995,7.055,245119402,1735445366.16
2025-09-03,7.062,7.084,6.915,6.94,240995450,1682067909.18
2025-09-04,6.946,6.994,6.689,6.779,326897388,2229658117.75
2025-09-05,6.779,7.023,6.758,7.011,307745229,2132879600.46
2025-09-08,7.011,7.084,6.971,7.073,233031742,1641164881.66
2025-09-09,7.051,7.077,6.965,7.006,139590116,979364253.86
2025-09-10,6.994,7.063,6.951,7.003,121572485,851696305.75
2025-09-11,7.0,7.229,6.957,7.224,471718308,3366496324.76
2025-09-12,7.227,7.301,7.209,7.242,259377419,1880659206.03
2025-09-15,7.252,7.262,7.209,7.226,356612066,2579137332.0
2025-09-16,7.228,7.294,7.165,7.282,236125505,1711201534.74
2025-09-17,7.266,7.363,7.243,7.357,158683618,1161722767.38
2025-09-18,7.352,7.448,7.2,7.292,338418181,2474964963.71
2025-09-19,7.279,7.326,7.23,7.261,285552255,2076631182.44
2025-09-22,7.259,7.32,7.226,7.318,235618126,1717184902.29
2025-09-23,7.318,7.335,7.14,7.277,262962112,1906650620.07
2025-09-24,7.232,7.436,7.227,7.432,219453482,1616274894.93
2025-09-25,7.43,7.478,7.415,7.441,164025033,1221111695.67
2025-09-26,7.401,7.455,7.333,7.336,221003137,1629824467.66
2025-09-29,7.335,7.491,7.312,7.462,332940029,2470969915.23
2025-09-30,7.463,7.533,7.463,7.519,269331858,2021335594.29
2025-10-09,7.553,7.678,7.54,7.649,247330432,1885234996.18
2025-10-10,7.611,7.619,7.479,7.505,291527723,2196467040.99
2025-10-13,7.29,7.488,7.29,7.469,386537681,2866434596.4
2025-10-14,7.51,7.553,7.259,7.289,426016495,3138463518.66
2025-10-15,7.288,7.399,7.253,7.393,246755725,1813243319.21
2025-10-16,7.32,7.399,7.296,7.336,275073811,2020050376.71
2025-10-17,7.318,7.359,7.102,7.114,301475375,2168110405.21
2025-10-20,7.174,7.233,7.126,7.16,356249384,2555376831.43
2025-10-21,7.182,7.295,7.177,7.28,485106360,3517344514.24
2025-10-22,7.25,7.261,7.202,7.224,271371500,1961744573.5
2025-10-23,7.202,7.254,7.114,7.249,203373365,1465440677.07
2025-10-24,7.274,7.372,7.268,7.369,227470386,1668798575.16
2025-10-27,7.433,7.491,7.402,7.478,214285422,1597926391.85
2025-10-28,7.468,7.514,7.41,7.441,170449440,1270700575.2
2025-10-29,7.452,7.596,7.45,7.594,206192267,1556064308.29
2025-10-30,7.586,7.586,7.476,7.497,239775371,1803030864.8
2025-10-31,7.494,7.545,7.434,7.436,239526377,1789661246.82
2025-11-03,7.427,7.448,7.312,7.439,254099006,1880247944.73
2025-11-04,7.42,7.425,7.268,7.313,297882984,2185070981.97
2025-11-05,7.2,7.359,7.2,7.33,143295554,1045532127.17
2025-11-06,7.335,7.464,7.335,7.451,173994728,1290460899.33
2025-11-07,7.42,7.476,7.383,7.44,103751961,771188326.11
2025-11-10,7.475,7.502,7.39,7.448,112335218,836522923.37
2025-11-11,7.468,7.495,7.381,7.394,158667471,1177841526.39
2025-11-12,7.368,7.417,7.288,7.356,134217513,986990851.43
2025-11-13,7.337,7.481,7.337,7.465,188661676,1401316042.1
2025-11-14,7.403,7.435,7.335,7.338,155598971,1146660683.62
2025-11-17,7.334,7.374,7.308,7.336,219804390,1613217686.34
2025-11-18,7.31,7.335,7.217,7.262,265420668,1929962150.58
2025-11-19,7.252,7.293,7.193,7.227,246792384,1786201011.26
2025-11-20,7.27,7.293,7.163,7.17,303240774,2185961659.51
2025-11-21,7.098,7.131,6.918,6.922,755356839,5280196090.22
2025-11-24,6.96,7.006,6.903,6.97,414765702,2886631030.69
2025-11-25,7.016,7.126,7.014,7.054,604358456,4269591038.82
2025-11-26,7.055,7.124,7.038,7.065,413929415,2928826564.07
2025-11-27,7.065,7.154,7.04,7.05,188542552,1335132658.23
2025-11-28,7.048,7.144,7.042,7.135,177333175,1260306874.72
2025-12-01,7.152,7.203,7.138,7.202,132006252,947936895.61
2025-12-02,7.154,7.188,7.123,7.141,150369654,1075243272.54
2025-12-03,7.145,7.17,7.078,7.103,121324035,863463157.1
2025-12-04,7.1,7.15,7.06,7.125,122371097,870262451.5
2025-12-05,7.122,7.219,7.067,7.216,308526062,2211309128.37
2025-12-08,7.238,7.305,7.229,7.278,282808073,2056203229.43
2025-12-09,7.256,7.29,7.211,7.224,192435582,1393554339.65
2025-12-10,7.225,7.28,7.172,7.263,259557832,1878766107.29
2025-12-11,7.275,7.284,7.196,7.201,186138398,1345222202.35
2025-12-12,7.217,7.304,7.184,7.285,375528482,2725460546.2
2025-12-15,7.25,7.299,7.229,7.236,174785848,1268013065.29
2025-12-16,7.22,7.22,7.076,7.126,262901355,1877290942.27
2025-12-17,7.12,7.287,7.1,7.259,299634364,2161961814.38
2025-12-18,7.225,7.295,7.219,7.221,251490101,1822045781.74
2025-12-19,7.238,7.318,7.231,7.286,250967197,1826622915.5
2025-12-22,7.32,7.397,7.32,7.368,281747461,2074130892.06
2025-12-23,7.364,7.417,7.349,7.374,185059492,1365739050.96
2025-12-24,7.373,7.492,7.363,7.47,350367349,2607317022.14
2025-12-25,7.469,7.555,7.452,7.534,286961619,2156133951.29
2025-12-26,7.544,7.616,7.527,7.58,514730074,3898737157.17
2025-12-29,7.579,7.61,7.531,7.548,337804049,2554812022.59
2025-12-30,7.512,7.625,7.512,7.581,241477936,1828631916.68
2025-12-31,7.597,7.611,7.551,7.588,446353437,3384846897.25
2026-01-05,7.642,7.794,7.64,7.792,276371421,2139667541.38
2026-01-06,7.797,7.965,7.797,7.961,356076687,2815735748.57
2026-01-07,7.969,8.04,7.954,7.999,431586803,3451687388.13
2026-01-08,7.974,8.078,7.972,8.024,382231061,3067276854.17
2026-01-09,8.024,8.223,8.023,8.216,525203527,4282509559.16
2026-01-12,8.27,8.448,8.235,8.416,571519856,4781525621.91
2026-01-13,8.437,8.44,8.259,8.306,524033983,4367823248.3
2026-01-14,8.308,8.536,8.25,8.365,1349076212,11310205269.34
2026-01-15,8.3,8.39,8.265,8.339,3167300455,26387835857.42
2026-01-16,8.318,8.353,8.24,8.295,2050754961,17013063156.46
2026-01-19,8.27,8.397,8.25,8.348,1521585687,12677344748.85
2026-01-20,8.356,8.414,8.201,8.324,1614255882,13419309147.07
2026-01-21,8.282,8.435,8.28,8.432,1034094112,8668121544.82
2026-01-22,8.46,8.496,8.404,8.469,480856886,4066286113.64
2026-01-23,8.505,8.725,8.493,8.719,669345592,5786938873.23
2026-01-26,8.763,8.787,8.517,8.564,1666726482,14371626878.79
2026-01-27,8.542,8.67,8.437,8.619,1474651264,12645626139.22
2026-01-28,8.645,8.72,8.595,8.691,2517446639,21822905764.61
2026-01-29,8.661,8.754,8.574,8.591,1373467695,11866303062.23
2026-01-30,8.518,8.594,8.232,8.44,1283877745,10812818368.39
2026-02-02,8.33,8.4,8.045,8.049,1947386933,15899765178.97
2026-02-03,8.186,8.375,8.132,8.366,936602178,7765368657.8
2026-02-04,8.36,8.395,8.249,8.388,1228797031,10253082426.66
2026-02-05,8.3,8.313,8.147,8.217,955243249,7857512551.86
2026-02-06,8.105,8.33,8.075,8.213,939936597,7713119714.98
2026-02-09,8.35,8.397,8.306,8.395,594262763,4971602275.26
2026-02-10,8.395,8.404,8.329,8.377,344342506,2882146775.22
2026-02-11,8.355,8.457,8.355,8.411,295235745,2482243732.04
2026-02-12,8.41,8.527,8.41,8.514,397617091,3373250861.01
2026-02-13,8.474,8.496,8.361,8.373,1017396628,8556305641.48
2026-02-24,8.471,8.534,8.403,8.469,438804915,3716092556.83
2026-02-25,8.48,8.633,8.479,8.602,735884137,6307508232.94
2026-02-26,8.623,8.656,8.561,8.63,805557550,6940415331.62
2026-02-27,8.58,8.739,8.58,8.737,482034893,4186633724.0
2026-03-02,8.682,8.773,8.62,8.733,772395741,6726537043.12
2026-03-03,8.74,8.74,8.335,8.375,679789667,5766882341.72
2026-03-04,8.241,8.466,8.237,8.317,526981471,4395025468.14
2026-03-05,8.433,8.459,8.311,8.371,552164159,4627319707.14
2026-03-06,8.31,8.469,8.31,8.421,317745639,2669063367.6
2026-03-09,8.298,8.38,8.124,8.356,469439650,3890089899.67
2026-03-10,8.44,8.492,8.391,8.481,435573866,3682631845.74
2026-03-11,8.489,8.519,8.441,8.468,385228347,3265195469.17
2026-03-12,8.452,8.495,8.354,8.426,325622423,2743368913.77
2026-03-13,8.362,8.447,8.29,8.311,198229100,1655080832.27
2026-03-16,8.298,8.308,8.124,8.259,392889521,3233611721.0
2026-03-17,8.265,8.29,8.074,8.078,349203593,2845078073.37
2026-03-18,8.11,8.168,8.023,8.156,492148046,3994109491.99
2026-03-19,8.04,8.073,7.906,7.945,391800334,3124477063.54
2026-03-20,7.96,8.012,7.809,7.812,731633951,5763568387.99
2026-03-23,7.701,7.777,7.46,7.512,674801120,5117016892.96
2026-03-24,7.589,7.657,7.437,7.652,591087113,4481622490.77
2026-03-25,7.7,7.879,7.698,7.826,586589336,4575983410.14
2026-03-26,7.792,7.835,7.681,7.7,320184434,2477800606.58
2026-03-27,7.58,7.852,7.58,7.803,396308985,3069413088.82
2026-03-30,7.706,7.836,7.665,7.818,478242199,3717376612.83
2026-03-31,7.805,7.86,7.68,7.683,368399919,2851783772.98
2026-04-01,7.815,7.85,7.755,7.809,356668632,2783679783.22
2026-04-02,7.771,7.809,7.619,7.672,486434169,3745543101.3
2026-04-03,7.697,7.707,7.581,7.603,240776879,1837207845.73
2026-04-07,7.617,7.701,7.6,7.629,328131755,2508020380.72
2026-04-08,7.82,8.029,7.815,8.026,1155004523,9189985988.0
2026-04-09,7.961,8.009,7.908,7.964,642825820,5117107802.47
2026-04-10,8.015,8.149,8.015,8.035,380034904,3065488213.97
2026-04-13,7.985,8.059,7.978,8.028,477728295,3832177139.72
2026-04-14,8.11,8.162,8.067,8.159,436813757,3551004635.24
2026-04-15,8.22,8.235,8.095,8.111,408317989,3326566656.38
2026-04-16,8.13,8.271,8.125,8.253,487968619,4009312829.91
2026-04-17,8.232,8.312,8.21,8.29,462973688,3829101048.89
2026-04-20,8.281,8.394,8.278,8.355,912541634,7612726491.37
2026-04-21,8.351,8.351,8.256,8.331,461344417,3835002357.05
2026-04-22,8.283,8.457,8.283,8.455,638322386,5360844171.76
2026-04-23,8.46,8.474,8.296,8.375,693980301,5816711556.21
2026-04-24,8.321,8.38,8.242,8.323,437159356,3634980045.14
2026-04-27,8.32,8.398,8.292,8.368,627518773,5241455137.94
2026-04-28,8.346,8.356,8.247,8.273,636938696,5281495667.23
2026-04-29,8.24,8.436,8.234,8.422,878967542,7351684521.29
2026-04-30,8.41,8.45,8.37,8.43,779361939,6559629653.25
2026-05-06,8.519,8.702,8.518,8.658,1025448160,8845515828.16
2026-05-07,8.702,8.778,8.669,8.771,1229160085,10742039702.84
2026-05-08,8.715,8.788,8.691,8.769,1111098647,9721372428.82
2026-05-11,8.838,8.945,8.788,8.912,660874404,5869666164.86
2026-05-12,8.92,8.927,8.821,8.862,510398080,4527230969.6
2026-05-13,8.8,9.021,8.8,9.009,515445104,4609797380.11
2026-05-14,9.049,9.049,8.76,8.772,890258803,7887989747.51
2026-05-15,8.76,8.809,8.553,8.612,1313659195,11373661310.31
2026-05-18,8.559,8.696,8.551,8.631,480879098,4148063099.35
2026-05-19,8.613,8.709,8.481,8.703,709789696,6126194866.18
2026-05-20,8.652,8.76,8.626,8.748,506792256,4414836272.77
2026-05-21,8.8,8.887,8.484,8.503,534504910,4609926680.45
2026-05-22,8.553,8.684,8.51,8.658,792937482,6833006594.89
2026-05-25,8.708,8.79,8.619,8.786,608513509,5313337122.75
2026-05-26,8.743,8.769,8.617,8.752,241401903,2103254313.54
2026-05-27,8.74,8.821,8.58,8.614,330242035,2863748846.84
2026-05-28,8.575,8.694,8.506,8.649,332221554,2862531649.78
2026-05-29,8.66,8.681,8.387,8.443,327944724,2788732617.99
2026-06-01,8.434,8.532,8.354,8.37,408369384,3437925720.77
2026-06-02,8.368,8.48,8.238,8.406,458809424,3842375989.53
2026-06-03,8.4,8.565,8.38,8.455,326737654,2766378803.87
2026-06-04,8.371,8.489,8.371,8.448,295929900,2496464636.4
2026-06-05,8.415,8.5,8.314,8.339,432045655,3622414786.74
2026-06-08,8.16,8.233,7.983,8.068,468788369,3794685584.27
2026-06-09,8.12,8.285,8.058,8.27,362274674,2972222183.72
2026-06-10,8.184,8.24,8.078,8.171,279284122,2279796287.89
2026-06-11,8.133,8.192,8.068,8.133,181558049,1476248496.42
2026-06-12,8.297,8.37,8.211,8.242,313357760,2592826558.83
2026-06-15,8.322,8.55,8.312,8.544,776775802,6578255341.87
2026-06-16,8.55,8.668,8.525,8.632,319534963,2750663473.16
2026-06-17,8.602,8.766,8.58,8.763,198642403,1728784833.31
2026-06-18,8.726,8.863,8.722,8.828,252960922,2227152277.6
2026-06-22,8.84,9.01,8.748,9.007,370108740,3301986808.7
2026-06-23,8.98,9.028,8.758,8.815,423346147,3753810285.45
2026-06-24,8.776,8.995,8.756,8.985,282708434,2519497563.81
2026-06-25,8.984,9.087,8.94,9.085,206275576,1864181138.84
2026-06-26,9.006,9.066,8.795,8.861,335195688,2985699724.91
2026-06-29,8.84,8.979,8.734,8.974,284530538,2531088822.54
2026-06-30,8.944,9.203,8.909,9.194,203024921,1847932830.94
2026-07-01,9.201,9.305,9.1,9.18,252069545,2317779466.28
2026-07-02,9.091,9.091,8.813,8.849,414291694,3694515229.86
2026-07-03,8.798,9.014,8.79,8.901,280135216,2493670314.43
2026-07-06,8.93,8.966,8.727,8.81,359963109,3180034092.61
2026-07-07,8.76,8.817,8.613,8.657,277314854,2411437532.1
2026-07-08,8.661,8.713,8.502,8.551,547319350,4700743457.37
2026-07-09,8.562,8.815,8.444,8.804,594252173,5162664794.97
2026-07-10,8.806,8.933,8.661,8.698,435206229,3814147390.96
2026-07-13,8.61,8.636,8.266,8.292,896481229,7528649361.14
2026-07-14,8.293,8.419,8.116,8.413,855502259,7114356785.84
2026-07-15,8.269,8.322,8.113,8.151,345132567,2828476430.75
2026-07-16,8.061,8.158,7.911,7.956,574772368,4602968713.73
2026-07-17,7.915,7.928,7.485,7.505,749802929,5727994508.94
2026-07-20,7.614,7.64,7.226,7.426,1170949174,8700932995.6
2026-07-21,7.423,7.805,7.277,7.792,1186779399,9048797324.24
2026-07-22,7.714,7.887,7.711,7.74,746438721,5806795623.57
2026-07-23,7.741,7.803,7.661,7.737,250147738,1934559223.11
2026-07-24,7.651,7.712,7.541,7.545,340683039,2588963974.37
2026-07-27,7.544,7.739,7.484,7.726,590866128,4519928923.82
2026-07-28,7.608,7.647,7.429,7.463,799075944,6003457567.27
2026-07-29,7.46,7.593,7.342,7.54,701473321,5255204296.49
2026-07-30,7.49,7.557,7.22,7.336,901607123,6645746103.63
2026-07-31,7.6,7.679,7.491,7.5,993636754,7508581737.73
2026-08-03,7.461,7.52,7.417,7.42,299515013,2232085715.21
2026-08-04,7.47,7.665,7.464,7.601,664801376,5036978425.49
2026-08-05,7.6,7.854,7.575,7.815,535909695,4152228316.86
2026-08-06,7.75,7.872,7.723,7.832,593953900,4638186005.1
2026-08-07,7.82,7.993,7.767,7.987,370068852,2929341676.15
2026-08-10,8.002,8.04,7.922,8.037,322227615,2577713510.8
2026-08-11,7.993,8.093,7.959,7.989,219026093,1755202100.6
2026-08-12,7.982,8.086,7.973,8.053,180872618,1453733521.74
2026-08-13,8.085,8.149,7.979,7.98,350887715,2819733677.74
2026-08-14,8.0,8.024,7.91,7.998,254678534,2031655558.56
2026-08-17,8.005,8.198,7.998,8.197,279138129,2269672126.9
2026-08-18,8.194,8.223,8.075,8.185,307256145,2507517399.35
2026-08-19,8.085,8.085,7.781,7.804,483053472,3811291894.08
2026-08-20,7.855,7.931,7.818,7.863,290214571,2284182150.15
2026-08-21,7.838,7.898,7.768,7.866,286568779,2247845502.48
2026-08-24,7.859,7.875,7.63,7.74,352454470,2730934718.38
2026-08-25,7.663,7.777,7.594,7.726,378296058,2912501350.54
2026-08-26,7.732,7.863,7.708,7.789,436064636,3395489965.65
2026-08-27,7.799,7.979,7.782,7.973,417021452,3299195713.92
