datetime,open,high,low,close,volume,amount
2025-05-20 11:30:00,5.729,5.748,5.729,5.746,6022698,34576309.22
2025-05-20 13:15:00,5.746,5.764,5.743,5.753,13979854,80430760.01
2025-05-20 13:30:00,5.753,5.757,5.747,5.749,2526268,14528567.27
2025-05-20 13:45:00,5.748,5.751,5.743,5.75,3168800,18214262.4
2025-05-20 14:00:00,5.75,5.751,5.743,5.748,5794367,33302158.6
2025-05-20 14:15:00,5.749,5.752,5.745,5.751,5110046,29379357.8
2025-05-20 14:30:00,5.751,5.755,5.749,5.75,6876024,39546306.03
2025-05-20 14:45:00,5.751,5.754,5.748,5.748,7402713,42565599.75
2025-05-20 15:00:00,5.749,5.751,5.747,5.748,8196897,47121228.55
2025-05-21 09:45:00,5.739,5.753,5.738,5.75,12523454,71972290.14
2025-05-21 10:00:00,5.75,5.752,5.738,5.739,3968604,22791692.77
2025-05-21 10:15:00,5.738,5.74,5.731,5.739,7641930,43839205.1
2025-05-21 10:30:00,5.739,5.748,5.735,5.745,6435224,36955346.36
2025-05-21 10:45:00,5.745,5.753,5.741,5.742,6205719,35653924.23
2025-05-21 11:00:00,5.742,5.751,5.737,5.75,4142945,23805361.97
2025-05-21 11:15:00,5.751,5.755,5.747,5.751,5152461,29631803.21
2025-05-21 11:30:00,5.751,5.764,5.75,5.754,5814037,33465596.97
2025-05-21 13:15:00,5.754,5.76,5.748,5.751,3987278,22938810.33
2025-05-21 13:30:00,5.75,5.759,5.749,5.757,2758367,15874402.08
2025-05-21 13:45:00,5.757,5.758,5.75,5.752,2460196,14154327.65
2025-05-21 14:00:00,5.752,5.755,5.749,5.751,2778933,15983496.3
2025-05-21 14:15:00,5.751,5.752,5.746,5.752,5213912,29979994.0
2025-05-21 14:30:00,5.752,5.754,5.749,5.754,3462511,19917517.44
2025-05-21 14:45:00,5.754,5.762,5.753,5.758,5830354,33569234.88
2025-05-21 15:00:00,5.758,5.76,5.755,5.757,4475169,25765039.66
2025-05-22 09:45:00,5.733,5.757,5.722,5.757,16287828,93579001.14
2025-05-22 10:00:00,5.756,5.765,5.74,5.751,10934733,62896584.22
2025-05-22 10:15:00,5.751,5.752,5.737,5.738,8282106,47558613.35
2025-05-22 10:30:00,5.737,5.744,5.734,5.739,5923974,33997686.79
2025-05-22 10:45:00,5.738,5.742,5.73,5.73,5346359,30656022.51
2025-05-22 11:00:00,5.73,5.732,5.708,5.71,10533159,60214558.95
2025-05-22 11:15:00,5.71,5.719,5.704,5.713,11816500,67495848.0
2025-05-22 11:30:00,5.713,5.731,5.712,5.731,6861130,39277682.21
2025-05-22 13:15:00,5.73,5.732,5.719,5.722,9628800,55118460.8
2025-05-22 13:30:00,5.721,5.721,5.713,5.718,5209189,29782669.91
2025-05-22 13:45:00,5.717,5.72,5.715,5.717,5340800,30535133.87
2025-05-22 14:00:00,5.717,5.725,5.714,5.722,5030546,28776399.97
2025-05-22 14:15:00,5.722,5.722,5.712,5.712,2226700,12726332.73
2025-05-22 14:30:00,5.712,5.718,5.711,5.714,1993800,11393237.8
2025-05-22 14:45:00,5.714,5.718,5.712,5.717,7535110,43068177.06
2025-05-22 15:00:00,5.717,5.717,5.707,5.71,26352591,150508431.4
2025-05-23 09:45:00,5.707,5.724,5.701,5.717,11994177,68534727.38
2025-05-23 10:00:00,5.718,5.724,5.709,5.721,8778737,50196818.17
2025-05-23 10:15:00,5.721,5.728,5.715,5.716,7358204,42086474.15
2025-05-23 10:30:00,5.716,5.741,5.716,5.73,9756886,55897199.89
2025-05-23 10:45:00,5.73,5.734,5.723,5.727,13649850,78186340.8
2025-05-23 11:00:00,5.728,5.739,5.726,5.739,6576394,37713427.46
2025-05-23 11:15:00,5.739,5.747,5.737,5.737,16235922,93199604.25
2025-05-23 11:30:00,5.737,5.743,5.726,5.727,3263715,18707614.38
2025-05-23 13:15:00,5.727,5.727,5.715,5.722,3567918,20413248.18
2025-05-23 13:30:00,5.722,5.73,5.719,5.726,2630522,15059738.45
2025-05-23 13:45:00,5.726,5.728,5.719,5.719,2511520,14370917.44
2025-05-23 14:00:00,5.719,5.719,5.706,5.706,4661968,26621391.27
2025-05-23 14:15:00,5.706,5.707,5.668,5.672,47071574,267476373.99
2025-05-23 14:30:00,5.671,5.682,5.668,5.678,15251433,86567133.71
2025-05-23 14:45:00,5.678,5.679,5.664,5.673,24056860,136450509.92
2025-05-23 15:00:00,5.674,5.674,5.66,5.661,13520445,76593320.92
2025-05-26 09:45:00,5.657,5.675,5.651,5.674,26067998,147718655.33
2025-05-26 10:00:00,5.674,5.679,5.665,5.676,10174399,57722756.99
2025-05-26 10:15:00,5.676,5.693,5.673,5.687,12763732,72553307.27
2025-05-26 10:30:00,5.687,5.7,5.687,5.699,8086431,46054920.02
2025-05-26 10:45:00,5.699,5.704,5.691,5.692,14225333,81022754.99
2025-05-26 11:00:00,5.692,5.693,5.683,5.683,9293664,52846871.39
2025-05-26 11:15:00,5.683,5.686,5.677,5.677,14925130,84774738.4
2025-05-26 11:30:00,5.677,5.678,5.645,5.654,10957419,62008034.12
2025-05-26 13:15:00,5.653,5.663,5.652,5.663,3628963,20537511.27
2025-05-26 13:30:00,5.663,5.663,5.653,5.656,2884363,16317802.95
2025-05-26 13:45:00,5.656,5.665,5.655,5.662,2870300,16247811.53
2025-05-26 14:00:00,5.661,5.672,5.661,5.67,5941057,33671930.72
2025-05-26 14:15:00,5.67,5.678,5.666,5.675,3137306,17797936.94
2025-05-26 14:30:00,5.675,5.676,5.662,5.67,4123085,23375143.23
2025-05-26 14:45:00,5.67,5.676,5.667,5.669,10617707,60209477.16
2025-05-26 15:00:00,5.668,5.674,5.668,5.672,28481019,161525352.42
2025-05-27 09:45:00,5.672,5.672,5.637,5.643,91520792,517153488.66
2025-05-27 10:00:00,5.644,5.66,5.642,5.655,14073247,79546683.13
2025-05-27 10:15:00,5.655,5.656,5.646,5.655,12029774,67996292.57
2025-05-27 10:30:00,5.655,5.656,5.646,5.654,8214661,46429263.97
2025-05-27 10:45:00,5.654,5.654,5.642,5.643,5496773,31036612.62
2025-05-27 11:00:00,5.643,5.649,5.64,5.642,3510641,19812887.59
2025-05-27 11:15:00,5.643,5.65,5.642,5.645,2124535,11994416.43
2025-05-27 11:30:00,5.646,5.646,5.633,5.64,14987387,84523866.88
2025-05-27 13:15:00,5.642,5.666,5.638,5.651,9704517,54846695.24
2025-05-27 13:30:00,5.653,5.655,5.644,5.648,2909700,16436895.3
2025-05-27 13:45:00,5.647,5.654,5.645,5.645,1075400,6073859.2
2025-05-27 14:00:00,5.645,5.646,5.633,5.644,4164727,23493225.01
2025-05-27 14:15:00,5.645,5.664,5.644,5.664,4491501,25409918.32
2025-05-27 14:30:00,5.664,5.678,5.659,5.66,9305750,52723277.58
2025-05-27 14:45:00,5.66,5.662,5.653,5.654,3291450,18617538.35
2025-05-27 15:00:00,5.655,5.663,5.654,5.656,12446306,70417050.58
2025-05-28 09:45:00,5.657,5.67,5.65,5.651,21101992,119373968.74
2025-05-28 10:00:00,5.652,5.658,5.646,5.658,14552201,82278144.45
2025-05-28 10:15:00,5.657,5.658,5.636,5.637,17519393,98873614.29
2025-05-28 10:30:00,5.637,5.643,5.635,5.639,7604721,42883021.72
2025-05-28 10:45:00,5.639,5.651,5.637,5.65,3955006,22329963.88
2025-05-28 11:00:00,5.65,5.658,5.648,5.658,4749062,26854362.59
2025-05-28 11:15:00,5.658,5.659,5.646,5.646,5563000,31432804.33
2025-05-28 11:30:00,5.646,5.656,5.638,5.647,10078907,56915587.83
2025-05-28 13:15:00,5.649,5.65,5.641,5.646,2402915,13566057.12
2025-05-28 13:30:00,5.646,5.652,5.645,5.648,2083007,11765517.87
2025-05-28 13:45:00,5.649,5.651,5.637,5.638,10492500,59198685.0
2025-05-28 14:00:00,5.638,5.646,5.636,5.646,2742360,15474223.36
2025-05-28 14:15:00,5.646,5.647,5.636,5.64,3602970,20324353.77
2025-05-28 14:30:00,5.64,5.65,5.634,5.647,5830785,32907006.95
2025-05-28 14:45:00,5.647,5.65,5.642,5.642,3109339,17551182.21
2025-05-28 15:00:00,5.644,5.649,5.642,5.648,14262195,80529107.04
2025-05-29 09:45:00,5.65,5.69,5.649,5.686,29313996,166356927.3
2025-05-29 10:00:00,5.688,5.703,5.681,5.702,27214691,154996736.81
2025-05-29 10:15:00,5.703,5.714,5.699,5.705,44533830,254110033.98
2025-05-29 10:30:00,5.705,5.725,5.702,5.715,40111968,229199785.15
2025-05-29 10:45:00,5.714,5.731,5.71,5.731,47646845,272730540.78
2025-05-29 11:00:00,5.731,5.739,5.727,5.728,49717627,284948292.88
2025-05-29 11:15:00,5.729,5.732,5.711,5.72,14046000,80357166.0
2025-05-29 11:30:00,5.721,5.724,5.707,5.717,8426113,48163661.91
2025-05-29 13:15:00,5.717,5.722,5.712,5.72,6251907,35748404.23
2025-05-29 13:30:00,5.716,5.725,5.715,5.72,9504993,54368559.96
2025-05-29 13:45:00,5.72,5.732,5.717,5.729,5001577,28639029.9
2025-05-29 14:00:00,5.729,5.731,5.723,5.726,3599555,20613451.63
2025-05-29 14:15:00,5.726,5.731,5.719,5.728,8088246,46313296.6
2025-05-29 14:30:00,5.728,5.729,5.721,5.723,5530900,31660715.23
2025-05-29 14:45:00,5.723,5.728,5.721,5.722,6891822,39446491.85
2025-05-29 15:00:00,5.722,5.73,5.721,5.729,14615506,83698131.03
2025-05-30 09:45:00,5.71,5.711,5.684,5.686,148885761,847705894.55
2025-05-30 10:00:00,5.686,5.698,5.683,5.684,25992464,147853799.39
2025-05-30 10:15:00,5.684,5.693,5.678,5.678,33654222,191256943.63
2025-05-30 10:30:00,5.677,5.681,5.671,5.678,39486007,224148899.74
2025-05-30 10:45:00,5.679,5.685,5.672,5.683,8867073,50364974.64
2025-05-30 11:00:00,5.683,5.686,5.678,5.681,7747922,44021110.16
2025-05-30 11:15:00,5.681,5.693,5.68,5.687,3493748,19867780.29
2025-05-30 11:30:00,5.689,5.695,5.68,5.69,7360320,41867953.6
2025-05-30 13:15:00,5.69,5.694,5.686,5.691,2854003,16240228.4
2025-05-30 13:30:00,5.691,5.694,5.689,5.689,2234875,12717928.67
2025-05-30 13:45:00,5.69,5.698,5.689,5.698,3246481,18488709.3
2025-05-30 14:00:00,5.699,5.7,5.691,5.693,4770322,27165393.68
2025-05-30 14:15:00,5.693,5.693,5.684,5.688,4887321,27800710.95
2025-05-30 14:30:00,5.687,5.69,5.681,5.687,8286100,47114764.6
2025-05-30 14:45:00,5.687,5.693,5.685,5.689,15145939,86165246.97
2025-05-30 15:00:00,5.69,5.698,5.688,5.693,17628158,100357103.49
2025-06-03 09:45:00,5.68,5.705,5.666,5.698,39179000,222915450.33
2025-06-03 10:00:00,5.697,5.727,5.697,5.727,24050411,137496199.69
2025-06-03 10:15:00,5.728,5.73,5.707,5.707,8567937,48962903.98
2025-06-03 10:30:00,5.707,5.713,5.697,5.697,4643661,26479702.91
2025-06-03 10:45:00,5.699,5.704,5.695,5.704,4944661,28189512.36
2025-06-03 11:00:00,5.704,5.705,5.694,5.697,3522528,20073712.9
2025-06-03 11:15:00,5.697,5.715,5.696,5.713,3551901,20274250.91
2025-06-03 11:30:00,5.713,5.715,5.705,5.712,2065552,11795678.95
2025-06-03 13:15:00,5.711,5.713,5.701,5.703,7638734,43584069.96
2025-06-03 13:30:00,5.703,5.706,5.699,5.702,1697359,9678906.8
2025-06-03 13:45:00,5.703,5.705,5.696,5.703,1535634,8755161.31
2025-06-03 14:00:00,5.705,5.71,5.703,5.709,1151231,6570459.06
2025-06-03 14:15:00,5.709,5.712,5.704,5.711,1900100,10847670.9
2025-06-03 14:30:00,5.711,5.714,5.709,5.709,4523450,25831915.13
2025-06-03 14:45:00,5.711,5.713,5.705,5.707,12969200,74032516.67
2025-06-03 15:00:00,5.706,5.709,5.701,5.702,15564923,88782320.79
2025-06-04 09:45:00,5.704,5.737,5.704,5.737,14786823,84669348.5
2025-06-04 10:00:00,5.737,5.739,5.731,5.737,8035751,46090389.15
2025-06-04 10:15:00,5.738,5.746,5.737,5.739,7796338,44756177.68
2025-06-04 10:30:00,5.738,5.751,5.738,5.747,8172567,46954121.6
2025-06-04 10:45:00,5.748,5.751,5.736,5.736,10417897,59809146.68
2025-06-04 11:00:00,5.737,5.744,5.736,5.744,1906515,10945938.12
2025-06-04 11:15:00,5.744,5.747,5.741,5.747,2642282,15179910.09
2025-06-04 11:30:00,5.747,5.763,5.745,5.758,17172989,98836276.02
2025-06-04 13:15:00,5.757,5.758,5.749,5.751,2150069,12368630.27
2025-06-04 13:30:00,5.751,5.754,5.745,5.748,1427500,8206697.5
2025-06-04 13:45:00,5.746,5.751,5.742,5.75,4427461,25447570.01
2025-06-04 14:00:00,5.75,5.752,5.747,5.751,2115332,12163159.0
2025-06-04 14:15:00,5.751,5.755,5.748,5.751,1111356,6391778.81
2025-06-04 14:30:00,5.751,5.755,5.75,5.752,4224190,24298948.94
2025-06-04 14:45:00,5.752,5.752,5.745,5.747,7658703,44022224.84
2025-06-04 15:00:00,5.747,5.751,5.746,5.751,15479503,88996822.58
2025-06-05 09:45:00,5.756,5.758,5.733,5.745,22888721,131503331.72
2025-06-05 10:00:00,5.745,5.759,5.743,5.748,6774564,38953743.0
2025-06-05 10:15:00,5.749,5.762,5.747,5.76,11388361,65555202.04
2025-06-05 10:30:00,5.76,5.761,5.751,5.751,11899445,68473373.01
2025-06-05 10:45:00,5.752,5.756,5.745,5.749,5521746,31750039.5
2025-06-05 11:00:00,5.749,5.751,5.746,5.75,4881095,28061415.15
2025-06-05 11:15:00,5.75,5.758,5.747,5.754,5017035,28863002.36
2025-06-05 11:30:00,5.753,5.76,5.753,5.756,3498115,20136315.98
2025-06-05 13:15:00,5.754,5.762,5.753,5.755,2892570,16651561.3
2025-06-05 13:30:00,5.756,5.772,5.756,5.77,10250615,59105046.09
2025-06-05 13:45:00,5.77,5.779,5.766,5.776,16797021,96980400.25
2025-06-05 14:00:00,5.774,5.779,5.77,5.773,7514176,43386852.22
2025-06-05 14:15:00,5.773,5.785,5.773,5.782,9522976,55042801.28
2025-06-05 14:30:00,5.781,5.786,5.778,5.783,6978836,40353956.03
2025-06-05 14:45:00,5.783,5.799,5.781,5.796,28748591,166511839.07
2025-06-05 15:00:00,5.795,5.796,5.783,5.784,14011952,81096507.53
2025-06-06 09:45:00,5.783,5.794,5.772,5.784,13321931,77045167.62
2025-06-06 10:00:00,5.784,5.787,5.775,5.776,5204546,30078806.18
2025-06-06 10:15:00,5.777,5.783,5.773,5.781,12844953,74230983.39
2025-06-06 10:30:00,5.78,5.78,5.772,5.775,4394131,25379035.95
2025-06-06 10:45:00,5.775,5.781,5.771,5.78,5968210,34480338.57
2025-06-06 11:00:00,5.78,5.787,5.78,5.785,2198538,12716343.79
2025-06-06 11:15:00,5.786,5.789,5.78,5.784,3779003,21859013.02
2025-06-06 11:30:00,5.784,5.785,5.774,5.774,2181978,12606741.56
2025-06-06 13:15:00,5.774,5.779,5.772,5.777,2758792,15934782.59
2025-06-06 13:30:00,5.777,5.778,5.77,5.773,2701630,15598311.08
2025-06-06 13:45:00,5.773,5.778,5.771,5.773,3528523,20373691.8
2025-06-06 14:00:00,5.772,5.777,5.77,5.775,4187623,24179335.2
2025-06-06 14:15:00,5.776,5.776,5.77,5.773,4202533,24261223.01
2025-06-06 14:30:00,5.774,5.779,5.773,5.779,4390979,25366685.68
2025-06-06 14:45:00,5.779,5.783,5.776,5.78,9587426,55412126.47
2025-06-06 15:00:00,5.782,5.788,5.78,5.785,19823882,114667941.45
2025-06-09 09:45:00,5.795,5.82,5.789,5.818,26424571,153500332.94
2025-06-09 10:00:00,5.818,5.832,5.817,5.826,24005574,139832468.55
2025-06-09 10:15:00,5.826,5.849,5.826,5.847,35399137,206754559.5
2025-06-09 10:30:00,5.848,5.852,5.833,5.841,21396824,125000245.81
2025-06-09 10:45:00,5.841,5.852,5.839,5.841,13207181,77182765.76
2025-06-09 11:00:00,5.841,5.843,5.836,5.838,3764268,21979560.85
2025-06-09 11:15:00,5.839,5.842,5.83,5.833,3979073,23217890.96
2025-06-09 11:30:00,5.834,5.835,5.825,5.825,5744263,33479479.52
2025-06-09 13:15:00,5.825,5.829,5.816,5.829,8601623,50101586.77
2025-06-09 13:30:00,5.83,5.83,5.82,5.824,1873413,10912006.25
2025-06-09 13:45:00,5.822,5.825,5.819,5.822,2081688,12119587.54
2025-06-09 14:00:00,5.821,5.825,5.818,5.824,3273521,19059530.44
2025-06-09 14:15:00,5.824,5.829,5.823,5.825,2280505,13285461.96
2025-06-09 14:30:00,5.825,5.828,5.82,5.824,1198428,6979644.67
2025-06-09 14:45:00,5.824,5.826,5.82,5.824,9315657,54248175.93
2025-06-09 15:00:00,5.825,5.828,5.823,5.826,33316513,194090899.23
2025-06-10 09:45:00,5.825,5.829,5.812,5.825,13553277,78907178.69
2025-06-10 10:00:00,5.825,5.825,5.812,5.814,10369548,60319660.72
2025-06-10 10:15:00,5.814,5.817,5.806,5.816,5052141,29368095.63
2025-06-10 10:30:00,5.814,5.815,5.807,5.81,2622264,15237102.02
2025-06-10 10:45:00,5.811,5.813,5.805,5.811,11007744,63951323.39
2025-06-10 11:00:00,5.811,5.814,5.81,5.81,2487692,14456807.44
2025-06-10 11:15:00,5.811,5.819,5.809,5.819,3237993,18831087.96
2025-06-10 11:30:00,5.819,5.819,5.81,5.812,3611574,20996487.38
2025-06-10 13:15:00,5.812,5.814,5.786,5.786,6497612,37655827.41
2025-06-10 13:30:00,5.786,5.786,5.745,5.746,41776816,240592683.34
2025-06-10 13:45:00,5.745,5.774,5.742,5.769,24482100,141057699.5
2025-06-10 14:00:00,5.769,5.776,5.765,5.77,7245509,41809002.1
2025-06-10 14:15:00,5.77,5.774,5.76,5.766,6924262,39929910.87
2025-06-10 14:30:00,5.767,5.778,5.764,5.777,12062700,69637967.1
2025-06-10 14:45:00,5.778,5.782,5.774,5.78,7158747,41368012.66
2025-06-10 15:00:00,5.781,5.782,5.775,5.777,24447950,141260255.1
2025-06-11 09:45:00,5.777,5.827,5.777,5.826,28996795,168471378.95
2025-06-11 10:00:00,5.826,5.848,5.823,5.838,28799325,168082460.48
2025-06-11 10:15:00,5.839,5.845,5.828,5.831,21636303,126240615.9
2025-06-11 10:30:00,5.832,5.834,5.821,5.827,16664857,97111676.69
2025-06-11 10:45:00,5.827,5.828,5.818,5.825,9768710,56889710.8
2025-06-11 11:00:00,5.825,5.827,5.811,5.815,10344104,60178549.04
2025-06-11 11:15:00,5.814,5.823,5.811,5.819,9056553,52688006.5
2025-06-11 11:30:00,5.819,5.827,5.817,5.824,9411469,54799846.83
2025-06-11 13:15:00,5.826,5.844,5.821,5.825,11159034,65057168.22
2025-06-11 13:30:00,5.823,5.824,5.818,5.823,2569084,14956350.69
2025-06-11 13:45:00,5.823,5.825,5.818,5.82,2315677,13479555.82
2025-06-11 14:00:00,5.82,5.826,5.82,5.82,3843268,22375506.3
2025-06-11 14:15:00,5.82,5.828,5.82,5.827,2929601,17064925.82
2025-06-11 14:30:00,5.826,5.827,5.821,5.822,7234102,42126587.31
2025-06-11 14:45:00,5.823,5.824,5.816,5.816,8999986,52367918.54
2025-06-11 15:00:00,5.817,5.818,5.812,5.814,56650720,329405053.23
2025-06-12 09:45:00,5.809,5.817,5.786,5.817,19801699,114981865.53
2025-06-12 10:00:00,5.817,5.821,5.808,5.812,4756719,27653978.69
2025-06-12 10:15:00,5.812,5.819,5.81,5.817,4805219,27943950.22
2025-06-12 10:30:00,5.818,5.82,5.815,5.816,3422681,19909735.38
2025-06-12 10:45:00,5.817,5.828,5.816,5.821,6324519,36819241.44
2025-06-12 11:00:00,5.82,5.833,5.817,5.83,7839249,45676690.84
2025-06-12 11:15:00,5.831,5.834,5.824,5.826,2967273,17293267.04
2025-06-12 11:30:00,5.826,5.831,5.819,5.824,3290925,19168541.15
2025-06-12 13:15:00,5.824,5.835,5.823,5.831,3392010,19774287.63
2025-06-12 13:30:00,5.831,5.832,5.82,5.821,2559883,14909611.89
2025-06-12 13:45:00,5.821,5.821,5.808,5.808,4254473,24728415.23
2025-06-12 14:00:00,5.808,5.818,5.807,5.818,6128858,35635223.36
2025-06-12 14:15:00,5.819,5.827,5.815,5.826,3961229,23064916.06
2025-06-12 14:30:00,5.827,5.829,5.825,5.827,3585073,20890220.37
2025-06-12 14:45:00,5.827,5.831,5.823,5.824,8602613,50118823.34
2025-06-12 15:00:00,5.824,5.826,5.818,5.826,6541260,38091937.4
2025-06-13 09:45:00,5.814,5.822,5.801,5.81,22284937,129497768.91
2025-06-13 10:00:00,5.81,5.811,5.78,5.781,14635017,84746505.11
2025-06-13 10:15:00,5.781,5.788,5.773,5.781,17550743,101454995.04
2025-06-13 10:30:00,5.781,5.784,5.764,5.768,9917482,57243706.1
2025-06-13 10:45:00,5.768,5.773,5.765,5.765,12820871,73946510.3
2025-06-13 11:00:00,5.765,5.768,5.754,5.761,5621378,32384758.66
2025-06-13 11:15:00,5.762,5.773,5.759,5.77,6078676,35057750.72
2025-06-13 11:30:00,5.771,5.774,5.765,5.771,4036555,23290922.35
2025-06-13 13:15:00,5.771,5.771,5.756,5.766,2812923,16214625.81
2025-06-13 13:30:00,5.766,5.775,5.763,5.774,6978551,40270891.64
2025-06-13 13:45:00,5.774,5.78,5.768,5.77,3864789,22310138.63
2025-06-13 14:00:00,5.769,5.786,5.768,5.778,5086217,29384771.01
2025-06-13 14:15:00,5.779,5.788,5.774,5.777,12383500,71572502.17
2025-06-13 14:30:00,5.778,5.78,5.771,5.774,5259691,30374715.52
2025-06-13 14:45:00,5.774,5.776,5.766,5.771,6223831,35917728.7
2025-06-13 15:00:00,5.773,5.778,5.771,5.773,24135114,139356148.24
2025-06-16 09:45:00,5.755,5.812,5.755,5.809,45348648,262659369.22
2025-06-16 10:00:00,5.81,5.81,5.791,5.805,11601818,67313748.04
2025-06-16 10:15:00,5.807,5.81,5.798,5.801,13282576,77078788.53
2025-06-16 10:30:00,5.801,5.81,5.798,5.806,13992317,81220736.08
2025-06-16 10:45:00,5.806,5.808,5.796,5.797,6037450,35019222.48
2025-06-16 11:00:00,5.796,5.799,5.791,5.798,5206784,30178520.06
2025-06-16 11:15:00,5.798,5.799,5.791,5.792,7867120,45582093.28
2025-06-16 11:30:00,5.791,5.795,5.788,5.788,8322300,48188891.1
2025-06-16 13:15:00,5.788,5.796,5.785,5.795,6162213,35691537.7
2025-06-16 13:30:00,5.794,5.797,5.791,5.796,4252363,24641026.13
2025-06-16 13:45:00,5.796,5.796,5.788,5.788,6562052,37998655.78
2025-06-16 14:00:00,5.789,5.794,5.789,5.794,4351019,25202552.39
2025-06-16 14:15:00,5.795,5.8,5.793,5.798,5514075,31965092.78
2025-06-16 14:30:00,5.799,5.803,5.795,5.798,8333691,48324296.21
2025-06-16 14:45:00,5.799,5.807,5.799,5.803,10103550,58630900.65
2025-06-16 15:00:00,5.803,5.804,5.796,5.798,23264119,134916380.79
2025-06-17 09:45:00,5.802,5.804,5.78,5.801,42471519,246122452.6
2025-06-17 10:00:00,5.802,5.808,5.797,5.799,9580073,55577196.83
2025-06-17 10:15:00,5.799,5.801,5.791,5.792,7480966,43349704.31
2025-06-17 10:30:00,5.792,5.794,5.776,5.776,3572500,20656195.0
2025-06-17 10:45:00,5.775,5.782,5.771,5.78,15243347,88070977.85
2025-06-17 11:00:00,5.779,5.779,5.769,5.774,30589784,176625412.82
2025-06-17 11:15:00,5.774,5.781,5.772,5.779,2514190,14525313.69
2025-06-17 11:30:00,5.779,5.784,5.777,5.78,2446722,14142868.73
2025-06-17 13:15:00,5.781,5.781,5.773,5.778,22697562,131131381.53
2025-06-17 13:30:00,5.777,5.784,5.772,5.783,19070258,110219734.49
2025-06-17 13:45:00,5.784,5.789,5.778,5.782,8801178,50897212.37
2025-06-17 14:00:00,5.782,5.785,5.772,5.773,17106700,98819703.67
2025-06-17 14:15:00,5.773,5.775,5.769,5.773,6716600,38770454.07
2025-06-17 14:30:00,5.773,5.775,5.77,5.773,5266800,30403480.8
2025-06-17 14:45:00,5.773,5.78,5.77,5.779,12889147,74452009.45
2025-06-17 15:00:00,5.779,5.786,5.778,5.785,17059338,98654151.65
2025-06-18 09:45:00,5.786,5.79,5.766,5.773,15796805,91247611.28
2025-06-18 10:00:00,5.773,5.773,5.759,5.763,14133461,81479402.67
2025-06-18 10:15:00,5.763,5.763,5.746,5.751,13367579,76908137.85
2025-06-18 10:30:00,5.751,5.755,5.748,5.754,5774130,33214720.47
2025-06-18 10:45:00,5.753,5.76,5.751,5.752,11709073,67377909.07
2025-06-18 11:00:00,5.752,5.754,5.74,5.744,13908070,79915770.22
2025-06-18 11:15:00,5.745,5.756,5.744,5.753,3992488,22960798.49
2025-06-18 11:30:00,5.753,5.755,5.747,5.748,3546463,20392162.25
2025-06-18 13:15:00,5.748,5.768,5.747,5.765,11315431,65176882.56
2025-06-18 13:30:00,5.766,5.782,5.765,5.776,9641674,55674239.57
2025-06-18 13:45:00,5.777,5.782,5.773,5.776,9186089,53068036.15
2025-06-18 14:00:00,5.777,5.778,5.771,5.774,7597381,43869810.35
2025-06-18 14:15:00,5.774,5.781,5.77,5.779,8248601,47649418.44
2025-06-18 14:30:00,5.778,5.779,5.774,5.777,5503004,31789019.77
2025-06-18 14:45:00,5.777,5.778,5.771,5.777,9243389,53383652.6
2025-06-18 15:00:00,5.777,5.777,5.774,5.776,7169199,41406903.69
2025-06-19 09:45:00,5.763,5.785,5.76,5.774,32729207,188945712.01
2025-06-19 10:00:00,5.774,5.774,5.761,5.764,34422440,198491263.19
2025-06-19 10:15:00,5.764,5.765,5.756,5.757,23499691,135342553.7
2025-06-19 10:30:00,5.757,5.761,5.753,5.755,12562564,72314305.91
2025-06-19 10:45:00,5.754,5.76,5.752,5.758,5431152,31265331.68
2025-06-19 11:00:00,5.759,5.76,5.744,5.745,9074159,52173389.53
2025-06-19 11:15:00,5.745,5.745,5.737,5.741,6751608,38760981.53
2025-06-19 11:30:00,5.741,5.741,5.715,5.716,13217700,75658114.8
2025-06-19 13:15:00,5.716,5.722,5.71,5.721,11790665,67415092.25
2025-06-19 13:30:00,5.722,5.724,5.718,5.722,8045249,46029551.28
2025-06-19 13:45:00,5.722,5.728,5.72,5.721,4577937,26199533.45
2025-06-19 14:00:00,5.722,5.722,5.713,5.716,3456080,19758409.36
2025-06-19 14:15:00,5.716,5.72,5.712,5.716,3587552,20506447.23
2025-06-19 14:30:00,5.716,5.716,5.701,5.71,8626000,49245834.0
2025-06-19 14:45:00,5.71,5.717,5.695,5.711,27186236,155169973.01
2025-06-19 15:00:00,5.711,5.721,5.705,5.716,15314157,87505093.1
2025-06-20 09:45:00,5.713,5.729,5.712,5.713,20076398,114796843.76
2025-06-20 10:00:00,5.714,5.721,5.702,5.704,10384952,59287690.97
2025-06-20 10:15:00,5.705,5.721,5.698,5.698,11501921,65626127.25
2025-06-20 10:30:00,5.698,5.707,5.693,5.707,15213713,86753662.76
2025-06-20 10:45:00,5.707,5.713,5.7,5.707,13097024,74740350.29
2025-06-20 11:00:00,5.708,5.712,5.702,5.703,5280388,30128133.8
2025-06-20 11:15:00,5.703,5.707,5.698,5.7,3830036,21837588.59
2025-06-20 11:30:00,5.7,5.704,5.697,5.7,4970102,28331238.1
2025-06-20 13:15:00,5.702,5.706,5.692,5.705,12675485,72262939.98
2025-06-20 13:30:00,5.704,5.705,5.697,5.697,7597215,43301593.1
2025-06-20 13:45:00,5.698,5.701,5.693,5.694,7268304,41400259.58
2025-06-20 14:00:00,5.694,5.695,5.691,5.692,9255911,52690816.02
2025-06-20 14:15:00,5.692,5.692,5.683,5.687,30741791,174838812.68
2025-06-20 14:30:00,5.687,5.692,5.682,5.686,32483336,184721904.05
2025-06-20 14:45:00,5.686,5.688,5.68,5.682,77078510,438062865.17
2025-06-20 15:00:00,5.682,5.685,5.678,5.678,62188880,353253568.03
2025-06-23 09:45:00,5.668,5.7,5.661,5.69,34036622,193452813.91
2025-06-23 10:00:00,5.691,5.699,5.684,5.696,14997290,85379571.97
2025-06-23 10:15:00,5.695,5.7,5.682,5.685,11319853,64398643.72
2025-06-23 10:30:00,5.685,5.686,5.677,5.683,4893873,27806986.39
2025-06-23 10:45:00,5.684,5.695,5.679,5.691,7516841,42758297.22
2025-06-23 11:00:00,5.692,5.693,5.683,5.685,5931800,33734146.6
2025-06-23 11:15:00,5.685,5.685,5.681,5.684,3219275,18296212.92
2025-06-23 11:30:00,5.685,5.691,5.681,5.681,3882902,22071709.27
2025-06-23 13:15:00,5.683,5.692,5.68,5.685,1953884,11109133.13
2025-06-23 13:30:00,5.685,5.694,5.685,5.692,2081659,11845333.6
2025-06-23 13:45:00,5.693,5.699,5.691,5.699,5059325,28819601.64
2025-06-23 14:00:00,5.699,5.713,5.699,5.706,16762831,95648713.69
2025-06-23 14:15:00,5.707,5.722,5.705,5.721,17448161,99733688.28
2025-06-23 14:30:00,5.722,5.724,5.714,5.719,8681585,49649984.62
2025-06-23 14:45:00,5.72,5.726,5.713,5.714,13836900,79114781.9
2025-06-23 15:00:00,5.714,5.717,5.711,5.713,40158634,229453048.46
2025-06-24 09:45:00,5.723,5.762,5.723,5.761,41293813,237384366.33
2025-06-24 10:00:00,5.761,5.773,5.755,5.772,27567023,158969832.63
2025-06-24 10:15:00,5.772,5.805,5.772,5.801,46857033,271427173.16
2025-06-24 10:30:00,5.802,5.807,5.796,5.802,62557903,362940100.57
2025-06-24 10:45:00,5.802,5.808,5.791,5.794,30806325,178604803.58
2025-06-24 11:00:00,5.793,5.795,5.783,5.785,10162952,58819778.53
2025-06-24 11:15:00,5.786,5.795,5.784,5.792,15439346,89398959.79
2025-06-24 11:30:00,5.792,5.797,5.787,5.794,7263426,42074605.68
2025-06-24 13:15:00,5.794,5.808,5.794,5.806,10399939,60347379.37
2025-06-24 13:30:00,5.806,5.807,5.789,5.795,5089323,29502805.43
2025-06-24 13:45:00,5.796,5.8,5.794,5.794,6520575,37793252.7
2025-06-24 14:00:00,5.795,5.801,5.792,5.795,14959615,86705928.54
2025-06-24 14:15:00,5.795,5.795,5.788,5.792,10745172,62232454.5
2025-06-24 14:30:00,5.792,5.8,5.791,5.8,14331076,83077247.57
2025-06-24 14:45:00,5.8,5.804,5.797,5.799,30258774,175500889.2
2025-06-24 15:00:00,5.799,5.805,5.798,5.804,50035090,290320270.54
2025-06-25 09:45:00,5.812,5.832,5.808,5.829,34226008,199298044.58
2025-06-25 10:00:00,5.829,5.853,5.829,5.847,19660716,114877563.59
2025-06-25 10:15:00,5.848,5.851,5.839,5.843,13383712,78218874.17
2025-06-25 10:30:00,5.843,5.844,5.822,5.828,10540393,61464545.05
2025-06-25 10:45:00,5.827,5.833,5.824,5.829,9832133,57308225.88
2025-06-25 11:00:00,5.828,5.837,5.824,5.836,5528366,32243273.3
2025-06-25 11:15:00,5.835,5.841,5.829,5.836,11295801,65914764.1
2025-06-25 11:30:00,5.836,5.85,5.834,5.849,27372849,159976053.84
2025-06-25 13:15:00,5.85,5.855,5.843,5.848,57826778,338209548.93
2025-06-25 13:30:00,5.847,5.866,5.847,5.863,31930999,187073079.47
2025-06-25 13:45:00,5.862,5.864,5.852,5.853,14132482,82764525.42
2025-06-25 14:00:00,5.853,5.876,5.852,5.87,13755280,80688472.48
2025-06-25 14:15:00,5.871,5.899,5.87,5.897,28897863,170169882.59
2025-06-25 14:30:00,5.897,5.919,5.893,5.912,44383493,262217676.64
2025-06-25 14:45:00,5.913,5.917,5.898,5.903,16676226,98489790.76
2025-06-25 15:00:00,5.903,5.915,5.9,5.91,33016997,195075423.94
2025-06-26 09:45:00,5.905,5.912,5.887,5.888,30575111,180260662.75
2025-06-26 10:00:00,5.89,5.924,5.887,5.915,25582542,151158713.16
2025-06-26 10:15:00,5.915,5.92,5.908,5.911,18007083,106475881.78
2025-06-26 10:30:00,5.911,5.913,5.899,5.899,17311172,102199389.1
2025-06-26 10:45:00,5.9,5.904,5.897,5.899,16657637,98280058.3
2025-06-26 11:00:00,5.9,5.915,5.895,5.915,9653262,57034689.65
2025-06-26 11:15:00,5.915,5.919,5.911,5.915,8051024,47621806.96
2025-06-26 11:30:00,5.916,5.926,5.915,5.919,14299529,84653211.68
2025-06-26 13:15:00,5.92,5.925,5.913,5.913,20848984,123363438.33
2025-06-26 13:30:00,5.914,5.916,5.902,5.912,17412284,102906598.44
2025-06-26 13:45:00,5.911,5.913,5.899,5.9,7127123,42078534.19
2025-06-26 14:00:00,5.902,5.902,5.886,5.891,12305554,72516629.72
2025-06-26 14:15:00,5.891,5.901,5.885,5.9,11085680,65353778.83
2025-06-26 14:30:00,5.9,5.902,5.893,5.895,6151689,36274459.47
2025-06-26 14:45:00,5.896,5.896,5.887,5.892,9339697,55026381.49
2025-06-26 15:00:00,5.892,5.894,5.887,5.888,9987930,58825578.39
2025-06-27 09:45:00,5.894,5.91,5.885,5.905,19345263,114137051.7
2025-06-27 10:00:00,5.905,5.934,5.903,5.922,24572021,145458173.65
2025-06-27 10:15:00,5.923,5.958,5.921,5.955,15129728,89941189.72
2025-06-27 10:30:00,5.955,5.956,5.932,5.934,6098684,36230248.75
2025-06-27 10:45:00,5.935,5.942,5.923,5.933,13730815,81460348.46
2025-06-27 11:00:00,5.933,5.946,5.928,5.943,8579946,50956299.29
2025-06-27 11:15:00,5.943,5.944,5.931,5.931,9563382,56761859.96
2025-06-27 11:30:00,5.931,5.944,5.929,5.936,21404822,127066158.33
2025-06-27 13:15:00,5.936,5.942,5.923,5.928,20850271,123662957.3
2025-06-27 13:30:00,5.928,5.935,5.926,5.927,10154294,60208193.89
2025-06-27 13:45:00,5.927,5.936,5.912,5.92,5807636,34396692.15
2025-06-27 14:00:00,5.918,5.922,5.905,5.914,9031578,53409741.77
2025-06-27 14:15:00,5.915,5.921,5.906,5.918,7006466,41443246.39
2025-06-27 14:30:00,5.92,5.921,5.912,5.915,4329401,25612736.32
2025-06-27 14:45:00,5.915,5.92,5.907,5.91,11360950,67169723.38
2025-06-27 15:00:00,5.909,5.913,5.906,5.912,35975461,212626966.33
2025-06-30 09:45:00,5.917,5.944,5.916,5.929,32841303,194737979.69
2025-06-30 10:00:00,5.929,5.945,5.926,5.942,13567298,80558093.09
2025-06-30 10:15:00,5.942,5.942,5.925,5.938,14386282,85382583.67
2025-06-30 10:30:00,5.939,5.956,5.938,5.952,10431148,62051422.4
2025-06-30 10:45:00,5.953,5.959,5.948,5.958,21091010,125596964.55
2025-06-30 11:00:00,5.958,5.959,5.945,5.945,8941609,53199593.01
2025-06-30 11:15:00,5.947,5.948,5.937,5.94,7031786,41780528.48
2025-06-30 11:30:00,5.94,5.947,5.939,5.947,5222811,31046129.52
2025-06-30 13:15:00,5.945,5.95,5.94,5.947,6864609,40814676.91
2025-06-30 13:30:00,5.947,5.961,5.945,5.96,7781309,46340288.86
2025-06-30 13:45:00,5.959,5.96,5.945,5.948,7148790,42542449.29
2025-06-30 14:00:00,5.948,5.949,5.94,5.948,7860138,46733760.5
2025-06-30 14:15:00,5.949,5.958,5.947,5.956,7872629,46871008.86
2025-06-30 14:30:00,5.956,5.959,5.95,5.959,14287258,85094908.65
2025-06-30 14:45:00,5.959,5.968,5.955,5.962,27386413,163268665.5
2025-06-30 15:00:00,5.962,5.964,5.96,5.963,51782962,308747280.43
2025-07-01 09:45:00,5.95,5.959,5.94,5.945,28618440,170222481.12
2025-07-01 10:00:00,5.945,5.959,5.944,5.956,15820370,94178662.61
2025-07-01 10:15:00,5.956,5.964,5.951,5.961,11519806,68642684.02
2025-07-01 10:30:00,5.96,5.964,5.953,5.963,8867095,52847886.2
2025-07-01 10:45:00,5.964,5.965,5.954,5.955,5337395,31800199.41
2025-07-01 11:00:00,5.956,5.958,5.951,5.953,3727202,22191760.71
2025-07-01 11:15:00,5.953,5.957,5.943,5.943,4726613,28112318.59
2025-07-01 11:30:00,5.942,5.952,5.934,5.952,7647879,45474288.53
2025-07-01 13:15:00,5.952,5.964,5.949,5.962,4657550,27751235.42
2025-07-01 13:30:00,5.96,5.978,5.957,5.972,6061832,36183075.21
2025-07-01 13:45:00,5.972,5.976,5.968,5.972,5236425,31271930.1
2025-07-01 14:00:00,5.972,5.982,5.971,5.981,5182955,30983704.99
2025-07-01 14:15:00,5.981,5.983,5.976,5.976,4048979,24206146.12
2025-07-01 14:30:00,5.977,5.98,5.974,5.977,2482635,14838709.4
2025-07-01 14:45:00,5.977,5.978,5.969,5.974,7256017,43345026.89
2025-07-01 15:00:00,5.975,5.984,5.974,5.979,17044923,101911594.62
2025-07-02 09:45:00,5.961,5.966,5.935,5.945,28459694,169297233.04
2025-07-02 10:00:00,5.945,5.959,5.936,5.957,9981607,59397216.05
2025-07-02 10:15:00,5.957,5.962,5.947,5.952,5258043,31304635.34
2025-07-02 10:30:00,5.951,5.96,5.948,5.954,2058051,12253635.65
2025-07-02 10:45:00,5.955,5.955,5.941,5.946,3991658,23739720.68
2025-07-02 11:00:00,5.947,5.962,5.945,5.951,6795683,40452435.67
2025-07-02 11:15:00,5.951,5.96,5.947,5.954,2530170,15063788.79
2025-07-02 11:30:00,5.955,5.956,5.951,5.954,1077870,6417278.69
2025-07-02 13:15:00,5.953,5.955,5.949,5.953,4144091,24667011.0
2025-07-02 13:30:00,5.952,5.953,5.942,5.945,3165840,18826195.2
2025-07-02 13:45:00,5.945,5.948,5.939,5.946,5151540,30622470.94
2025-07-02 14:00:00,5.946,5.948,5.935,5.936,4281100,25428306.97
2025-07-02 14:15:00,5.936,5.94,5.933,5.933,5426111,32205777.49
2025-07-02 14:30:00,5.934,5.94,5.929,5.938,7156864,42480759.08
2025-07-02 14:45:00,5.938,5.95,5.937,5.945,6745207,40093510.41
2025-07-02 15:00:00,5.944,5.949,5.943,5.949,33521960,199355096.12
2025-07-03 09:45:00,5.947,5.974,5.943,5.956,23275851,138669761.64
2025-07-03 10:00:00,5.957,5.958,5.942,5.954,9898551,58909576.52
2025-07-03 10:15:00,5.956,5.964,5.944,5.945,5829391,34690705.84
2025-07-03 10:30:00,5.944,5.947,5.935,5.943,5245687,31168123.59
2025-07-03 10:45:00,5.943,5.95,5.94,5.943,4883765,29030727.08
2025-07-03 11:00:00,5.941,5.944,5.936,5.936,4105819,24383090.43
2025-07-03 11:15:00,5.936,5.957,5.935,5.957,4511400,26841326.2
2025-07-03 11:30:00,5.957,5.958,5.949,5.954,5171906,30791804.36
2025-07-03 13:15:00,5.953,5.959,5.949,5.951,3147252,18735591.16
2025-07-03 13:30:00,5.951,5.96,5.951,5.96,11085829,66038283.35
2025-07-03 13:45:00,5.96,5.969,5.959,5.968,8199478,48912619.43
2025-07-03 14:00:00,5.968,5.977,5.964,5.975,7666922,45786858.18
2025-07-03 14:15:00,5.974,5.978,5.966,5.968,5495230,32810186.59
2025-07-03 14:30:00,5.968,5.974,5.965,5.971,3596128,21468884.16
2025-07-03 14:45:00,5.972,5.975,5.965,5.972,6854740,40927367.63
2025-07-03 15:00:00,5.972,5.974,5.966,5.97,10787860,64403524.2
2025-07-04 09:45:00,5.958,5.962,5.95,5.959,17621277,104969947.09
2025-07-04 10:00:00,5.958,5.968,5.952,5.955,7982168,47560417.67
2025-07-04 10:15:00,5.955,5.956,5.946,5.949,4468058,26586434.45
2025-07-04 10:30:00,5.948,5.952,5.94,5.95,7054359,41954624.43
2025-07-04 10:45:00,5.952,5.962,5.945,5.96,15550819,92615494.36
2025-07-04 11:00:00,5.959,5.971,5.958,5.958,6878688,41013030.75
2025-07-04 11:15:00,5.957,5.974,5.954,5.97,6133522,36592592.25
2025-07-04 11:30:00,5.97,5.976,5.966,5.976,8362687,49947541.89
2025-07-04 13:15:00,5.977,6.01,5.973,6.009,12614304,75652185.86
2025-07-04 13:30:00,6.01,6.025,6.006,6.015,14594176,87788833.37
2025-07-04 13:45:00,6.015,6.02,5.997,5.998,8242080,49493690.4
2025-07-04 14:00:00,5.998,6.0,5.985,5.991,6648933,39840406.54
2025-07-04 14:15:00,5.991,5.992,5.959,5.965,13599630,81216990.36
2025-07-04 14:30:00,5.965,5.974,5.958,5.96,5225057,31162239.95
2025-07-04 14:45:00,5.961,5.967,5.956,5.965,8594395,51245512.59
2025-07-04 15:00:00,5.966,5.969,5.96,5.961,19047608,113587235.71
2025-07-07 09:45:00,5.957,5.966,5.95,5.952,8643408,51480138.05
2025-07-07 10:00:00,5.951,5.96,5.942,5.942,5556311,33048937.83
2025-07-07 10:15:00,5.942,5.957,5.941,5.954,5120636,30471197.96
2025-07-07 10:30:00,5.955,5.957,5.95,5.955,10463121,62297422.43
2025-07-07 10:45:00,5.955,5.956,5.947,5.95,6979160,41532981.16
2025-07-07 11:00:00,5.95,5.959,5.949,5.95,2925332,17413526.29
2025-07-07 11:15:00,5.95,5.953,5.946,5.949,2075839,12349858.16
2025-07-07 11:30:00,5.948,5.95,5.943,5.95,6801027,40450241.59
2025-07-07 13:15:00,5.95,5.95,5.941,5.942,4272608,25397806.15
2025-07-07 13:30:00,5.943,5.951,5.941,5.949,1716751,10209518.2
2025-07-07 13:45:00,5.951,5.958,5.949,5.958,5157928,30715461.24
2025-07-07 14:00:00,5.958,5.962,5.954,5.955,3580589,21329568.67
2025-07-07 14:15:00,5.955,5.957,5.95,5.953,2611100,15544748.67
2025-07-07 14:30:00,5.953,5.954,5.949,5.951,1850780,11014608.71
2025-07-07 14:45:00,5.951,5.952,5.947,5.95,4035052,24007214.38
2025-07-07 15:00:00,5.951,5.953,5.948,5.95,6914168,41141604.32
2025-07-08 09:45:00,5.951,5.992,5.948,5.983,20739829,123906651.72
2025-07-08 10:00:00,5.981,6.01,5.981,6.003,24058544,144303146.91
2025-07-08 10:15:00,6.003,6.005,5.986,5.988,7862907,47122401.65
2025-07-08 10:30:00,5.989,5.998,5.989,5.997,5266997,31573891.35
2025-07-08 10:45:00,5.997,6.004,5.989,5.992,7603545,45583252.28
2025-07-08 11:00:00,5.992,6.001,5.99,6.0,4666435,27984610.7
2025-07-08 11:15:00,6.0,6.03,6.0,6.018,25943253,156074610.05
2025-07-08 11:30:00,6.018,6.025,6.003,6.025,7207273,43370966.49
2025-07-08 13:15:00,6.025,6.031,6.015,6.031,9951037,59961631.95
2025-07-08 13:30:00,6.031,6.034,6.019,6.019,7730631,46569321.14
2025-07-08 13:45:00,6.019,6.032,6.018,6.03,5396770,32524533.87
2025-07-08 14:00:00,6.03,6.038,6.029,6.036,11183857,67487121.09
2025-07-08 14:15:00,6.036,6.037,6.024,6.027,3452835,20818293.16
2025-07-08 14:30:00,6.027,6.038,6.025,6.037,4133518,24938891.93
2025-07-08 14:45:00,6.037,6.039,6.026,6.032,8604277,51903866.96
2025-07-08 15:00:00,6.03,6.034,6.027,6.033,13683321,82528670.06
2025-07-09 09:45:00,6.032,6.044,6.029,6.03,33575346,202604829.55
2025-07-09 10:00:00,6.03,6.034,6.025,6.032,20531955,123814532.64
2025-07-09 10:15:00,6.033,6.039,6.029,6.039,9966284,60153168.13
2025-07-09 10:30:00,6.039,6.044,6.03,6.041,7090825,42816764.96
2025-07-09 10:45:00,6.041,6.042,6.035,6.039,4912201,29663144.44
2025-07-09 11:00:00,6.039,6.042,6.025,6.025,4343901,26196618.96
2025-07-09 11:15:00,6.025,6.029,6.017,6.022,7241927,43615712.35
2025-07-09 11:30:00,6.022,6.025,6.018,6.023,2105062,12676683.36
2025-07-09 13:15:00,6.023,6.034,6.022,6.034,4240814,25572108.42
2025-07-09 13:30:00,6.033,6.036,6.028,6.03,12241979,73835456.01
2025-07-09 13:45:00,6.03,6.031,6.024,6.028,1998941,12048950.03
2025-07-09 14:00:00,6.029,6.034,6.027,6.032,1708705,10305199.85
2025-07-09 14:15:00,6.031,6.032,6.018,6.023,8477150,51069177.32
2025-07-09 14:30:00,6.023,6.025,6.015,6.018,6272394,37755630.28
2025-07-09 14:45:00,6.018,6.02,6.0,6.002,9000943,54071664.92
2025-07-09 15:00:00,6.002,6.014,6.0,6.003,19487554,117035753.47
2025-07-10 09:45:00,6.005,6.016,5.997,6.01,14680031,88192732.9
2025-07-10 10:00:00,6.009,6.02,6.007,6.015,15259008,91767674.11
2025-07-10 10:15:00,6.015,6.02,6.009,6.01,5736569,34493989.4
2025-07-10 10:30:00,6.01,6.02,6.008,6.02,3411422,20523114.75
2025-07-10 10:45:00,6.021,6.024,6.005,6.005,5045048,30327465.21
2025-07-10 11:00:00,6.004,6.009,5.999,6.008,3502507,21033722.04
2025-07-10 11:15:00,6.008,6.012,6.003,6.006,1940726,11657941.08
2025-07-10 11:30:00,6.006,6.013,6.006,6.012,5433093,32654699.96
2025-07-10 13:15:00,6.012,6.034,6.012,6.028,6329500,38133127.67
2025-07-10 13:30:00,6.028,6.029,6.02,6.027,5226519,31491519.15
2025-07-10 13:45:00,6.027,6.031,6.025,6.027,3985002,24020263.72
2025-07-10 14:00:00,6.028,6.035,6.025,6.034,4455354,26871725.09
2025-07-10 14:15:00,6.034,6.06,6.032,6.059,17988692,108837582.83
2025-07-10 14:30:00,6.06,6.061,6.037,6.039,8215846,49670266.3
2025-07-10 14:45:00,6.04,6.041,6.033,6.037,16575984,100069215.41
2025-07-10 15:00:00,6.038,6.041,6.032,6.038,12538998,75697930.93
2025-07-11 09:45:00,6.035,6.043,6.017,6.042,23200722,139993156.55
2025-07-11 10:00:00,6.043,6.056,6.04,6.054,9400316,56871911.8
2025-07-11 10:15:00,6.055,6.069,6.048,6.055,11716413,70970219.01
2025-07-11 10:30:00,6.054,6.087,6.053,6.079,16186132,98298379.64
2025-07-11 10:45:00,6.079,6.093,6.077,6.087,14068177,85614235.83
2025-07-11 11:00:00,6.087,6.088,6.067,6.071,6337099,38499988.79
2025-07-11 11:15:00,6.072,6.083,6.068,6.073,6691021,40645722.23
2025-07-11 11:30:00,6.072,6.113,6.071,6.112,23753857,144866855.89
2025-07-11 13:15:00,6.112,6.125,6.101,6.101,37812930,230999189.37
2025-07-11 13:30:00,6.102,6.111,6.099,6.106,12353644,75423114.5
2025-07-11 13:45:00,6.107,6.119,6.104,6.115,12218378,74686871.92
2025-07-11 14:00:00,6.114,6.123,6.103,6.106,11489823,70210478.41
2025-07-11 14:15:00,6.107,6.11,6.1,6.106,7652297,46719823.95
2025-07-11 14:30:00,6.106,6.111,6.102,6.107,11888219,72597390.69
2025-07-11 14:45:00,6.107,6.11,6.079,6.081,30575861,186206993.49
2025-07-11 15:00:00,6.08,6.098,6.072,6.097,13773595,83867419.96
2025-07-14 09:45:00,6.088,6.098,6.081,6.087,22264890,135563493.58
2025-07-14 10:00:00,6.086,6.099,6.083,6.091,18432574,112272808.23
2025-07-14 10:15:00,6.093,6.096,6.084,6.086,10731029,65337658.57
2025-07-14 10:30:00,6.086,6.09,6.082,6.084,3577378,21769537.59
2025-07-14 10:45:00,6.084,6.089,6.082,6.085,2947003,17933495.59
2025-07-14 11:00:00,6.084,6.086,6.078,6.08,4025541,24480656.67
2025-07-14 11:15:00,6.081,6.083,6.076,6.078,3971815,24144663.38
2025-07-14 11:30:00,6.078,6.081,6.074,6.075,2205900,13404519.0
2025-07-14 13:15:00,6.075,6.079,6.07,6.078,3979657,24179069.38
2025-07-14 13:30:00,6.077,6.087,6.075,6.086,3241016,19714019.99
2025-07-14 13:45:00,6.086,6.089,6.083,6.086,2623363,15965787.22
2025-07-14 14:00:00,6.086,6.088,6.081,6.087,2676818,16289329.8
2025-07-14 14:15:00,6.087,6.091,6.086,6.09,3322831,20232717.96
2025-07-14 14:30:00,6.09,6.093,6.087,6.09,3681767,22421961.03
2025-07-14 14:45:00,6.09,6.091,6.08,6.082,5839007,35526464.92
2025-07-14 15:00:00,6.082,6.085,6.077,6.079,23331411,141862756.02
2025-07-15 09:45:00,6.066,6.11,6.066,6.103,16115466,98191534.34
2025-07-15 10:00:00,6.104,6.111,6.085,6.094,9477606,57781804.58
2025-07-15 10:15:00,6.096,6.101,6.061,6.061,9219083,55999783.17
2025-07-15 10:30:00,6.06,6.079,6.054,6.07,9303940,56453206.61
2025-07-15 10:45:00,6.07,6.085,6.066,6.072,6858704,41662054.33
2025-07-15 11:00:00,6.073,6.075,6.068,6.068,2000639,12144545.61
2025-07-15 11:15:00,6.068,6.07,6.036,6.038,8851746,53535359.81
2025-07-15 11:30:00,6.037,6.042,6.029,6.033,31862269,192278172.66
2025-07-15 13:15:00,6.034,6.053,6.032,6.051,12164225,73536794.87
2025-07-15 13:30:00,6.051,6.058,6.048,6.049,5820072,35221135.72
2025-07-15 13:45:00,6.049,6.058,6.049,6.057,4279557,25911291.12
2025-07-15 14:00:00,6.057,6.057,6.05,6.056,4764372,28845096.21
2025-07-15 14:15:00,6.055,6.07,6.055,6.064,7408883,44920057.63
2025-07-15 14:30:00,6.065,6.08,6.06,6.08,6239536,37894781.97
2025-07-15 14:45:00,6.08,6.084,6.072,6.073,9177455,55765275.73
2025-07-15 15:00:00,6.074,6.078,6.071,6.077,14721368,89437217.72
2025-07-16 09:45:00,6.074,6.103,6.071,6.102,25289584,154064145.73
2025-07-16 10:00:00,6.102,6.128,6.095,6.124,29698970,181629000.86
2025-07-16 10:15:00,6.124,6.125,6.087,6.094,15428474,94144548.35
2025-07-16 10:30:00,6.093,6.105,6.091,6.093,7835073,47765216.7
2025-07-16 10:45:00,6.094,6.096,6.085,6.087,2853641,17376771.26
2025-07-16 11:00:00,6.088,6.092,6.079,6.085,6510957,39621343.66
2025-07-16 11:15:00,6.086,6.094,6.082,6.091,6273395,38198702.15
2025-07-16 11:30:00,6.091,6.094,6.084,6.088,5583364,33995242.27
2025-07-16 13:15:00,6.091,6.091,6.078,6.081,5996056,36476007.33
2025-07-16 13:30:00,6.081,6.087,6.077,6.084,3339394,20312420.57
2025-07-16 13:45:00,6.084,6.085,6.075,6.075,2726552,16572891.91
2025-07-16 14:00:00,6.075,6.081,6.055,6.081,6541071,39719563.47
2025-07-16 14:15:00,6.079,6.087,6.069,6.084,5277838,32089255.04
2025-07-16 14:30:00,6.083,6.093,6.077,6.078,3829046,23290810.47
2025-07-16 14:45:00,6.079,6.081,6.074,6.078,8937640,54319996.71
2025-07-16 15:00:00,6.078,6.079,6.074,6.076,28016799,170239409.66
2025-07-17 09:45:00,6.075,6.102,6.069,6.1,14363725,87479873.16
2025-07-17 10:00:00,6.101,6.108,6.092,6.107,10844792,66178535.71
2025-07-17 10:15:00,6.108,6.115,6.095,6.112,8005796,48894064.77
2025-07-17 10:30:00,6.113,6.119,6.094,6.101,7295103,44534172.11
2025-07-17 10:45:00,6.102,6.108,6.098,6.106,3530056,21547461.82
2025-07-17 11:00:00,6.107,6.112,6.102,6.111,3531901,21574028.61
2025-07-17 11:15:00,6.111,6.113,6.099,6.107,3539918,21615919.28
2025-07-17 11:30:00,6.108,6.122,6.108,6.119,7425919,45419395.91
2025-07-17 13:15:00,6.119,6.127,6.114,6.122,5991284,36672649.36
2025-07-17 13:30:00,6.122,6.128,6.119,6.127,3787557,23197524.11
2025-07-17 13:45:00,6.127,6.144,6.122,6.14,7556496,46361621.79
2025-07-17 14:00:00,6.141,6.141,6.13,6.137,3936424,24153897.66
2025-07-17 14:15:00,6.137,6.148,6.133,6.134,7852868,48203521.41
2025-07-17 14:30:00,6.134,6.146,6.134,6.139,5556408,34114492.98
2025-07-17 14:45:00,6.139,6.148,6.137,6.141,9465864,58139336.69
2025-07-17 15:00:00,6.141,6.148,6.136,6.147,15422677,94751786.6
2025-07-18 09:45:00,6.148,6.183,6.147,6.17,48335356,298068028.67
2025-07-18 10:00:00,6.17,6.181,6.155,6.157,32197475,198475968.39
2025-07-18 10:15:00,6.16,6.166,6.145,6.164,11917190,73390028.42
2025-07-18 10:30:00,6.164,6.166,6.155,6.159,7466342,45992666.72
2025-07-18 10:45:00,6.16,6.163,6.155,6.161,4778578,29434447.62
2025-07-18 11:00:00,6.161,6.17,6.158,6.161,4234860,26099442.18
2025-07-18 11:15:00,6.162,6.168,6.151,6.152,5047828,31079477.0
2025-07-18 11:30:00,6.152,6.161,6.151,6.156,2768639,17043741.68
2025-07-18 13:15:00,6.156,6.158,6.138,6.145,7905599,48595717.05
2025-07-18 13:30:00,6.145,6.151,6.144,6.146,2171937,13350896.74
2025-07-18 13:45:00,6.147,6.151,6.141,6.141,3627049,22285798.07
2025-07-18 14:00:00,6.141,6.144,6.135,6.139,6498698,39897673.25
2025-07-18 14:15:00,6.139,6.154,6.138,6.15,4536224,27885681.0
2025-07-18 14:30:00,6.15,6.153,6.146,6.148,2122138,13049026.56
2025-07-18 14:45:00,6.148,6.16,6.146,6.159,3336114,20533781.67
2025-07-18 15:00:00,6.16,6.169,6.159,6.166,13880612,85569346.11
2025-07-21 09:45:00,6.171,6.212,6.17,6.211,45271439,280577288.44
2025-07-21 10:00:00,6.211,6.216,6.19,6.208,14230540,88295757.19
2025-07-21 10:15:00,6.208,6.22,6.201,6.22,15383292,95586648.72
2025-07-21 10:30:00,6.22,6.223,6.207,6.211,16322408,101422002.51
2025-07-21 10:45:00,6.211,6.223,6.211,6.214,37061464,230374060.22
2025-07-21 11:00:00,6.213,6.216,6.207,6.209,4689806,29126821.8
2025-07-21 11:15:00,6.209,6.211,6.2,6.202,3608997,22391420.39
2025-07-21 11:30:00,6.2,6.207,6.188,6.204,6528792,40476334.14
2025-07-21 13:15:00,6.202,6.204,6.191,6.198,9684821,60023292.28
2025-07-21 13:30:00,6.2,6.21,6.199,6.206,8876719,55080041.4
2025-07-21 13:45:00,6.207,6.221,6.206,6.218,15246281,94755636.42
2025-07-21 14:00:00,6.218,6.22,6.209,6.21,4632103,28779255.94
2025-07-21 14:15:00,6.21,6.221,6.21,6.218,5470859,34008683.16
2025-07-21 14:30:00,6.218,6.226,6.218,6.224,14802114,92108621.38
2025-07-21 14:45:00,6.225,6.228,6.22,6.226,15665059,97509770.59
2025-07-21 15:00:00,6.225,6.228,6.222,6.228,37536327,233701171.9
2025-07-22 09:45:00,6.229,6.243,6.223,6.242,37617356,234581832.02
2025-07-22 10:00:00,6.242,6.243,6.228,6.238,24229794,151105071.98
2025-07-22 10:15:00,6.238,6.241,6.233,6.24,15520933,96819580.05
2025-07-22 10:30:00,6.24,6.24,6.218,6.225,7824690,48729561.09
2025-07-22 10:45:00,6.224,6.242,6.22,6.24,15529796,96812748.26
2025-07-22 11:00:00,6.24,6.257,6.24,6.255,8202907,51273637.35
2025-07-22 11:15:00,6.255,6.259,6.246,6.257,6245670,39060420.18
2025-07-22 11:30:00,6.258,6.271,6.255,6.27,7661986,48004896.29
2025-07-22 13:15:00,6.27,6.272,6.255,6.266,10995086,68876883.73
2025-07-22 13:30:00,6.267,6.29,6.265,6.279,15102277,94812095.01
2025-07-22 13:45:00,6.279,6.286,6.263,6.271,5316578,33352665.99
2025-07-22 14:00:00,6.27,6.271,6.262,6.262,3510892,21995738.38
2025-07-22 14:15:00,6.262,6.268,6.252,6.268,13382596,83810737.88
2025-07-22 14:30:00,6.268,6.278,6.265,6.277,11532174,72345171.56
2025-07-22 14:45:00,6.278,6.289,6.277,6.285,18530096,116436946.57
2025-07-22 15:00:00,6.285,6.295,6.284,6.291,22575911,142002480.19
2025-07-23 09:45:00,6.295,6.305,6.271,6.3,57857302,364038144.18
2025-07-23 10:00:00,6.301,6.315,6.29,6.306,10373567,65391508.51
2025-07-23 10:15:00,6.306,6.315,6.297,6.304,16001616,100895522.75
2025-07-23 10:30:00,6.303,6.303,6.287,6.297,19736712,124255759.85
2025-07-23 10:45:00,6.297,6.302,6.29,6.291,6135746,38620430.57
2025-07-23 11:00:00,6.29,6.295,6.288,6.292,6720125,42280786.46
2025-07-23 11:15:00,6.292,6.304,6.288,6.301,15957653,100495979.38
2025-07-23 11:30:00,6.302,6.319,6.294,6.319,22177222,139953055.63
2025-07-23 13:15:00,6.32,6.333,6.313,6.333,13311038,84210063.4
2025-07-23 13:30:00,6.332,6.334,6.315,6.325,11044965,69855721.97
2025-07-23 13:45:00,6.325,6.325,6.302,6.304,11352814,71640040.61
2025-07-23 14:00:00,6.305,6.316,6.303,6.304,22463614,141692989.24
2025-07-23 14:15:00,6.305,6.31,6.282,6.284,19203214,120826622.49
2025-07-23 14:30:00,6.285,6.293,6.259,6.279,12688812,79647672.92
2025-07-23 14:45:00,6.279,6.287,6.258,6.27,19737758,123788638.92
2025-07-23 15:00:00,6.27,6.275,6.266,6.267,15540571,97429019.79
2025-07-24 09:45:00,6.258,6.299,6.257,6.296,35116246,220670489.86
2025-07-24 10:00:00,6.297,6.311,6.294,6.308,16101010,101506134.04
2025-07-24 10:15:00,6.308,6.308,6.297,6.306,9968608,62838781.96
2025-07-24 10:30:00,6.307,6.318,6.302,6.305,9907246,62498210.18
2025-07-24 10:45:00,6.307,6.329,6.304,6.323,12317557,77830536.83
2025-07-24 11:00:00,6.323,6.328,6.317,6.327,10853999,68640689.68
2025-07-24 11:15:00,6.327,6.33,6.308,6.321,6784429,42875329.8
2025-07-24 11:30:00,6.321,6.334,6.317,6.329,9751108,61692009.95
2025-07-24 13:15:00,6.33,6.347,6.329,6.338,14179347,89868701.29
2025-07-24 13:30:00,6.338,6.346,6.333,6.345,8134366,51582726.26
2025-07-24 13:45:00,6.346,6.349,6.325,6.325,8029740,50852343.42
2025-07-24 14:00:00,6.326,6.344,6.319,6.33,8934280,56562926.68
2025-07-24 14:15:00,6.331,6.347,6.331,6.343,7009506,44442604.54
2025-07-24 14:30:00,6.344,6.353,6.343,6.349,9474399,60146642.98
2025-07-24 14:45:00,6.349,6.364,6.349,6.358,10523213,66896065.04
2025-07-24 15:00:00,6.358,6.368,6.352,6.363,29951993,190524627.47
2025-07-25 09:45:00,6.367,6.367,6.349,6.355,101985544,648322103.21
2025-07-25 10:00:00,6.355,6.377,6.349,6.369,56848253,361839130.34
2025-07-25 10:15:00,6.369,6.374,6.355,6.363,18562065,118128981.66
2025-07-25 10:30:00,6.363,6.365,6.352,6.361,14226270,90469593.02
2025-07-25 10:45:00,6.362,6.375,6.361,6.365,9914758,63127264.19
2025-07-25 11:00:00,6.364,6.367,6.339,6.348,12611699,80101104.25
2025-07-25 11:15:00,6.347,6.359,6.341,6.359,11190678,71094377.33
2025-07-25 11:30:00,6.359,6.361,6.349,6.352,7345340,46672290.36
2025-07-25 13:15:00,6.351,6.36,6.347,6.351,12331339,78336886.22
2025-07-25 13:30:00,6.351,6.365,6.351,6.36,8611167,54755540.56
2025-07-25 13:45:00,6.36,6.366,6.352,6.353,4751981,30208343.22
2025-07-25 14:00:00,6.354,6.366,6.353,6.364,9507267,60475725.39
2025-07-25 14:15:00,6.366,6.371,6.361,6.365,10721578,68249991.69
2025-07-25 14:30:00,6.363,6.365,6.347,6.358,9066118,57630290.09
2025-07-25 14:45:00,6.358,6.371,6.358,6.365,8150828,51877303.28
2025-07-25 15:00:00,6.365,6.37,6.363,6.363,21744326,138409883.1
2025-07-28 09:45:00,6.365,6.37,6.336,6.362,30877905,196259964.18
2025-07-28 10:00:00,6.362,6.385,6.352,6.381,32762274,208783051.44
2025-07-28 10:15:00,6.381,6.394,6.373,6.394,15998133,102180075.47
2025-07-28 10:30:00,6.395,6.396,6.38,6.389,7633812,48767335.66
2025-07-28 10:45:00,6.39,6.4,6.39,6.398,11094744,70961982.62
2025-07-28 11:00:00,6.397,6.403,6.387,6.394,4143628,26497119.85
2025-07-28 11:15:00,6.395,6.399,6.392,6.393,2585579,16533915.85
2025-07-28 11:30:00,6.393,6.398,6.359,6.361,13396843,85373614.82
2025-07-28 13:15:00,6.36,6.385,6.356,6.385,4957249,31604114.79
2025-07-28 13:30:00,6.384,6.39,6.38,6.384,4713732,30095607.58
2025-07-28 13:45:00,6.383,6.393,6.382,6.387,9201236,58771361.41
2025-07-28 14:00:00,6.387,6.389,6.372,6.388,5316405,33934613.12
2025-07-28 14:15:00,6.388,6.392,6.376,6.379,5514847,35197591.84
2025-07-28 14:30:00,6.38,6.381,6.37,6.379,10803993,68893462.03
2025-07-28 14:45:00,6.379,6.39,6.378,6.386,7891428,50384137.3
2025-07-28 15:00:00,6.387,6.392,6.386,6.391,34865406,222778322.54
2025-07-29 09:45:00,6.375,6.381,6.355,6.356,21544575,137109675.3
2025-07-29 10:00:00,6.357,6.364,6.342,6.343,18032984,114503437.41
2025-07-29 10:15:00,6.343,6.366,6.335,6.365,28845808,183324725.11
2025-07-29 10:30:00,6.365,6.367,6.356,6.361,13180088,83842933.13
2025-07-29 10:45:00,6.361,6.365,6.352,6.364,10814635,68784683.48
2025-07-29 11:00:00,6.364,6.373,6.357,6.372,16459964,104806077.44
2025-07-29 11:15:00,6.373,6.378,6.367,6.376,6506461,41470013.59
2025-07-29 11:30:00,6.376,6.391,6.375,6.377,8483336,54132167.02
2025-07-29 13:15:00,6.377,6.391,6.372,6.379,5399565,34452824.41
2025-07-29 13:30:00,6.375,6.379,6.37,6.375,14953388,95322864.04
2025-07-29 13:45:00,6.375,6.383,6.373,6.381,14382031,91742975.75
2025-07-29 14:00:00,6.382,6.385,6.378,6.382,8311372,53040405.65
2025-07-29 14:15:00,6.382,6.4,6.382,6.396,15783227,100896909.14
2025-07-29 14:30:00,6.396,6.412,6.396,6.407,12740327,81601794.44
2025-07-29 14:45:00,6.41,6.417,6.407,6.413,5717973,36665548.87
2025-07-29 15:00:00,6.414,6.432,6.412,6.432,12037213,77343105.93
2025-07-30 09:45:00,6.408,6.429,6.396,6.421,40360263,258924540.57
2025-07-30 10:00:00,6.423,6.434,6.418,6.423,15851974,101848932.95
2025-07-30 10:15:00,6.423,6.435,6.416,6.417,5379638,34551621.66
2025-07-30 10:30:00,6.416,6.425,6.409,6.424,9621691,61764841.76
2025-07-30 10:45:00,6.424,6.434,6.422,6.433,14207087,91346833.71
2025-07-30 11:00:00,6.433,6.441,6.428,6.433,13125125,84447054.25
2025-07-30 11:15:00,6.433,6.44,6.429,6.437,7530459,48461013.82
2025-07-30 11:30:00,6.437,6.44,6.42,6.422,6033877,38781738.77
2025-07-30 13:15:00,6.421,6.43,6.418,6.418,3741408,24027322.18
2025-07-30 13:30:00,6.419,6.419,6.41,6.415,9960294,63891965.91
2025-07-30 13:45:00,6.415,6.421,6.394,6.395,6475931,41467544.84
2025-07-30 14:00:00,6.395,6.396,6.356,6.369,10091039,64316918.91
2025-07-30 14:15:00,6.37,6.37,6.34,6.361,27162364,172671147.95
2025-07-30 14:30:00,6.361,6.4,6.36,6.397,5983812,38210628.83
2025-07-30 14:45:00,6.398,6.405,6.386,6.387,3706089,23691791.61
2025-07-30 15:00:00,6.386,6.391,6.383,6.39,9693574,61922550.71
2025-07-31 09:45:00,6.362,6.387,6.36,6.385,22792246,145353750.16
2025-07-31 10:00:00,6.384,6.389,6.36,6.36,23431959,149253768.18
2025-07-31 10:15:00,6.361,6.37,6.341,6.361,13902453,88382527.87
2025-07-31 10:30:00,6.361,6.362,6.336,6.34,14668342,93085298.33
2025-07-31 10:45:00,6.34,6.34,6.325,6.337,13906057,88080965.04
2025-07-31 11:00:00,6.337,6.358,6.332,6.357,7958867,50530846.58
2025-07-31 11:15:00,6.358,6.36,6.348,6.354,8093602,51426747.11
2025-07-31 11:30:00,6.353,6.356,6.341,6.353,7105012,45116826.2
2025-07-31 13:15:00,6.356,6.362,6.338,6.342,3925079,24913784.77
2025-07-31 13:30:00,6.344,6.348,6.328,6.329,6092425,38595512.38
2025-07-31 13:45:00,6.329,6.333,6.309,6.322,10196183,64453471.47
2025-07-31 14:00:00,6.322,6.34,6.322,6.339,4838092,30642862.03
2025-07-31 14:15:00,6.34,6.34,6.311,6.312,9286136,58697665.66
2025-07-31 14:30:00,6.312,6.313,6.291,6.292,16735871,105413672.81
2025-07-31 14:45:00,6.292,6.296,6.273,6.282,18861799,118521257.65
2025-07-31 15:00:00,6.283,6.302,6.275,6.3,16806801,105753994.16
2025-08-01 09:45:00,6.28,6.32,6.275,6.313,28643543,180530703.68
2025-08-01 10:00:00,6.314,6.318,6.3,6.313,9662746,60975148.18
2025-08-01 10:15:00,6.313,6.326,6.311,6.323,10017183,63308596.56
2025-08-01 10:30:00,6.325,6.327,6.313,6.323,5069319,32043165.4
2025-08-01 10:45:00,6.323,6.328,6.301,6.306,10164142,64152676.26
2025-08-01 11:00:00,6.308,6.308,6.282,6.286,7856451,49432789.69
2025-08-01 11:15:00,6.287,6.295,6.283,6.289,3682844,23161405.92
2025-08-01 11:30:00,6.29,6.296,6.281,6.282,1835683,11539715.23
2025-08-01 13:15:00,6.282,6.289,6.273,6.273,5066230,31807480.68
2025-08-01 13:30:00,6.274,6.278,6.263,6.264,11660316,73090747.46
2025-08-01 13:45:00,6.264,6.27,6.25,6.258,7456878,46675085.03
2025-08-01 14:00:00,6.259,6.28,6.259,6.271,5520413,34612989.51
2025-08-01 14:15:00,6.271,6.289,6.265,6.288,4361278,27391733.36
2025-08-01 14:30:00,6.288,6.29,6.28,6.283,13006492,81737131.23
2025-08-01 14:45:00,6.283,6.286,6.274,6.281,11789078,74039339.53
2025-08-01 15:00:00,6.282,6.29,6.28,6.288,22403002,140825270.57
2025-08-04 09:45:00,6.259,6.284,6.252,6.27,16587753,103983094.31
2025-08-04 10:00:00,6.269,6.285,6.262,6.283,6998285,43925902.18
2025-08-04 10:15:00,6.283,6.29,6.273,6.282,5276345,33144240.51
2025-08-04 10:30:00,6.284,6.295,6.284,6.29,4977324,31305708.85
2025-08-04 10:45:00,6.289,6.293,6.279,6.288,6315813,39705411.06
2025-08-04 11:00:00,6.287,6.289,6.277,6.278,5958092,37424761.88
2025-08-04 11:15:00,6.278,6.283,6.275,6.278,3110186,19527821.17
2025-08-04 11:30:00,6.28,6.292,6.276,6.28,5094048,32004205.57
2025-08-04 13:15:00,6.279,6.296,6.278,6.287,5700310,35837848.97
2025-08-04 13:30:00,6.286,6.3,6.285,6.299,4426166,27861239.58
2025-08-04 13:45:00,6.298,6.3,6.292,6.296,3185483,20055800.97
2025-08-04 14:00:00,6.297,6.299,6.293,6.297,3077377,19376191.38
2025-08-04 14:15:00,6.298,6.323,6.297,6.322,6288570,39706030.98
2025-08-04 14:30:00,6.323,6.333,6.32,6.332,8799795,55688036.02
2025-08-04 14:45:00,6.332,6.334,6.327,6.328,9040608,57224035.1
2025-08-04 15:00:00,6.328,6.336,6.326,6.336,9534520,60378936.99
2025-08-05 09:45:00,6.338,6.361,6.338,6.357,26698999,169592041.65
2025-08-05 10:00:00,6.357,6.36,6.347,6.352,14851639,94352462.57
2025-08-05 10:15:00,6.352,6.366,6.346,6.361,11145663,70860410.13
2025-08-05 10:30:00,6.362,6.362,6.348,6.349,6253582,39729006.45
2025-08-05 10:45:00,6.35,6.353,6.343,6.346,12460332,79089880.65
2025-08-05 11:00:00,6.346,6.349,6.342,6.349,4876958,30952426.77
2025-08-05 11:15:00,6.349,6.351,6.338,6.342,3197771,20285593.3
2025-08-05 11:30:00,6.342,6.353,6.339,6.349,3873833,24587218.05
2025-08-05 13:15:00,6.35,6.357,6.345,6.357,3497835,22221745.76
2025-08-05 13:30:00,6.357,6.36,6.355,6.355,4621466,29377118.87
2025-08-05 13:45:00,6.355,6.365,6.35,6.362,3844682,24448332.84
2025-08-05 14:00:00,6.363,6.364,6.354,6.358,2281909,14509898.69
2025-08-05 14:15:00,6.359,6.371,6.358,6.369,5173026,32931483.52
2025-08-05 14:30:00,6.368,6.371,6.367,6.371,2735941,17427032.19
2025-08-05 14:45:00,6.371,6.372,6.365,6.37,4820396,30701102.12
2025-08-05 15:00:00,6.37,6.378,6.37,6.377,10338452,65907631.5
2025-08-06 09:45:00,6.346,6.385,6.346,6.384,15289904,97422171.65
2025-08-06 10:00:00,6.385,6.39,6.376,6.386,11022963,70370595.79
2025-08-06 10:15:00,6.386,6.396,6.385,6.388,7149140,45680621.55
2025-08-06 10:30:00,6.389,6.394,6.38,6.38,2933825,18731494.68
2025-08-06 10:45:00,6.38,6.393,6.375,6.393,4108007,26237840.71
2025-08-06 11:00:00,6.393,6.408,6.392,6.406,5936658,38006484.52
2025-08-06 11:15:00,6.407,6.411,6.396,6.407,6163993,39478320.5
2025-08-06 11:30:00,6.406,6.419,6.402,6.418,21959801,140828203.81
2025-08-06 13:15:00,6.417,6.418,6.405,6.414,12914694,82813322.83
2025-08-06 13:30:00,6.414,6.415,6.403,6.403,6438822,41253532.55
2025-08-06 13:45:00,6.403,6.413,6.401,6.413,9460116,60629883.44
2025-08-06 14:00:00,6.412,6.428,6.411,6.42,11947979,76702042.52
2025-08-06 14:15:00,6.421,6.43,6.42,6.422,11340795,72853267.08
2025-08-06 14:30:00,6.422,6.434,6.42,6.43,24346686,156500497.61
2025-08-06 14:45:00,6.43,6.431,6.426,6.427,8274112,53185991.94
2025-08-06 15:00:00,6.426,6.432,6.426,6.428,12689015,81573447.76
2025-08-07 09:45:00,6.428,6.443,6.418,6.424,16418209,105541720.19
2025-08-07 10:00:00,6.423,6.429,6.417,6.423,12305882,79040680.09
2025-08-07 10:15:00,6.423,6.423,6.388,6.391,14390456,92108512.04
2025-08-07 10:30:00,6.39,6.391,6.37,6.37,19076360,121649947.72
2025-08-07 10:45:00,6.371,6.386,6.366,6.38,11590646,73917413.09
2025-08-07 11:00:00,6.38,6.388,6.376,6.379,8942055,57059252.96
2025-08-07 11:15:00,6.379,6.384,6.366,6.383,5890443,37567281.97
2025-08-07 11:30:00,6.384,6.409,6.382,6.408,6043481,38676263.91
2025-08-07 13:15:00,6.407,6.415,6.399,6.399,7197987,46098308.08
2025-08-07 13:30:00,6.399,6.405,6.394,6.394,3413634,21839292.45
2025-08-07 13:45:00,6.394,6.404,6.394,6.404,4305578,27558569.59
2025-08-07 14:00:00,6.405,6.408,6.399,6.403,11737166,75156986.29
2025-08-07 14:15:00,6.403,6.415,6.403,6.404,4273940,27384558.23
2025-08-07 14:30:00,6.404,6.407,6.392,6.402,3119785,19967663.93
2025-08-07 14:45:00,6.402,6.413,6.401,6.407,18005868,115363596.28
2025-08-07 15:00:00,6.407,6.41,6.406,6.41,15016889,96238235.97
2025-08-08 09:45:00,6.379,6.398,6.379,6.384,12317182,78669841.43
2025-08-08 10:00:00,6.385,6.388,6.375,6.38,22860862,145875160.42
2025-08-08 10:15:00,6.381,6.392,6.378,6.391,7157359,45714051.93
2025-08-08 10:30:00,6.392,6.405,6.392,6.397,2734810,17497314.38
2025-08-08 10:45:00,6.397,6.411,6.396,6.41,5186122,33220568.82
2025-08-08 11:00:00,6.411,6.422,6.41,6.419,12870503,82590017.75
2025-08-08 11:15:00,6.419,6.42,6.406,6.407,3651731,23411247.44
2025-08-08 11:30:00,6.407,6.419,6.402,6.416,2672652,17137935.51
2025-08-08 13:15:00,6.418,6.419,6.412,6.418,3295513,21145109.91
2025-08-08 13:30:00,6.418,6.42,6.39,6.393,4425519,28327747.12
2025-08-08 13:45:00,6.393,6.408,6.392,6.395,2044299,13080106.44
2025-08-08 14:00:00,6.396,6.399,6.39,6.393,3122214,19963436.32
2025-08-08 14:15:00,6.394,6.408,6.393,6.404,3211808,20560924.21
2025-08-08 14:30:00,6.405,6.408,6.396,6.4,5486460,35120659.28
2025-08-08 14:45:00,6.401,6.405,6.396,6.399,4209954,26943705.6
2025-08-08 15:00:00,6.4,6.403,6.394,6.395,8356530,53459507.92
2025-08-11 09:45:00,6.403,6.432,6.403,6.431,15126946,97145247.21
2025-08-11 10:00:00,6.431,6.452,6.415,6.444,17252236,111052643.13
2025-08-11 10:15:00,6.445,6.465,6.44,6.441,16663434,107456931.39
2025-08-11 10:30:00,6.442,6.448,6.433,6.446,10247318,66016638.33
2025-08-11 10:45:00,6.446,6.46,6.442,6.457,23226387,149879875.31
2025-08-11 11:00:00,6.458,6.459,6.451,6.458,4631831,29903100.94
2025-08-11 11:15:00,6.458,6.468,6.456,6.462,8141817,52612421.45
2025-08-11 11:30:00,6.463,6.481,6.462,6.476,9532409,61703283.46
2025-08-11 13:15:00,6.477,6.484,6.466,6.477,6829610,44226277.82
2025-08-11 13:30:00,6.476,6.478,6.47,6.474,8295405,53704451.97
2025-08-11 13:45:00,6.473,6.479,6.47,6.473,3782389,24487186.39
2025-08-11 14:00:00,6.472,6.476,6.47,6.476,1942859,12578069.17
2025-08-11 14:15:00,6.477,6.482,6.453,6.465,7160927,46307327.93
2025-08-11 14:30:00,6.465,6.466,6.452,6.465,3122095,20171855.79
2025-08-11 14:45:00,6.465,6.469,6.455,6.456,5386434,34796363.64
2025-08-11 15:00:00,6.456,6.469,6.455,6.465,25886678,167305599.91
2025-08-12 09:45:00,6.466,6.466,6.448,6.45,14718610,95003721.35
2025-08-12 10:00:00,6.448,6.468,6.441,6.465,6220144,40169689.95
2025-08-12 10:15:00,6.466,6.468,6.458,6.466,11682031,75512648.38
2025-08-12 10:30:00,6.465,6.478,6.459,6.459,8707243,56295228.41
2025-08-12 10:45:00,6.459,6.467,6.455,6.462,7960559,51435825.22
2025-08-12 11:00:00,6.462,6.463,6.439,6.443,5614436,36203754.81
2025-08-12 11:15:00,6.442,6.464,6.441,6.457,3616153,23338651.46
2025-08-12 11:30:00,6.459,6.475,6.455,6.475,3337487,21587978.41
2025-08-12 13:15:00,6.474,6.485,6.473,6.485,6706947,43467723.51
2025-08-12 13:30:00,6.485,6.488,6.478,6.48,3610088,23400590.42
2025-08-12 13:45:00,6.48,6.488,6.474,6.485,2832364,18360327.57
2025-08-12 14:00:00,6.485,6.486,6.478,6.485,2905218,18834528.29
2025-08-12 14:15:00,6.485,6.493,6.483,6.485,6740689,43726849.54
2025-08-12 14:30:00,6.485,6.495,6.48,6.494,4646710,30155599.0
2025-08-12 14:45:00,6.495,6.496,6.486,6.489,8402833,54537187.11
2025-08-12 15:00:00,6.49,6.498,6.486,6.496,8830286,57337990.43
2025-08-13 09:45:00,6.506,6.538,6.5,6.528,29106612,189833323.46
2025-08-13 10:00:00,6.529,6.538,6.52,6.524,24559772,160309818.43
2025-08-13 10:15:00,6.524,6.529,6.507,6.518,16548200,107861167.6
2025-08-13 10:30:00,6.518,6.524,6.514,6.521,5585530,36415793.76
2025-08-13 10:45:00,6.522,6.543,6.519,6.536,7297516,47672239.52
2025-08-13 11:00:00,6.538,6.549,6.528,6.544,8935694,58442417.32
2025-08-13 11:15:00,6.544,6.562,6.532,6.558,9275703,60762038.45
2025-08-13 11:30:00,6.559,6.577,6.558,6.574,7085271,46547868.71
2025-08-13 13:15:00,6.574,6.578,6.57,6.572,7767408,51057761.92
2025-08-13 13:30:00,6.572,6.587,6.569,6.571,7649898,50303179.28
2025-08-13 13:45:00,6.571,6.585,6.571,6.58,4623006,30413215.47
2025-08-13 14:00:00,6.579,6.587,6.576,6.582,8546623,56251023.71
2025-08-13 14:15:00,6.583,6.596,6.582,6.588,12068679,79516503.04
2025-08-13 14:30:00,6.588,6.596,6.558,6.566,9432580,62003492.53
2025-08-13 14:45:00,6.567,6.577,6.563,6.575,7787524,51177011.89
2025-08-13 15:00:00,6.575,6.586,6.575,6.583,13000526,85560795.11
2025-08-14 09:45:00,6.561,6.595,6.561,6.574,30505031,200621420.54
2025-08-14 10:00:00,6.575,6.587,6.568,6.571,10617462,69813351.8
2025-08-14 10:15:00,6.572,6.59,6.569,6.579,7320961,48167042.74
2025-08-14 10:30:00,6.58,6.589,6.579,6.589,3680167,24236353.14
2025-08-14 10:45:00,6.589,6.597,6.576,6.578,8220695,54122315.65
2025-08-14 11:00:00,6.577,6.578,6.558,6.568,8698433,57131307.94
2025-08-14 11:15:00,6.568,6.579,6.564,6.574,5042152,33138703.66
2025-08-14 11:30:00,6.575,6.578,6.553,6.553,7583228,49756086.65
2025-08-14 13:15:00,6.552,6.553,6.521,6.523,19388150,126649858.52
2025-08-14 13:30:00,6.524,6.524,6.489,6.512,21768647,141677610.89
2025-08-14 13:45:00,6.512,6.532,6.504,6.524,11914143,77680212.36
2025-08-14 14:00:00,6.525,6.536,6.524,6.527,5259290,34337904.41
2025-08-14 14:15:00,6.527,6.549,6.526,6.538,8885758,58092123.88
2025-08-14 14:30:00,6.538,6.545,6.534,6.54,2435725,15928829.59
2025-08-14 14:45:00,6.541,6.546,6.525,6.526,37917864,247692126.94
2025-08-14 15:00:00,6.526,6.528,6.509,6.514,34659206,225874045.5
2025-08-15 09:45:00,6.501,6.557,6.494,6.557,28554257,186630623.75
2025-08-15 10:00:00,6.557,6.582,6.556,6.576,30113323,197884683.21
2025-08-15 10:15:00,6.576,6.594,6.563,6.593,10349538,68134458.5
2025-08-15 10:30:00,6.593,6.603,6.583,6.583,15381933,101361811.16
2025-08-15 10:45:00,6.584,6.609,6.582,6.604,14107412,93085406.85
2025-08-15 11:00:00,6.604,6.612,6.599,6.604,4954734,32726018.07
2025-08-15 11:15:00,6.604,6.608,6.586,6.59,5136107,33870913.63
2025-08-15 11:30:00,6.59,6.624,6.59,6.624,9294407,61460815.36
2025-08-15 13:15:00,6.622,6.652,6.622,6.648,21930125,145630650.08
2025-08-15 13:30:00,6.648,6.66,6.643,6.656,15393460,102412689.38
2025-08-15 13:45:00,6.657,6.659,6.645,6.656,7585165,50466631.13
2025-08-15 14:00:00,6.656,6.663,6.646,6.652,10553991,70222738.12
2025-08-15 14:15:00,6.654,6.66,6.648,6.654,7767166,51682722.56
2025-08-15 14:30:00,6.655,6.655,6.629,6.64,8690794,57718459.89
2025-08-15 14:45:00,6.64,6.656,6.637,6.656,14051808,93439839.26
2025-08-15 15:00:00,6.656,6.66,6.652,6.66,25252482,168114190.17
2025-08-18 09:45:00,6.688,6.705,6.658,6.673,35799191,239090863.63
2025-08-18 10:00:00,6.675,6.712,6.672,6.706,19696620,131901698.6
2025-08-18 10:15:00,6.706,6.737,6.703,6.723,17369214,116738487.29
2025-08-18 10:30:00,6.723,6.74,6.718,6.74,14086394,94838995.34
2025-08-18 10:45:00,6.738,6.755,6.738,6.751,16019818,108101731.86
2025-08-18 11:00:00,6.752,6.769,6.737,6.767,36864579,249118536.69
2025-08-18 11:15:00,6.767,6.775,6.752,6.766,31510195,213145462.38
2025-08-18 11:30:00,6.766,6.797,6.753,6.79,66449253,450525935.34
2025-08-18 13:15:00,6.79,6.801,6.783,6.783,19135011,129907589.68
2025-08-18 13:30:00,6.782,6.788,6.756,6.765,11197821,75805515.56
2025-08-18 13:45:00,6.764,6.778,6.761,6.761,14231890,96302455.67
2025-08-18 14:00:00,6.761,6.77,6.744,6.752,12219801,82548829.02
2025-08-18 14:15:00,6.752,6.761,6.719,6.729,30742328,207090568.85
2025-08-18 14:30:00,6.73,6.739,6.709,6.723,19770996,132933586.77
2025-08-18 14:45:00,6.723,6.75,6.723,6.745,15505930,104499630.91
2025-08-18 15:00:00,6.744,6.751,6.737,6.751,58084305,391856082.96
2025-08-19 09:45:00,6.748,6.775,6.733,6.772,26897550,181827438.0
2025-08-19 10:00:00,6.773,6.779,6.753,6.754,20535392,138860320.7
2025-08-19 10:15:00,6.755,6.757,6.716,6.733,25887685,174362187.7
2025-08-19 10:30:00,6.735,6.75,6.722,6.744,18792971,126639567.25
2025-08-19 10:45:00,6.746,6.762,6.742,6.755,17638067,119109866.45
2025-08-19 11:00:00,6.755,6.758,6.741,6.746,14127034,95333934.44
2025-08-19 11:15:00,6.748,6.77,6.746,6.77,20514808,138721131.7
2025-08-19 11:30:00,6.769,6.779,6.761,6.768,11987024,81144161.13
2025-08-19 13:15:00,6.768,6.786,6.765,6.772,26306455,178208694.99
2025-08-19 13:30:00,6.772,6.776,6.761,6.767,6471686,43800370.85
2025-08-19 13:45:00,6.767,6.768,6.742,6.75,7333488,49525488.96
2025-08-19 14:00:00,6.751,6.751,6.727,6.729,9779910,65874213.79
2025-08-19 14:15:00,6.729,6.75,6.723,6.739,17229556,116081261.96
2025-08-19 14:30:00,6.739,6.743,6.711,6.726,28902982,194420725.59
2025-08-19 14:45:00,6.726,6.74,6.726,6.738,8987587,60528402.58
2025-08-19 15:00:00,6.738,6.74,6.73,6.734,53373297,359451364.2
2025-08-20 09:45:00,6.714,6.722,6.667,6.714,31871145,213568542.64
2025-08-20 10:00:00,6.713,6.739,6.712,6.735,31244290,210232412.65
2025-08-20 10:15:00,6.736,6.737,6.711,6.717,20849676,140144572.18
2025-08-20 10:30:00,6.717,6.731,6.71,6.731,18138134,121960813.02
2025-08-20 10:45:00,6.731,6.748,6.73,6.739,31423241,211761221.1
2025-08-20 11:00:00,6.739,6.745,6.717,6.717,9496887,63879227.59
2025-08-20 11:15:00,6.717,6.72,6.708,6.714,9253964,62131114.3
2025-08-20 11:30:00,6.715,6.715,6.675,6.7,19319372,129375394.49
2025-08-20 13:15:00,6.699,6.706,6.688,6.7,9845199,65943142.9
2025-08-20 13:30:00,6.699,6.716,6.696,6.715,7601803,51000496.33
2025-08-20 13:45:00,6.715,6.742,6.713,6.73,5948791,40025448.78
2025-08-20 14:00:00,6.73,6.755,6.729,6.754,4880006,32920520.48
2025-08-20 14:15:00,6.755,6.789,6.753,6.786,21661736,146779923.14
2025-08-20 14:30:00,6.787,6.798,6.783,6.797,10005152,67961662.49
2025-08-20 14:45:00,6.797,6.807,6.79,6.801,9808248,66689547.57
2025-08-20 15:00:00,6.801,6.826,6.8,6.825,96312377,656561474.01
2025-08-21 09:45:00,6.836,6.856,6.812,6.816,36712480,250672813.44
2025-08-21 10:00:00,6.815,6.832,6.779,6.783,16647942,113172709.72
2025-08-21 10:15:00,6.784,6.809,6.779,6.803,26271720,178568880.84
2025-08-21 10:30:00,6.802,6.817,6.785,6.81,31250814,212630538.46
2025-08-21 10:45:00,6.811,6.825,6.806,6.815,12754268,86924587.84
2025-08-21 11:00:00,6.815,6.837,6.814,6.829,9044164,61741492.91
2025-08-21 11:15:00,6.829,6.833,6.808,6.81,9068980,61823236.66
2025-08-21 11:30:00,6.81,6.82,6.793,6.816,18154678,123627305.62
2025-08-21 13:15:00,6.816,6.825,6.814,6.822,4770851,32538794.1
2025-08-21 13:30:00,6.822,6.836,6.818,6.822,5623045,38379156.47
2025-08-21 13:45:00,6.822,6.828,6.803,6.813,4227110,28806345.61
2025-08-21 14:00:00,6.813,6.814,6.796,6.802,3767136,25631593.34
2025-08-21 14:15:00,6.802,6.807,6.79,6.795,7966666,54152084.36
2025-08-21 14:30:00,6.795,6.802,6.766,6.784,11689090,79298786.56
2025-08-21 14:45:00,6.784,6.787,6.759,6.768,36162587,244868930.77
2025-08-21 15:00:00,6.768,6.79,6.766,6.788,64219065,435490886.12
2025-08-22 09:45:00,6.785,6.839,6.785,6.839,72543851,494821607.67
2025-08-22 10:00:00,6.839,6.847,6.828,6.833,91843163,627839862.27
2025-08-22 10:15:00,6.836,6.837,6.804,6.817,21919364,149475449.57
2025-08-22 10:30:00,6.818,6.831,6.809,6.824,13820274,94272695.71
2025-08-22 10:45:00,6.825,6.845,6.824,6.843,11013121,75300379.32
2025-08-22 11:00:00,6.844,6.869,6.844,6.856,32240652,221052657.0
2025-08-22 11:15:00,6.856,6.867,6.841,6.855,8609466,59012149.79
2025-08-22 11:30:00,6.856,6.869,6.835,6.858,13543525,92827320.35
2025-08-22 13:15:00,6.859,6.874,6.849,6.874,7785691,53453959.18
2025-08-22 13:30:00,6.872,6.875,6.846,6.861,5912510,40563760.27
2025-08-22 13:45:00,6.861,6.875,6.854,6.873,13603548,93420098.63
2025-08-22 14:00:00,6.874,6.88,6.865,6.869,18311874,125826990.21
2025-08-22 14:15:00,6.87,6.895,6.869,6.883,96614063,664930186.25
2025-08-22 14:30:00,6.883,6.905,6.88,6.905,163338323,1126489967.62
2025-08-22 14:45:00,6.905,6.907,6.895,6.901,106352900,733941362.9
2025-08-22 15:00:00,6.901,6.921,6.899,6.92,166326176,1149868296.75
2025-08-25 09:45:00,6.962,7.01,6.959,6.997,53668824,375073521.33
2025-08-25 10:00:00,6.997,7.005,6.953,7.003,33062914,231010580.12
2025-08-25 10:15:00,7.004,7.03,7.0,7.027,53458883,375227899.78
2025-08-25 10:30:00,7.027,7.042,7.016,7.038,79270104,557427371.33
2025-08-25 10:45:00,7.038,7.039,7.017,7.033,50708556,356464245.83
2025-08-25 11:00:00,7.032,7.055,7.025,7.055,44388756,312718786.02
2025-08-25 11:15:00,7.055,7.065,7.041,7.052,29670770,209258050.55
2025-08-25 11:30:00,7.051,7.051,6.975,6.996,40117500,281116695.0
2025-08-25 13:15:00,6.995,6.996,6.959,6.969,148163162,1033388667.23
2025-08-25 13:30:00,6.969,6.971,6.944,6.953,84365834,586848741.3
2025-08-25 13:45:00,6.953,6.969,6.944,6.964,74240073,516636668.01
2025-08-25 14:00:00,6.965,6.99,6.958,6.978,29514572,205873977.89
2025-08-25 14:15:00,6.978,7.0,6.965,7.0,19244606,134487721.6
2025-08-25 14:30:00,7.001,7.049,7.001,7.049,31265411,219889635.56
2025-08-25 14:45:00,7.049,7.056,7.015,7.021,33383448,234707895.07
2025-08-25 15:00:00,7.021,7.042,7.016,7.038,76963361,541206354.55
2025-08-26 09:45:00,7.01,7.03,6.995,7.025,79591108,558464274.47
2025-08-26 10:00:00,7.026,7.066,7.018,7.051,39644944,279298630.48
2025-08-26 10:15:00,7.051,7.064,7.042,7.054,46016177,324567435.11
2025-08-26 10:30:00,7.053,7.055,7.03,7.038,43709884,307761293.24
2025-08-26 10:45:00,7.039,7.051,7.027,7.047,22969886,161746280.58
2025-08-26 11:00:00,7.047,7.057,7.04,7.044,37978471,267634285.14
2025-08-26 11:15:00,7.044,7.053,7.034,7.051,14912051,105070311.35
2025-08-26 11:30:00,7.051,7.089,7.051,7.085,29531320,208934089.0
2025-08-26 13:15:00,7.086,7.088,7.057,7.057,26868415,189888044.94
2025-08-26 13:30:00,7.057,7.073,7.055,7.069,11650838,82320937.7
2025-08-26 13:45:00,7.07,7.073,7.06,7.068,15703140,110974090.38
2025-08-26 14:00:00,7.069,7.091,7.068,7.09,13144032,93099178.66
2025-08-26 14:15:00,7.09,7.102,7.082,7.089,14467865,102591630.72
2025-08-26 14:30:00,7.089,7.094,7.066,7.084,20438021,144728439.37
2025-08-26 14:45:00,7.084,7.085,7.049,7.054,28481024,201151978.84
2025-08-26 15:00:00,7.054,7.055,7.028,7.046,53739247,378485516.62
2025-08-27 09:45:00,7.046,7.089,7.046,7.078,47025086,332514383.11
2025-08-27 10:00:00,7.078,7.088,7.056,7.073,17953170,126970802.63
2025-08-27 10:15:00,7.072,7.111,7.07,7.111,13602304,96540085.59
2025-08-27 10:30:00,7.11,7.114,7.096,7.096,18519999,131529032.9
2025-08-27 10:45:00,7.097,7.109,7.088,7.098,10385300,73718321.17
2025-08-27 11:00:00,7.098,7.118,7.097,7.112,7714406,54841712.25
2025-08-27 11:15:00,7.115,7.146,7.112,7.146,26363802,188096939.34
2025-08-27 11:30:00,7.146,7.159,7.14,7.153,37020757,264723093.05
2025-08-27 13:15:00,7.154,7.16,7.124,7.138,21349868,152452290.77
2025-08-27 13:30:00,7.138,7.159,7.136,7.146,16591990,118582952.53
2025-08-27 13:45:00,7.147,7.15,7.109,7.109,16887340,120282893.71
2025-08-27 14:00:00,7.108,7.111,7.05,7.065,26372664,186595388.69
2025-08-27 14:15:00,7.066,7.1,7.064,7.077,50321652,356294070.04
2025-08-27 14:30:00,7.079,7.085,7.01,7.01,34393930,241961297.55
2025-08-27 14:45:00,7.011,7.049,6.986,6.993,42609215,298662191.01
2025-08-27 15:00:00,6.991,6.994,6.944,6.954,45215728,314882329.79
2025-08-28 09:45:00,6.953,7.008,6.95,6.994,59190302,413385069.17
2025-08-28 10:00:00,6.995,7.009,6.969,6.969,41645493,290782713.96
2025-08-28 10:15:00,6.969,6.998,6.952,6.987,24194354,168852396.57
2025-08-28 10:30:00,6.988,7.011,6.976,7.006,11551842,80835939.7
2025-08-28 10:45:00,7.006,7.045,7.005,7.044,16239866,114187911.13
2025-08-28 11:00:00,7.044,7.055,7.019,7.024,15846872,111445768.49
2025-08-28 11:15:00,7.024,7.029,7.004,7.013,11753562,82455155.28
2025-08-28 11:30:00,7.013,7.013,6.95,6.977,24955095,174186563.1
2025-08-28 13:15:00,6.979,6.99,6.955,6.966,13238892,92279490.2
2025-08-28 13:30:00,6.968,6.99,6.905,6.912,21204596,147068009.66
2025-08-28 13:45:00,6.912,6.944,6.883,6.944,22227403,153895129.24
2025-08-28 14:00:00,6.944,6.974,6.943,6.962,12931887,90001622.89
2025-08-28 14:15:00,6.962,7.024,6.961,7.023,14169162,99221918.43
2025-08-28 14:30:00,7.024,7.038,7.009,7.023,10637665,74711867.18
2025-08-28 14:45:00,7.023,7.067,7.022,7.067,23676080,166963716.16
2025-08-28 15:00:00,7.067,7.108,7.062,7.098,66063165,468343797.74
2025-08-29 09:45:00,7.094,7.1,7.069,7.078,105335238,746019267.26
2025-08-29 10:00:00,7.078,7.116,7.07,7.11,70039324,497185814.63
2025-08-29 10:15:00,7.11,7.124,7.102,7.122,26514866,188679786.46
2025-08-29 10:30:00,7.123,7.156,7.118,7.148,23814732,170053062.97
2025-08-29 10:45:00,7.148,7.169,7.14,7.166,18156816,129972541.2
2025-08-29 11:00:00,7.164,7.18,7.145,7.148,17078041,122238924.8
2025-08-29 11:15:00,7.148,7.166,7.127,7.133,11223297,80156787.17
2025-08-29 11:30:00,7.133,7.139,7.107,7.128,8670193,61772235.06
2025-08-29 13:15:00,7.127,7.159,7.126,7.154,6121529,43746486.74
2025-08-29 13:30:00,7.154,7.157,7.105,7.105,11870671,84546875.75
2025-08-29 13:45:00,7.106,7.125,7.1,7.107,10468587,74438632.63
2025-08-29 14:00:00,7.106,7.14,7.098,7.14,8288878,59066544.63
2025-08-29 14:15:00,7.139,7.147,7.113,7.121,4895139,34887655.65
2025-08-29 14:30:00,7.12,7.122,7.114,7.121,4247848,30240429.91
2025-08-29 14:45:00,7.122,7.144,7.121,7.135,5426768,38710945.07
2025-08-29 15:00:00,7.136,7.154,7.135,7.145,17309988,123674094.26
2025-09-01 09:45:00,7.161,7.188,7.157,7.163,44069303,315947522.97
2025-09-01 10:00:00,7.163,7.167,7.124,7.138,18420114,131574874.3
2025-09-01 10:15:00,7.139,7.164,7.132,7.164,16769089,119954883.31
2025-09-01 10:30:00,7.164,7.172,7.141,7.141,10497138,75068532.88
2025-09-01 10:45:00,7.142,7.159,7.133,7.156,7350385,52550352.49
2025-09-01 11:00:00,7.156,7.176,7.155,7.163,5375032,38510312.6
2025-09-01 11:15:00,7.161,7.187,7.158,7.186,7779257,55831727.49
2025-09-01 11:30:00,7.186,7.196,7.15,7.155,8332217,59716999.24
2025-09-01 13:15:00,7.155,7.18,7.149,7.167,9400748,67359493.0
2025-09-01 13:30:00,7.167,7.179,7.16,7.176,6629807,47546765.87
2025-09-01 13:45:00,7.177,7.185,7.167,7.17,3502771,25128879.15
2025-09-01 14:00:00,7.168,7.19,7.157,7.19,4230411,30370120.57
2025-09-01 14:15:00,7.191,7.199,7.184,7.195,13341475,95960782.52
2025-09-01 14:30:00,7.197,7.205,7.19,7.2,12606977,90749222.77
2025-09-01 14:45:00,7.2,7.205,7.193,7.194,4497678,32371287.79
2025-09-01 15:00:00,7.194,7.21,7.186,7.21,10278908,74028695.42
2025-09-02 09:45:00,7.175,7.19,7.152,7.165,29429825,210982415.42
2025-09-02 10:00:00,7.166,7.185,7.117,7.123,29683189,211987441.44
2025-09-02 10:15:00,7.123,7.126,7.084,7.085,27378344,194340611.83
2025-09-02 10:30:00,7.085,7.133,7.071,7.117,17944364,127530594.95
2025-09-02 10:45:00,7.118,7.123,7.065,7.065,13329250,94428850.08
2025-09-02 11:00:00,7.065,7.088,7.039,7.041,13423941,94719327.7
2025-09-02 11:15:00,7.041,7.055,7.015,7.038,11055473,77786308.03
2025-09-02 11:30:00,7.038,7.078,7.022,7.042,6598810,46504013.67
2025-09-02 13:15:00,7.042,7.061,7.015,7.016,7348705,51666295.29
2025-09-02 13:30:00,7.016,7.017,6.995,7.008,12092557,84728516.05
2025-09-02 13:45:00,7.008,7.088,7.008,7.067,14336775,101136389.78
2025-09-02 14:00:00,7.067,7.099,7.044,7.051,11084390,78307520.55
2025-09-02 14:15:00,7.048,7.074,7.034,7.044,4813917,33941324.13
2025-09-02 14:30:00,7.044,7.045,7.02,7.021,6980428,49063101.6
2025-09-02 14:45:00,7.021,7.049,7.005,7.013,17666828,124062355.16
2025-09-02 15:00:00,7.013,7.06,7.006,7.06,21952606,154590251.45
2025-09-03 09:45:00,7.062,7.084,7.028,7.072,41099071,290214240.02
2025-09-03 10:00:00,7.072,7.083,7.032,7.041,12890783,90905801.72
2025-09-03 10:15:00,7.044,7.049,7.003,7.005,22484922,157821667.52
2025-09-03 10:30:00,7.003,7.036,7.003,7.008,9175815,64374459.44
2025-09-03 10:45:00,7.007,7.055,6.97,7.054,25866115,181743946.03
2025-09-03 11:00:00,7.054,7.064,7.04,7.048,15232026,107395937.98
2025-09-03 11:15:00,7.049,7.052,7.009,7.014,6085469,42750419.72
2025-09-03 11:30:00,7.015,7.016,6.979,6.98,7639856,53415326.53
2025-09-03 13:15:00,6.98,6.999,6.97,6.991,6439808,44992791.89
2025-09-03 13:30:00,6.991,6.994,6.973,6.985,6077161,42442892.42
2025-09-03 13:45:00,6.985,6.985,6.952,6.968,11143164,77649281.14
2025-09-03 14:00:00,6.97,6.97,6.932,6.964,8046649,55967126.01
2025-09-03 14:15:00,6.964,7.011,6.949,7.011,7915644,55332990.11
2025-09-03 14:30:00,7.011,7.014,6.981,6.983,4733232,33097913.63
2025-09-03 14:45:00,6.983,6.994,6.943,6.948,8690372,60499473.07
2025-09-03 15:00:00,6.949,6.954,6.915,6.941,47475363,329320768.01
2025-09-04 09:45:00,6.946,6.994,6.946,6.954,39383677,274294182.41
2025-09-04 10:00:00,6.955,6.968,6.921,6.921,22038954,152876877.58
2025-09-04 10:15:00,6.921,6.922,6.864,6.88,31863657,219498111.85
2025-09-04 10:30:00,6.881,6.9,6.862,6.862,11367840,78150110.72
2025-09-04 10:45:00,6.862,6.867,6.826,6.832,26252556,179611237.3
2025-09-04 11:00:00,6.832,6.843,6.791,6.833,33076225,225657032.36
2025-09-04 11:15:00,6.833,6.861,6.82,6.822,14927010,102016162.01
2025-09-04 11:30:00,6.822,6.833,6.79,6.805,14350478,97717188.19
2025-09-04 13:15:00,6.803,6.858,6.79,6.855,23430334,160130712.67
2025-09-04 13:30:00,6.855,6.855,6.809,6.809,15459295,105499382.18
2025-09-04 13:45:00,6.809,6.809,6.777,6.779,16424018,111491708.86
2025-09-04 14:00:00,6.779,6.82,6.777,6.803,10273784,69861731.2
2025-09-04 14:15:00,6.803,6.803,6.748,6.756,14266762,96571711.98
2025-09-04 14:30:00,6.756,6.756,6.72,6.736,14966874,100836819.1
2025-09-04 14:45:00,6.736,6.762,6.689,6.762,17879931,120469015.1
2025-09-04 15:00:00,6.763,6.79,6.748,6.78,20935993,141792501.92
2025-09-05 09:45:00,6.779,6.799,6.758,6.778,43662613,295959745.12
2025-09-05 10:00:00,6.778,6.847,6.778,6.846,28482749,194356784.93
2025-09-05 10:15:00,6.847,6.855,6.827,6.833,21293723,145613575.78
2025-09-05 10:30:00,6.832,6.866,6.828,6.863,9277586,63573111.8
2025-09-05 10:45:00,6.861,6.887,6.858,6.887,25861418,177857592.06
2025-09-05 11:00:00,6.887,6.901,6.881,6.888,23166046,159614056.94
2025-09-05 11:15:00,6.888,6.907,6.878,6.9,19117694,131816500.13
2025-09-05 11:30:00,6.9,6.9,6.868,6.89,8271618,56958361.55
2025-09-05 13:15:00,6.89,6.905,6.88,6.894,6664840,45940742.12
2025-09-05 13:30:00,6.893,6.907,6.886,6.907,5478946,37804727.4
2025-09-05 13:45:00,6.907,6.924,6.906,6.915,12069816,83462777.64
2025-09-05 14:00:00,6.915,6.949,6.915,6.948,15645888,108540740.35
2025-09-05 14:15:00,6.949,6.982,6.948,6.97,25341692,176547120.93
2025-09-05 14:30:00,6.971,6.999,6.969,6.998,20017427,139895124.83
2025-09-05 14:45:00,6.998,7.023,6.997,7.018,23385966,163997984.24
2025-09-05 15:00:00,7.018,7.022,6.998,7.011,20007207,140257190.14
2025-09-08 09:45:00,7.011,7.05,6.992,7.045,38689117,271945803.39
2025-09-08 10:00:00,7.045,7.051,7.01,7.047,25120684,176749132.62
2025-09-08 10:15:00,7.047,7.049,7.018,7.032,10395199,73109434.57
2025-09-08 10:30:00,7.032,7.035,6.993,7.004,21216510,148741879.44
2025-09-08 10:45:00,7.004,7.014,6.971,6.984,26697322,186605381.67
2025-09-08 11:00:00,6.984,7.005,6.973,7.0,12177721,85154743.71
2025-09-08 11:15:00,7.003,7.014,6.978,7.014,10176693,71257204.39
2025-09-08 11:30:00,7.013,7.028,7.002,7.021,6520378,45753492.43
2025-09-08 13:15:00,7.021,7.035,7.012,7.025,14322338,100600102.11
2025-09-08 13:30:00,7.027,7.033,7.011,7.018,8967196,62955694.05
2025-09-08 13:45:00,7.019,7.03,7.007,7.027,5688745,39942574.89
2025-09-08 14:00:00,7.027,7.049,7.026,7.047,7121753,50141888.96
2025-09-08 14:15:00,7.048,7.049,7.034,7.048,6615710,46598856.0
2025-09-08 14:30:00,7.048,7.061,7.046,7.056,11221883,79162903.31
2025-09-08 14:45:00,7.056,7.084,7.055,7.076,12103382,85591083.04
2025-09-08 15:00:00,7.075,7.076,7.058,7.073,15997111,113083577.66
2025-09-09 09:45:00,7.051,7.059,7.012,7.059,27471197,193488797.54
2025-09-09 10:00:00,7.059,7.073,7.048,7.073,10181563,71929348.74
2025-09-09 10:15:00,7.073,7.074,7.059,7.071,4162214,29418528.55
2025-09-09 10:30:00,7.072,7.077,7.047,7.059,5402767,38148937.79
2025-09-09 10:45:00,7.059,7.071,7.055,7.065,5647010,39888596.3
2025-09-09 11:00:00,7.065,7.068,7.044,7.06,4723345,33334220.11
2025-09-09 11:15:00,7.06,7.06,7.032,7.033,7532375,53040473.96
2025-09-09 11:30:00,7.034,7.047,7.012,7.022,7129456,50098687.31
2025-09-09 13:15:00,7.023,7.029,7.006,7.007,7127438,49991850.13
2025-09-09 13:30:00,7.006,7.008,6.981,7.0,10077520,70505689.09
2025-09-09 13:45:00,6.998,7.0,6.979,6.989,5789087,40461858.74
2025-09-09 14:00:00,6.989,7.002,6.973,6.976,6600189,46093519.91
2025-09-09 14:15:00,6.976,7.018,6.965,7.017,14814735,103703145.0
2025-09-09 14:30:00,7.016,7.018,6.98,6.986,4602267,32191323.58
2025-09-09 14:45:00,6.986,7.011,6.986,7.001,5542806,38795946.8
2025-09-09 15:00:00,7.002,7.008,6.994,7.007,12786147,89541387.44
2025-09-10 09:45:00,6.994,7.035,6.992,7.034,17959545,126081992.42
2025-09-10 10:00:00,7.034,7.063,7.033,7.037,19228565,135452421.38
2025-09-10 10:15:00,7.037,7.037,7.004,7.019,9515827,66801105.54
2025-09-10 10:30:00,7.019,7.019,6.976,6.976,8699486,60812306.97
2025-09-10 10:45:00,6.977,6.986,6.952,6.954,8650870,60244658.68
2025-09-10 11:00:00,6.955,6.98,6.951,6.968,6404427,44615373.29
2025-09-10 11:15:00,6.969,6.998,6.961,6.995,4331348,30253022.0
2025-09-10 11:30:00,6.997,7.015,6.993,7.004,5428868,38023791.47
2025-09-10 13:15:00,7.004,7.03,6.995,7.008,4106815,28792879.96
2025-09-10 13:30:00,7.008,7.026,6.995,7.021,5628923,39481265.92
2025-09-10 13:45:00,7.021,7.027,7.005,7.012,1760898,12352112.5
2025-09-10 14:00:00,7.012,7.017,7.005,7.012,2098442,14712876.34
2025-09-10 14:15:00,7.013,7.041,7.011,7.021,7160355,50296720.3
2025-09-10 14:30:00,7.021,7.031,7.015,7.021,2467229,17325704.45
2025-09-10 14:45:00,7.021,7.021,6.996,7.006,3956359,27724845.09
2025-09-10 15:00:00,7.007,7.011,6.999,7.003,14174528,99283118.95
2025-09-11 09:45:00,7.0,7.011,6.957,7.009,24370705,170408092.93
2025-09-11 10:00:00,7.011,7.023,6.996,7.02,9230617,64734317.02
2025-09-11 10:15:00,7.022,7.05,7.019,7.049,21566663,151814929.74
2025-09-11 10:30:00,7.048,7.054,7.029,7.051,23818620,167794238.36
2025-09-11 10:45:00,7.051,7.058,7.046,7.054,21422770,151087655.89
2025-09-11 11:00:00,7.054,7.103,7.051,7.094,20095515,142329834.24
2025-09-11 11:15:00,7.095,7.13,7.094,7.126,25742815,183203033.42
2025-09-11 11:30:00,7.128,7.164,7.112,7.164,45620642,326035521.49
2025-09-11 13:15:00,7.163,7.178,7.146,7.151,21245475,152082191.88
2025-09-11 13:30:00,7.15,7.163,7.138,7.159,14062440,100593320.8
2025-09-11 13:45:00,7.16,7.166,7.142,7.15,13937819,99692573.37
2025-09-11 14:00:00,7.152,7.171,7.145,7.17,13461984,96414729.41
2025-09-11 14:15:00,7.17,7.183,7.167,7.175,17578002,126122164.35
2025-09-11 14:30:00,7.175,7.203,7.174,7.198,42136230,303029720.75
2025-09-11 14:45:00,7.198,7.216,7.196,7.213,80237494,578378602.58
2025-09-11 15:00:00,7.212,7.229,7.205,7.228,77190517,557366993.08
2025-09-12 09:45:00,7.227,7.248,7.21,7.234,50075814,362081519.1
2025-09-12 10:00:00,7.234,7.24,7.209,7.236,19576491,141505402.44
2025-09-12 10:15:00,7.237,7.249,7.232,7.24,21610238,156465326.53
2025-09-12 10:30:00,7.241,7.283,7.231,7.279,17562647,127580922.02
2025-09-12 10:45:00,7.28,7.291,7.259,7.261,15559587,113123384.02
2025-09-12 11:00:00,7.261,7.265,7.22,7.225,11839840,85680975.47
2025-09-12 11:15:00,7.224,7.252,7.219,7.246,14681185,106277098.22
2025-09-12 11:30:00,7.246,7.268,7.246,7.265,6949672,50452302.16
2025-09-12 13:15:00,7.267,7.279,7.253,7.275,8217037,59729641.95
2025-09-12 13:30:00,7.275,7.286,7.266,7.282,8025396,58408832.09
2025-09-12 13:45:00,7.282,7.29,7.272,7.281,4303013,31330237.65
2025-09-12 14:00:00,7.282,7.301,7.278,7.278,9471217,69004129.99
2025-09-12 14:15:00,7.278,7.278,7.254,7.26,14205680,103190059.52
2025-09-12 14:30:00,7.26,7.269,7.25,7.26,21862408,158713794.61
2025-09-12 14:45:00,7.26,7.267,7.235,7.237,13237245,95921489.68
2025-09-12 15:00:00,7.237,7.25,7.23,7.245,22199949,160764630.68
2025-09-15 09:45:00,7.252,7.258,7.219,7.229,44222863,319967154.76
2025-09-15 10:00:00,7.229,7.254,7.224,7.236,30545743,221090087.83
2025-09-15 10:15:00,7.237,7.241,7.224,7.231,28317262,204790438.78
2025-09-15 10:30:00,7.23,7.237,7.209,7.235,45442577,328413503.98
2025-09-15 10:45:00,7.235,7.256,7.231,7.245,34130863,247243971.57
2025-09-15 11:00:00,7.244,7.256,7.231,7.242,22788226,165055120.92
2025-09-15 11:15:00,7.242,7.245,7.229,7.232,34022073,246161038.85
2025-09-15 11:30:00,7.232,7.248,7.221,7.242,7920385,57319826.24
2025-09-15 13:15:00,7.241,7.262,7.24,7.253,7776450,56392223.25
2025-09-15 13:30:00,7.253,7.254,7.238,7.25,6800244,49283635.02
2025-09-15 13:45:00,7.248,7.257,7.238,7.246,12505697,90628786.16
2025-09-15 14:00:00,7.245,7.255,7.24,7.253,10159019,73646115.07
2025-09-15 14:15:00,7.253,7.261,7.227,7.238,20642393,149492210.11
2025-09-15 14:30:00,7.239,7.243,7.228,7.23,5270248,38123217.28
2025-09-15 14:45:00,7.23,7.242,7.228,7.229,14893868,107727347.24
2025-09-15 15:00:00,7.229,7.231,7.222,7.224,31174155,225254052.64
2025-09-16 09:45:00,7.228,7.287,7.228,7.24,33000819,239310939.12
2025-09-16 10:00:00,7.243,7.265,7.24,7.249,16829298,122034849.56
2025-09-16 10:15:00,7.251,7.261,7.238,7.244,38841245,281508396.68
2025-09-16 10:30:00,7.244,7.247,7.211,7.224,18789520,135798124.21
2025-09-16 10:45:00,7.225,7.226,7.178,7.183,22699555,163338431.26
2025-09-16 11:00:00,7.183,7.202,7.165,7.179,14311064,102782061.65
2025-09-16 11:15:00,7.18,7.204,7.175,7.202,10293740,74049734.31
2025-09-16 11:30:00,7.203,7.236,7.192,7.23,8108230,58536015.11
2025-09-16 13:15:00,7.23,7.248,7.224,7.243,6272303,45401019.88
2025-09-16 13:30:00,7.245,7.247,7.224,7.224,5361392,38771799.81
2025-09-16 13:45:00,7.223,7.247,7.216,7.247,12781985,92498964.78
2025-09-16 14:00:00,7.248,7.278,7.24,7.278,16870556,122570212.86
2025-09-16 14:15:00,7.279,7.294,7.26,7.277,14403683,104815601.19
2025-09-16 14:30:00,7.277,7.288,7.26,7.263,3853544,28016549.39
2025-09-16 14:45:00,7.263,7.276,7.26,7.265,4215532,30634271.04
2025-09-16 15:00:00,7.266,7.286,7.262,7.284,9493039,69084009.15
2025-09-17 09:45:00,7.266,7.29,7.25,7.288,28067262,204217398.31
2025-09-17 10:00:00,7.288,7.317,7.283,7.29,13541831,98810226.86
2025-09-17 10:15:00,7.294,7.299,7.266,7.286,11475385,83582879.21
2025-09-17 10:30:00,7.282,7.298,7.246,7.25,9204919,66870668.23
2025-09-17 10:45:00,7.25,7.28,7.243,7.269,7310001,53099847.26
2025-09-17 11:00:00,7.268,7.314,7.267,7.312,11307656,82519504.27
2025-09-17 11:15:00,7.313,7.332,7.3,7.32,11994817,87770074.26
2025-09-17 11:30:00,7.32,7.354,7.311,7.341,14219932,104307941.2
2025-09-17 13:15:00,7.34,7.345,7.324,7.329,3430046,25151383.97
2025-09-17 13:30:00,7.331,7.346,7.318,7.32,5183528,37984893.18
2025-09-17 13:45:00,7.319,7.339,7.313,7.334,4368962,32018666.18
2025-09-17 14:00:00,7.333,7.358,7.333,7.358,5892335,43306698.14
2025-09-17 14:15:00,7.358,7.359,7.34,7.345,5323308,39115667.18
2025-09-17 14:30:00,7.345,7.363,7.338,7.347,10581620,77767852.59
2025-09-17 14:45:00,7.348,7.35,7.33,7.345,6905675,50699163.96
2025-09-17 15:00:00,7.345,7.36,7.345,7.358,9876341,72633903.83
2025-09-18 09:45:00,7.352,7.357,7.323,7.342,22315164,163808180.54
2025-09-18 10:00:00,7.345,7.37,7.33,7.369,12441843,91526344.39
2025-09-18 10:15:00,7.369,7.418,7.367,7.418,16771425,124125316.42
2025-09-18 10:30:00,7.418,7.447,7.416,7.441,35617563,264804708.38
2025-09-18 10:45:00,7.44,7.44,7.4,7.429,20800724,154403774.25
2025-09-18 11:00:00,7.429,7.444,7.42,7.437,12058655,89640021.72
2025-09-18 11:15:00,7.437,7.437,7.41,7.427,8382163,62234766.22
2025-09-18 11:30:00,7.427,7.448,7.417,7.444,2956283,21983905.82
2025-09-18 13:15:00,7.445,7.448,7.426,7.427,4691421,34874459.91
2025-09-18 13:30:00,7.428,7.428,7.36,7.371,9899067,73117808.55
2025-09-18 13:45:00,7.371,7.399,7.371,7.376,7110195,52487459.49
2025-09-18 14:00:00,7.377,7.386,7.342,7.343,15207364,111880576.95
2025-09-18 14:15:00,7.343,7.346,7.26,7.285,48682395,355235436.32
2025-09-18 14:30:00,7.285,7.32,7.263,7.266,30028782,218699619.31
2025-09-18 14:45:00,7.266,7.289,7.2,7.244,45526238,329807243.48
2025-09-18 15:00:00,7.244,7.306,7.242,7.291,45928899,334347075.09
2025-09-19 09:45:00,7.279,7.315,7.27,7.278,39050184,284584724.26
2025-09-19 10:00:00,7.276,7.312,7.275,7.278,17236695,125626778.72
2025-09-19 10:15:00,7.277,7.292,7.264,7.287,13803671,100504528.55
2025-09-19 10:30:00,7.286,7.32,7.286,7.315,7789763,56919798.24
2025-09-19 10:45:00,7.315,7.318,7.293,7.307,14661921,107119994.83
2025-09-19 11:00:00,7.304,7.31,7.261,7.279,17179043,125120696.52
2025-09-19 11:15:00,7.28,7.294,7.266,7.288,8171652,59511417.63
2025-09-19 11:30:00,7.281,7.304,7.27,7.304,4798902,34996792.65
2025-09-19 13:15:00,7.304,7.326,7.292,7.306,11515065,84152095.02
2025-09-19 13:30:00,7.306,7.308,7.258,7.259,10903263,79321238.32
2025-09-19 13:45:00,7.259,7.268,7.23,7.242,13475532,97652688.56
2025-09-19 14:00:00,7.243,7.265,7.236,7.247,5256951,38109390.12
2025-09-19 14:15:00,7.247,7.29,7.237,7.284,12465647,90629408.91
2025-09-19 14:30:00,7.284,7.303,7.276,7.299,27937001,203735235.96
2025-09-19 14:45:00,7.299,7.3,7.271,7.28,37120551,270373719.97
2025-09-19 15:00:00,7.28,7.28,7.258,7.261,44186414,321073212.93
2025-09-22 09:45:00,7.259,7.276,7.238,7.27,30033323,218081969.41
2025-09-22 10:00:00,7.273,7.273,7.232,7.233,39121892,283477229.43
2025-09-22 10:15:00,7.233,7.275,7.226,7.27,29479029,213929313.45
2025-09-22 10:30:00,7.27,7.29,7.263,7.286,23814468,173361388.88
2025-09-22 10:45:00,7.286,7.297,7.274,7.279,14705626,107105976.03
2025-09-22 11:00:00,7.28,7.291,7.271,7.287,4561116,33218607.83
2025-09-22 11:15:00,7.29,7.291,7.257,7.259,11903083,86523510.33
2025-09-22 11:30:00,7.259,7.284,7.252,7.282,5841201,42481107.81
2025-09-22 13:15:00,7.282,7.296,7.273,7.284,9184798,66905130.23
2025-09-22 13:30:00,7.284,7.295,7.274,7.286,4718555,34374673.17
2025-09-22 13:45:00,7.287,7.29,7.268,7.271,3901117,28385827.66
2025-09-22 14:00:00,7.275,7.286,7.265,7.27,3199089,23269107.02
2025-09-22 14:15:00,7.271,7.276,7.251,7.276,6903362,50171333.9
2025-09-22 14:30:00,7.276,7.291,7.267,7.285,3904792,28430790.55
2025-09-22 14:45:00,7.286,7.313,7.285,7.301,8445595,61650028.3
2025-09-22 15:00:00,7.303,7.32,7.295,7.32,35901080,262496729.93
2025-09-23 09:45:00,7.318,7.335,7.302,7.31,52501389,384082661.46
2025-09-23 10:00:00,7.311,7.33,7.269,7.269,31535683,229874105.28
2025-09-23 10:15:00,7.269,7.275,7.222,7.236,30966557,224332061.09
2025-09-23 10:30:00,7.238,7.239,7.18,7.186,21689992,156204092.39
2025-09-23 10:45:00,7.186,7.224,7.167,7.222,17361578,125078595.1
2025-09-23 11:00:00,7.224,7.233,7.189,7.203,9974911,71902483.46
2025-09-23 11:15:00,7.203,7.206,7.172,7.173,11670134,83834352.61
2025-09-23 11:30:00,7.173,7.202,7.152,7.153,10816813,77545732.4
2025-09-23 13:15:00,7.153,7.183,7.14,7.176,14393115,103145859.8
2025-09-23 13:30:00,7.176,7.19,7.163,7.186,6546115,46998923.66
2025-09-23 13:45:00,7.186,7.199,7.154,7.154,4343112,31135769.93
2025-09-23 14:00:00,7.154,7.173,7.152,7.173,3761113,26952135.76
2025-09-23 14:15:00,7.173,7.173,7.142,7.154,4873110,34873599.53
2025-09-23 14:30:00,7.153,7.22,7.153,7.214,6516014,46887064.74
2025-09-23 14:45:00,7.214,7.238,7.201,7.237,5940962,42925430.77
2025-09-23 15:00:00,7.238,7.281,7.237,7.279,30071514,218489596.89
2025-09-24 09:45:00,7.232,7.315,7.227,7.289,36763821,267530325.42
2025-09-24 10:00:00,7.29,7.299,7.266,7.293,14583054,106252131.44
2025-09-24 10:15:00,7.295,7.301,7.262,7.274,9043432,65827141.53
2025-09-24 10:30:00,7.274,7.301,7.266,7.292,10642936,77547979.34
2025-09-24 10:45:00,7.292,7.3,7.272,7.288,4753733,34638867.79
2025-09-24 11:00:00,7.287,7.351,7.286,7.351,18197880,133378328.48
2025-09-24 11:15:00,7.351,7.359,7.335,7.351,13388527,98383359.24
2025-09-24 11:30:00,7.352,7.388,7.35,7.388,16669677,122944424.43
2025-09-24 13:15:00,7.389,7.395,7.359,7.36,11490406,84699612.76
2025-09-24 13:30:00,7.36,7.387,7.356,7.387,6427940,47416770.73
2025-09-24 13:45:00,7.387,7.418,7.382,7.415,15335664,113560591.92
2025-09-24 14:00:00,7.417,7.431,7.405,7.406,17487257,129650523.4
2025-09-24 14:15:00,7.407,7.425,7.405,7.419,7758050,57536284.82
2025-09-24 14:30:00,7.418,7.429,7.407,7.415,8331665,61795959.31
2025-09-24 14:45:00,7.416,7.423,7.396,7.422,8080820,59908505.87
2025-09-24 15:00:00,7.421,7.436,7.421,7.432,20498620,152297913.73
2025-09-25 09:45:00,7.43,7.472,7.415,7.458,27859845,207509412.18
2025-09-25 10:00:00,7.462,7.462,7.415,7.425,20704696,153918710.06
2025-09-25 10:15:00,7.425,7.457,7.415,7.453,9690512,72113560.13
2025-09-25 10:30:00,7.454,7.463,7.432,7.457,9093550,67753009.87
2025-09-25 10:45:00,7.457,7.478,7.452,7.462,7641033,57032670.31
2025-09-25 11:00:00,7.462,7.474,7.454,7.461,6651618,49641025.13
2025-09-25 11:15:00,7.461,7.478,7.455,7.465,4185727,31250637.78
2025-09-25 11:30:00,7.466,7.478,7.457,7.471,4219783,31516152.63
2025-09-25 13:15:00,7.471,7.471,7.434,7.435,12893605,96014378.57
2025-09-25 13:30:00,7.435,7.455,7.433,7.439,10557029,78568928.83
2025-09-25 13:45:00,7.439,7.466,7.427,7.461,8938507,66603795.16
2025-09-25 14:00:00,7.462,7.464,7.443,7.457,3782666,28198514.14
2025-09-25 14:15:00,7.46,7.467,7.455,7.457,4256983,31755674.19
2025-09-25 14:30:00,7.458,7.47,7.45,7.467,5322889,39721172.01
2025-09-25 14:45:00,7.467,7.478,7.449,7.46,18263751,136290197.88
2025-09-25 15:00:00,7.46,7.461,7.439,7.439,9962839,74186620.14
2025-09-26 09:45:00,7.401,7.455,7.4,7.445,38444793,285772961.3
2025-09-26 10:00:00,7.441,7.454,7.394,7.413,23076177,171232925.4
2025-09-26 10:15:00,7.414,7.426,7.401,7.405,14639318,108487105.93
2025-09-26 10:30:00,7.403,7.412,7.39,7.405,12718460,94146280.41
2025-09-26 10:45:00,7.407,7.42,7.4,7.406,9220832,68314070.68
2025-09-26 11:00:00,7.407,7.426,7.406,7.424,4246914,31506439.33
2025-09-26 11:15:00,7.424,7.445,7.412,7.42,8380098,62227814.38
2025-09-26 11:30:00,7.419,7.421,7.391,7.403,6551752,48515723.56
2025-09-26 13:15:00,7.402,7.403,7.39,7.403,5185406,38365090.53
2025-09-26 13:30:00,7.403,7.414,7.401,7.406,1807300,13386671.1
2025-09-26 13:45:00,7.406,7.406,7.383,7.392,3202713,23679792.35
2025-09-26 14:00:00,7.391,7.407,7.366,7.367,6435232,47492012.16
2025-09-26 14:15:00,7.367,7.38,7.362,7.364,5334979,39311681.92
2025-09-26 14:30:00,7.363,7.376,7.351,7.36,9918321,73021985.31
2025-09-26 14:45:00,7.36,7.369,7.336,7.358,43664586,321123920.31
2025-09-26 15:00:00,7.358,7.363,7.333,7.335,28176256,206917031.98
2025-09-29 09:45:00,7.335,7.358,7.325,7.326,24116159,176924181.14
2025-09-29 10:00:00,7.326,7.354,7.312,7.34,8296462,60857314.26
2025-09-29 10:15:00,7.34,7.359,7.32,7.357,9758586,71680067.03
2025-09-29 10:30:00,7.359,7.399,7.352,7.397,18320519,135254284.94
2025-09-29 10:45:00,7.397,7.409,7.387,7.405,19891285,147202139.43
2025-09-29 11:00:00,7.407,7.413,7.387,7.39,6345871,46938292.5
2025-09-29 11:15:00,7.392,7.408,7.375,7.387,6713894,49615676.66
2025-09-29 11:30:00,7.387,7.398,7.378,7.379,6822404,50383453.54
2025-09-29 13:15:00,7.379,7.401,7.378,7.395,7941744,58700077.15
2025-09-29 13:30:00,7.394,7.4,7.382,7.399,7364612,54451486.26
2025-09-29 13:45:00,7.4,7.42,7.399,7.403,6516639,48270917.29
2025-09-29 14:00:00,7.403,7.48,7.402,7.473,71381067,531907917.6
2025-09-29 14:15:00,7.473,7.491,7.413,7.414,39475159,293668866.19
2025-09-29 14:30:00,7.414,7.45,7.412,7.448,11480146,85374019.09
2025-09-29 14:45:00,7.449,7.454,7.44,7.443,17273456,128612395.56
2025-09-29 15:00:00,7.443,7.464,7.44,7.463,71242026,531156798.51
2025-09-30 09:45:00,7.463,7.526,7.463,7.518,39869222,299112193.18
2025-09-30 10:00:00,7.52,7.533,7.499,7.504,43134113,324023456.86
2025-09-30 10:15:00,7.504,7.521,7.498,7.515,36109091,271227418.86
2025-09-30 10:30:00,7.514,7.523,7.475,7.488,27757948,208055072.91
2025-09-30 10:45:00,7.49,7.505,7.479,7.488,20545847,153902091.26
2025-09-30 11:00:00,7.49,7.503,7.476,7.497,7545508,56530945.94
2025-09-30 11:15:00,7.499,7.523,7.492,7.522,7372706,55386225.04
2025-09-30 11:30:00,7.522,7.526,7.509,7.51,11239530,84465067.95
2025-09-30 13:15:00,7.51,7.52,7.499,7.516,6406303,48122012.7
2025-09-30 13:30:00,7.516,7.528,7.513,7.52,5884486,44253296.22
2025-09-30 13:45:00,7.52,7.52,7.494,7.51,7315231,54922754.35
2025-09-30 14:00:00,7.51,7.51,7.482,7.496,6232098,46715806.61
2025-09-30 14:15:00,7.496,7.512,7.492,7.508,4586558,34417531.23
2025-09-30 14:30:00,7.504,7.532,7.504,7.522,7310626,54971033.77
2025-09-30 14:45:00,7.523,7.527,7.513,7.521,8628332,64887932.75
2025-09-30 15:00:00,7.522,7.525,7.507,7.521,29394259,220976241.08
2025-10-09 09:45:00,7.553,7.604,7.547,7.59,48816986,370049026.21
2025-10-09 10:00:00,7.592,7.594,7.545,7.559,14143756,107011657.9
2025-10-09 10:15:00,7.562,7.622,7.54,7.616,11228203,85252002.64
2025-10-09 10:30:00,7.615,7.636,7.603,7.636,26218702,199917602.75
2025-10-09 10:45:00,7.636,7.667,7.631,7.667,28256654,216304686.37
2025-10-09 11:00:00,7.664,7.675,7.64,7.65,22865579,175036007.24
2025-10-09 11:15:00,7.65,7.666,7.649,7.665,7805450,59789747.0
2025-10-09 11:30:00,7.665,7.678,7.653,7.658,11530264,88356413.03
2025-10-09 13:15:00,7.658,7.668,7.648,7.654,7096498,54335519.69
2025-10-09 13:30:00,7.657,7.668,7.636,7.664,9030773,69139598.09
2025-10-09 13:45:00,7.664,7.67,7.653,7.653,4248080,32534628.69
2025-10-09 14:00:00,7.652,7.662,7.635,7.66,6227291,47653306.5
2025-10-09 14:15:00,7.66,7.67,7.655,7.659,7149419,54774082.1
2025-10-09 14:30:00,7.659,7.666,7.633,7.637,7817747,59769281.73
2025-10-09 14:45:00,7.637,7.658,7.637,7.652,7737791,59186363.36
2025-10-09 15:00:00,7.652,7.658,7.641,7.651,27157239,207752878.35
2025-10-10 09:45:00,7.611,7.619,7.535,7.544,34536121,261300291.49
2025-10-10 10:00:00,7.546,7.588,7.533,7.561,39186863,296278808.86
2025-10-10 10:15:00,7.561,7.572,7.54,7.552,41542710,313841326.48
2025-10-10 10:30:00,7.55,7.582,7.54,7.581,17818852,134847132.32
2025-10-10 10:45:00,7.581,7.602,7.57,7.57,7561733,57322977.3
2025-10-10 11:00:00,7.57,7.582,7.568,7.572,2967185,22473459.19
2025-10-10 11:15:00,7.572,7.573,7.543,7.543,6880091,51965327.32
2025-10-10 11:30:00,7.545,7.553,7.521,7.54,11874359,89508918.14
2025-10-10 13:15:00,7.54,7.545,7.525,7.542,11300302,85174142.94
2025-10-10 13:30:00,7.541,7.543,7.531,7.531,5180627,39036024.44
2025-10-10 13:45:00,7.53,7.544,7.512,7.517,6825865,51360083.55
2025-10-10 14:00:00,7.517,7.546,7.515,7.546,4704006,35447821.21
2025-10-10 14:15:00,7.547,7.555,7.502,7.502,14129146,106246468.2
2025-10-10 14:30:00,7.503,7.507,7.488,7.501,11729867,87958362.68
2025-10-10 14:45:00,7.501,7.516,7.491,7.493,18375854,137818905.0
2025-10-10 15:00:00,7.494,7.51,7.479,7.506,56914142,426761208.1
2025-10-13 09:45:00,7.29,7.414,7.29,7.412,90326238,665885026.54
2025-10-13 10:00:00,7.412,7.43,7.368,7.388,38245287,282836645.79
2025-10-13 10:15:00,7.388,7.388,7.35,7.379,25695127,189433041.29
2025-10-13 10:30:00,7.378,7.412,7.369,7.408,10093247,74653019.23
2025-10-13 10:45:00,7.408,7.43,7.401,7.425,14198047,105330578.01
2025-10-13 11:00:00,7.425,7.438,7.404,7.408,7675693,56928056.42
2025-10-13 11:15:00,7.414,7.414,7.384,7.389,8716418,64463722.06
2025-10-13 11:30:00,7.389,7.404,7.362,7.363,3900000,28767700.0
2025-10-13 13:15:00,7.363,7.369,7.334,7.369,16424870,120843243.55
2025-10-13 13:30:00,7.37,7.398,7.366,7.396,8806695,65052120.4
2025-10-13 13:45:00,7.398,7.428,7.39,7.42,6139579,45510652.6
2025-10-13 14:00:00,7.419,7.442,7.403,7.44,15507273,115193192.94
2025-10-13 14:15:00,7.439,7.45,7.422,7.433,34332110,255259237.85
2025-10-13 14:30:00,7.439,7.458,7.422,7.45,21670509,161300821.99
2025-10-13 14:45:00,7.45,7.488,7.449,7.47,23553801,175923339.67
2025-10-13 15:00:00,7.47,7.478,7.468,7.47,61252787,457680824.46
2025-10-14 09:45:00,7.51,7.553,7.504,7.544,77761943,585832557.91
2025-10-14 10:00:00,7.545,7.55,7.514,7.515,27263882,205197063.89
2025-10-14 10:15:00,7.515,7.518,7.462,7.473,23122738,173058278.77
2025-10-14 10:30:00,7.472,7.497,7.455,7.456,18892129,141111608.88
2025-10-14 10:45:00,7.456,7.459,7.433,7.45,59450239,442745746.58
2025-10-14 11:00:00,7.45,7.45,7.405,7.407,34048725,252664238.65
2025-10-14 11:15:00,7.407,7.423,7.375,7.395,18358978,135813599.58
2025-10-14 11:30:00,7.395,7.4,7.369,7.39,13458823,99411352.95
2025-10-14 13:15:00,7.394,7.397,7.339,7.345,12364131,91004125.54
2025-10-14 13:30:00,7.346,7.402,7.345,7.388,26952449,198864152.87
2025-10-14 13:45:00,7.388,7.41,7.35,7.359,19431204,143266267.09
2025-10-14 14:00:00,7.36,7.361,7.34,7.34,12957128,95196019.42
2025-10-14 14:15:00,7.34,7.34,7.304,7.316,16655687,121919628.84
2025-10-14 14:30:00,7.322,7.325,7.294,7.31,11614390,84897319.44
2025-10-14 14:45:00,7.31,7.334,7.266,7.27,18082003,131817801.87
2025-10-14 15:00:00,7.27,7.294,7.259,7.29,35602046,259218496.93
2025-10-15 09:45:00,7.288,7.345,7.256,7.32,34494426,252050770.78
2025-10-15 10:00:00,7.318,7.335,7.289,7.315,13697164,100167360.33
2025-10-15 10:15:00,7.315,7.348,7.3,7.339,31994978,234491193.76
2025-10-15 10:30:00,7.342,7.36,7.322,7.329,25491736,187032867.03
2025-10-15 10:45:00,7.329,7.335,7.272,7.272,15317417,111709922.18
2025-10-15 11:00:00,7.273,7.291,7.262,7.262,9966020,72469575.43
2025-10-15 11:15:00,7.262,7.276,7.253,7.266,6949378,50487231.17
2025-10-15 11:30:00,7.261,7.29,7.26,7.283,11260168,81947749.31
2025-10-15 13:15:00,7.283,7.319,7.28,7.312,5809344,42429512.13
2025-10-15 13:30:00,7.312,7.328,7.305,7.327,7037709,51516029.88
2025-10-15 13:45:00,7.328,7.354,7.327,7.34,12993402,95375901.81
2025-10-15 14:00:00,7.34,7.355,7.328,7.352,8210666,60307341.77
2025-10-15 14:15:00,7.351,7.376,7.338,7.362,10581503,77865753.41
2025-10-15 14:30:00,7.362,7.386,7.361,7.381,8847744,65260959.74
2025-10-15 14:45:00,7.381,7.396,7.369,7.391,19082907,140933629.16
2025-10-15 15:00:00,7.391,7.399,7.383,7.391,24832863,183539690.43
2025-10-16 09:45:00,7.32,7.383,7.32,7.36,40592598,298531496.56
2025-10-16 10:00:00,7.359,7.38,7.345,7.368,39468528,290659396.37
2025-10-16 10:15:00,7.368,7.386,7.365,7.377,22950649,169283987.02
2025-10-16 10:30:00,7.376,7.393,7.365,7.369,9928112,73226444.74
2025-10-16 10:45:00,7.369,7.375,7.352,7.373,9934601,73184894.03
2025-10-16 11:00:00,7.373,7.392,7.372,7.392,4581608,33836702.28
2025-10-16 11:15:00,7.392,7.399,7.385,7.394,6963192,51476557.39
2025-10-16 11:30:00,7.393,7.394,7.358,7.358,9324947,68724859.39
2025-10-16 13:15:00,7.359,7.367,7.33,7.331,21849793,160435746.73
2025-10-16 13:30:00,7.332,7.337,7.317,7.323,19104011,139949616.58
2025-10-16 13:45:00,7.322,7.331,7.31,7.313,11133042,81471601.36
2025-10-16 14:00:00,7.313,7.33,7.301,7.308,6216794,45463414.52
2025-10-16 14:15:00,7.308,7.332,7.303,7.324,12807994,93750246.75
2025-10-16 14:30:00,7.325,7.325,7.31,7.316,9040418,66148738.51
2025-10-16 14:45:00,7.316,7.326,7.296,7.306,30605218,223703740.1
2025-10-16 15:00:00,7.306,7.338,7.304,7.338,20572306,150726428.63
2025-10-17 09:45:00,7.318,7.359,7.279,7.282,60879058,444822983.79
2025-10-17 10:00:00,7.28,7.283,7.224,7.228,23899368,173150921.16
2025-10-17 10:15:00,7.227,7.227,7.203,7.219,28016866,202179044.01
2025-10-17 10:30:00,7.22,7.232,7.208,7.218,7577540,54704787.11
2025-10-17 10:45:00,7.219,7.255,7.215,7.234,13500483,97671494.34
2025-10-17 11:00:00,7.233,7.246,7.224,7.243,7813611,56552311.88
2025-10-17 11:15:00,7.242,7.243,7.2,7.205,12232140,88267122.24
2025-10-17 11:30:00,7.204,7.23,7.188,7.192,10518714,75769803.18
2025-10-17 13:15:00,7.192,7.195,7.177,7.18,15936179,114485509.94
2025-10-17 13:30:00,7.181,7.189,7.169,7.18,9453240,67867961.04
2025-10-17 13:45:00,7.18,7.186,7.163,7.164,10751179,77096704.61
2025-10-17 14:00:00,7.163,7.181,7.162,7.164,10894564,78103129.32
2025-10-17 14:15:00,7.164,7.181,7.151,7.153,11849434,84861696.5
2025-10-17 14:30:00,7.152,7.154,7.134,7.135,11914546,85081772.99
2025-10-17 14:45:00,7.136,7.139,7.116,7.136,27749429,197862678.58
2025-10-17 15:00:00,7.136,7.136,7.102,7.114,38489024,273939213.48
2025-10-20 09:45:00,7.174,7.2,7.152,7.173,77078671,553039464.42
2025-10-20 10:00:00,7.173,7.221,7.168,7.22,64951927,467848730.18
2025-10-20 10:15:00,7.22,7.233,7.196,7.211,35096464,253162493.65
2025-10-20 10:30:00,7.21,7.21,7.185,7.203,11618849,83647966.9
2025-10-20 10:45:00,7.203,7.22,7.195,7.213,20752185,149609419.06
2025-10-20 11:00:00,7.214,7.219,7.181,7.184,9966276,71704033.73
2025-10-20 11:15:00,7.184,7.195,7.176,7.186,16087198,115597242.43
2025-10-20 11:30:00,7.186,7.202,7.178,7.191,14164797,101849612.03
2025-10-20 13:15:00,7.191,7.197,7.151,7.151,5714860,40954591.71
2025-10-20 13:30:00,7.151,7.165,7.14,7.161,7139290,51083999.71
2025-10-20 13:45:00,7.161,7.164,7.146,7.15,11596271,82951991.89
2025-10-20 14:00:00,7.151,7.165,7.148,7.165,5355776,38343785.64
2025-10-20 14:15:00,7.163,7.163,7.138,7.144,5770974,41252845.81
2025-10-20 14:30:00,7.144,7.15,7.127,7.144,15665507,111856941.82
2025-10-20 14:45:00,7.144,7.16,7.126,7.159,15542822,111105272.6
2025-10-20 15:00:00,7.159,7.162,7.152,7.159,39747517,284499477.51
2025-10-21 09:45:00,7.182,7.225,7.177,7.22,50911593,366936821.28
2025-10-21 10:00:00,7.22,7.255,7.22,7.228,65638996,474854376.73
2025-10-21 10:15:00,7.228,7.246,7.213,7.236,22753919,164548757.57
2025-10-21 10:30:00,7.236,7.268,7.228,7.261,22655205,164303098.39
2025-10-21 10:45:00,7.261,7.281,7.259,7.278,27435842,199531733.59
2025-10-21 11:00:00,7.278,7.278,7.25,7.257,26188237,190170247.68
2025-10-21 11:15:00,7.257,7.281,7.251,7.27,11005982,79984139.85
2025-10-21 11:30:00,7.27,7.295,7.268,7.28,20088420,146263786.02
2025-10-21 13:15:00,7.28,7.282,7.267,7.276,7898581,57462176.78
2025-10-21 13:30:00,7.277,7.291,7.27,7.274,9883507,71935458.45
2025-10-21 13:45:00,7.274,7.287,7.267,7.269,8479016,61679188.72
2025-10-21 14:00:00,7.269,7.279,7.26,7.274,3175216,23086995.54
2025-10-21 14:15:00,7.274,7.289,7.272,7.279,12756485,92867210.8
2025-10-21 14:30:00,7.279,7.286,7.271,7.276,22187534,161473476.61
2025-10-21 14:45:00,7.276,7.284,7.274,7.282,41235982,300197948.96
2025-10-21 15:00:00,7.282,7.284,7.272,7.28,132811845,966693149.14
2025-10-22 09:45:00,7.25,7.252,7.202,7.221,38656164,279290784.9
2025-10-22 10:00:00,7.221,7.241,7.203,7.228,31306819,226160460.46
2025-10-22 10:15:00,7.228,7.25,7.225,7.25,22020495,159465084.62
2025-10-22 10:30:00,7.249,7.261,7.244,7.26,7032273,51019140.62
2025-10-22 10:45:00,7.26,7.261,7.24,7.253,4498472,32619919.96
2025-10-22 11:00:00,7.252,7.255,7.237,7.239,3834129,27773152.43
2025-10-22 11:15:00,7.238,7.241,7.225,7.232,5741200,41524185.87
2025-10-22 11:30:00,7.232,7.239,7.216,7.219,3382329,24436199.58
2025-10-22 13:15:00,7.219,7.233,7.215,7.225,10936512,79009008.19
2025-10-22 13:30:00,7.226,7.248,7.221,7.246,37879942,274187646.84
2025-10-22 13:45:00,7.247,7.258,7.227,7.227,28031473,202873113.93
2025-10-22 14:00:00,7.227,7.234,7.223,7.225,17916609,129489305.45
2025-10-22 14:15:00,7.225,7.232,7.216,7.23,16247144,117401862.54
2025-10-22 14:30:00,7.231,7.231,7.217,7.228,21395375,154588716.17
2025-10-22 14:45:00,7.228,7.233,7.214,7.224,7506244,54222604.57
2025-10-22 15:00:00,7.224,7.234,7.221,7.224,14986320,108296143.76
2025-10-23 09:45:00,7.202,7.213,7.148,7.156,44364912,318199937.17
2025-10-23 10:00:00,7.155,7.158,7.124,7.127,16860459,120321855.58
2025-10-23 10:15:00,7.127,7.137,7.114,7.127,24206815,172497763.69
2025-10-23 10:30:00,7.126,7.145,7.125,7.144,13488853,96283432.71
2025-10-23 10:45:00,7.143,7.172,7.142,7.159,12941902,92633820.55
2025-10-23 11:00:00,7.159,7.161,7.134,7.137,13361879,95457263.58
2025-10-23 11:15:00,7.136,7.156,7.129,7.147,9325485,66621264.84
2025-10-23 11:30:00,7.146,7.18,7.143,7.149,8070766,57765162.52
2025-10-23 13:15:00,7.148,7.16,7.145,7.158,4135640,29587747.11
2025-10-23 13:30:00,7.157,7.159,7.148,7.159,4922188,35219895.87
2025-10-23 13:45:00,7.158,7.158,7.133,7.136,1590931,11362959.51
2025-10-23 14:00:00,7.136,7.156,7.135,7.151,1364986,9756009.94
2025-10-23 14:15:00,7.153,7.197,7.151,7.196,7006993,50319552.4
2025-10-23 14:30:00,7.196,7.213,7.177,7.203,7336062,52802528.92
2025-10-23 14:45:00,7.203,7.24,7.197,7.239,18647342,134733261.73
2025-10-23 15:00:00,7.238,7.254,7.236,7.248,15748152,114111109.39
2025-10-24 09:45:00,7.274,7.327,7.274,7.312,46715619,341226453.05
2025-10-24 10:00:00,7.31,7.32,7.295,7.3,16528089,120737690.14
2025-10-24 10:15:00,7.302,7.318,7.289,7.305,14672630,107168889.52
2025-10-24 10:30:00,7.305,7.307,7.284,7.284,17403802,126902722.92
2025-10-24 10:45:00,7.284,7.295,7.268,7.275,15533423,113072963.82
2025-10-24 11:00:00,7.275,7.304,7.271,7.302,7685509,56045293.46
2025-10-24 11:15:00,7.302,7.308,7.287,7.305,8614368,62884886.4
2025-10-24 11:30:00,7.305,7.322,7.296,7.311,9246539,67589117.91
2025-10-24 13:15:00,7.311,7.339,7.308,7.326,9379280,68696973.15
2025-10-24 13:30:00,7.328,7.346,7.325,7.326,14504721,106353449.28
2025-10-24 13:45:00,7.326,7.334,7.304,7.313,8523419,62365856.82
2025-10-24 14:00:00,7.311,7.334,7.306,7.334,6400008,46877925.26
2025-10-24 14:15:00,7.334,7.338,7.323,7.33,6929455,50795214.97
2025-10-24 14:30:00,7.33,7.343,7.328,7.338,11408891,83699427.34
2025-10-24 14:45:00,7.339,7.355,7.338,7.35,12792347,93993901.64
2025-10-24 15:00:00,7.35,7.372,7.349,7.371,21132286,155618154.1
2025-10-27 09:45:00,7.433,7.486,7.432,7.47,37476292,279673075.1
2025-10-27 10:00:00,7.47,7.482,7.448,7.46,23086098,172299244.74
2025-10-27 10:15:00,7.459,7.472,7.447,7.448,11271607,84037344.59
2025-10-27 10:30:00,7.449,7.45,7.424,7.426,10654910,79201497.67
2025-10-27 10:45:00,7.426,7.445,7.413,7.416,8097916,60124326.99
2025-10-27 11:00:00,7.415,7.426,7.402,7.426,4969515,36863862.27
2025-10-27 11:15:00,7.426,7.442,7.411,7.439,3324340,24702062.43
2025-10-27 11:30:00,7.439,7.463,7.426,7.461,3034559,22607464.55
2025-10-27 13:15:00,7.46,7.465,7.448,7.453,6035414,44996023.17
2025-10-27 13:30:00,7.454,7.469,7.444,7.468,8476516,63237634.87
2025-10-27 13:45:00,7.47,7.477,7.468,7.476,5634573,42110920.41
2025-10-27 14:00:00,7.476,7.481,7.443,7.449,7155550,53363706.72
2025-10-27 14:15:00,7.45,7.477,7.447,7.475,7093270,52960718.24
2025-10-27 14:30:00,7.475,7.491,7.47,7.483,15716564,117580854.14
2025-10-27 14:45:00,7.483,7.49,7.47,7.479,14303771,106987439.16
2025-10-27 15:00:00,7.478,7.48,7.473,7.479,47954527,358571983.22
2025-10-28 09:45:00,7.468,7.481,7.452,7.464,26237759,195882362.77
2025-10-28 10:00:00,7.464,7.475,7.447,7.473,18352155,136998837.07
2025-10-28 10:15:00,7.473,7.493,7.466,7.493,14691177,109948768.67
2025-10-28 10:30:00,7.492,7.493,7.457,7.467,15193871,113533668.74
2025-10-28 10:45:00,7.469,7.476,7.459,7.475,6489327,48475272.69
2025-10-28 11:00:00,7.476,7.477,7.46,7.471,3976818,29704179.25
2025-10-28 11:15:00,7.472,7.498,7.472,7.486,6862222,51366019.08
2025-10-28 11:30:00,7.486,7.514,7.484,7.505,8628323,64721050.82
2025-10-28 13:15:00,7.505,7.505,7.47,7.47,5697949,42630155.1
2025-10-28 13:30:00,7.47,7.471,7.451,7.458,9362118,69841400.28
2025-10-28 13:45:00,7.459,7.46,7.41,7.417,17003502,126319016.36
2025-10-28 14:00:00,7.413,7.456,7.413,7.45,6705555,49887094.02
2025-10-28 14:15:00,7.45,7.464,7.441,7.452,4481237,33395671.87
2025-10-28 14:30:00,7.452,7.454,7.444,7.446,4978825,37082288.6
2025-10-28 14:45:00,7.446,7.457,7.437,7.444,7378945,54943624.47
2025-10-28 15:00:00,7.444,7.445,7.435,7.443,14409657,107222257.74
2025-10-29 09:45:00,7.452,7.515,7.45,7.514,35264235,264234912.86
2025-10-29 10:00:00,7.513,7.518,7.496,7.497,25220211,189244056.61
2025-10-29 10:15:00,7.497,7.513,7.487,7.488,10906643,81756195.93
2025-10-29 10:30:00,7.487,7.514,7.48,7.497,5566526,41732245.42
2025-10-29 10:45:00,7.497,7.518,7.49,7.517,5498271,41282851.42
2025-10-29 11:00:00,7.518,7.545,7.517,7.537,9334773,70318845.01
2025-10-29 11:15:00,7.539,7.545,7.525,7.544,4589506,34595696.23
2025-10-29 11:30:00,7.545,7.545,7.522,7.533,4268230,32153999.33
2025-10-29 13:15:00,7.533,7.542,7.523,7.533,10830558,81582983.23
2025-10-29 13:30:00,7.533,7.544,7.531,7.541,5462578,41180554.68
2025-10-29 13:45:00,7.542,7.564,7.542,7.563,5391521,40740129.85
2025-10-29 14:00:00,7.563,7.566,7.544,7.546,8936275,67486748.8
2025-10-29 14:15:00,7.546,7.577,7.541,7.568,15515602,117328982.32
2025-10-29 14:30:00,7.568,7.58,7.564,7.577,14527366,110025427.63
2025-10-29 14:45:00,7.577,7.59,7.574,7.584,18424591,139707532.02
2025-10-29 15:00:00,7.582,7.596,7.581,7.595,26455381,200813978.71
2025-10-30 09:45:00,7.586,7.586,7.536,7.537,27340015,206499133.3
2025-10-30 10:00:00,7.537,7.538,7.497,7.524,22962215,172668202.73
2025-10-30 10:15:00,7.525,7.529,7.506,7.525,11990140,90165852.8
2025-10-30 10:30:00,7.524,7.537,7.518,7.537,15884588,119621537.37
2025-10-30 10:45:00,7.538,7.566,7.527,7.53,24148603,182104615.22
2025-10-30 11:00:00,7.531,7.556,7.531,7.55,4451278,33587860.03
2025-10-30 11:15:00,7.549,7.561,7.546,7.56,5032567,38024398.73
2025-10-30 11:30:00,7.561,7.57,7.545,7.558,11129076,84109846.72
2025-10-30 13:15:00,7.558,7.558,7.476,7.492,36110582,271142323.38
2025-10-30 13:30:00,7.492,7.532,7.479,7.531,9226458,69327605.41
2025-10-30 13:45:00,7.531,7.559,7.52,7.552,4369125,32959222.62
2025-10-30 14:00:00,7.552,7.557,7.539,7.549,2277880,17194197.53
2025-10-30 14:15:00,7.549,7.551,7.517,7.52,5787935,43579291.93
2025-10-30 14:30:00,7.519,7.523,7.505,7.511,14682142,110306932.85
2025-10-30 14:45:00,7.512,7.524,7.504,7.51,9735881,73142428.66
2025-10-30 15:00:00,7.51,7.513,7.493,7.497,34646886,259886291.89
2025-10-31 09:45:00,7.494,7.518,7.468,7.488,61983421,464338467.85
2025-10-31 10:00:00,7.486,7.51,7.464,7.498,22923294,171710754.26
2025-10-31 10:15:00,7.497,7.544,7.496,7.541,35548904,267576600.41
2025-10-31 10:30:00,7.541,7.545,7.489,7.497,15510401,116488281.64
2025-10-31 10:45:00,7.497,7.5,7.476,7.477,10832045,81070635.46
2025-10-31 11:00:00,7.477,7.495,7.465,7.488,7399772,55370027.29
2025-10-31 11:15:00,7.488,7.488,7.45,7.484,14806451,110663414.77
2025-10-31 11:30:00,7.485,7.487,7.454,7.455,5264652,39302382.06
2025-10-31 13:15:00,7.457,7.459,7.44,7.453,12711401,94708411.72
2025-10-31 13:30:00,7.452,7.469,7.448,7.464,6955247,51888461.04
2025-10-31 13:45:00,7.464,7.479,7.454,7.454,7980046,59549763.27
2025-10-31 14:00:00,7.453,7.454,7.434,7.453,5641360,42011207.92
2025-10-31 14:15:00,7.453,7.476,7.443,7.458,5998385,44741953.72
2025-10-31 14:30:00,7.457,7.478,7.454,7.471,3252494,24288541.03
2025-10-31 14:45:00,7.471,7.473,7.444,7.454,6621543,49376846.15
2025-10-31 15:00:00,7.454,7.456,7.435,7.438,16096961,119809680.72
2025-11-03 09:45:00,7.427,7.434,7.354,7.354,28454374,210012249.7
2025-11-03 10:00:00,7.354,7.392,7.351,7.366,22008809,162197586.06
2025-11-03 10:15:00,7.366,7.368,7.341,7.353,37867800,278479801.2
2025-11-03 10:30:00,7.353,7.359,7.33,7.331,19062403,139918038.02
2025-11-03 10:45:00,7.331,7.332,7.312,7.331,18334242,134298322.65
2025-11-03 11:00:00,7.331,7.37,7.329,7.37,13227628,97306840.78
2025-11-03 11:15:00,7.37,7.374,7.346,7.346,11833832,87041778.97
2025-11-03 11:30:00,7.346,7.363,7.338,7.351,11251847,82708576.68
2025-11-03 13:15:00,7.35,7.411,7.348,7.402,8909814,65816796.02
2025-11-03 13:30:00,7.402,7.416,7.384,7.407,7228300,53506286.03
2025-11-03 13:45:00,7.408,7.426,7.4,7.425,4848570,35961843.69
2025-11-03 14:00:00,7.425,7.436,7.42,7.436,8941866,66444025.62
2025-11-03 14:15:00,7.436,7.448,7.435,7.436,24799589,184500675.63
2025-11-03 14:30:00,7.436,7.442,7.418,7.428,9068140,67370234.77
2025-11-03 14:45:00,7.428,7.437,7.418,7.43,10824856,80410638.65
2025-11-03 15:00:00,7.43,7.443,7.429,7.438,17436936,129672680.72
2025-11-04 09:45:00,7.42,7.425,7.394,7.415,30782266,228137634.08
2025-11-04 10:00:00,7.416,7.418,7.362,7.368,56583264,417735377.02
2025-11-04 10:15:00,7.368,7.384,7.36,7.381,25611412,188884163.5
2025-11-04 10:30:00,7.38,7.38,7.35,7.356,16618311,122344005.58
2025-11-04 10:45:00,7.355,7.359,7.325,7.325,18673076,136991909.89
2025-11-04 11:00:00,7.326,7.339,7.322,7.338,7033765,51578598.74
2025-11-04 11:15:00,7.339,7.353,7.333,7.349,6643009,48792901.1
2025-11-04 11:30:00,7.349,7.354,7.325,7.334,9403952,69003065.13
2025-11-04 13:15:00,7.333,7.334,7.321,7.321,13113128,96058033.64
2025-11-04 13:30:00,7.321,7.327,7.309,7.318,15421577,112855100.49
2025-11-04 13:45:00,7.318,7.318,7.308,7.31,16814600,122948355.2
2025-11-04 14:00:00,7.31,7.315,7.295,7.308,20394395,149001449.87
2025-11-04 14:15:00,7.309,7.311,7.282,7.283,12574581,91693844.65
2025-11-04 14:30:00,7.284,7.285,7.268,7.273,21970589,159843358.5
2025-11-04 14:45:00,7.273,7.318,7.268,7.317,14257113,104091182.01
2025-11-04 15:00:00,7.316,7.328,7.308,7.312,11987946,87703812.94
2025-11-05 09:45:00,7.2,7.269,7.2,7.245,37114055,268631530.09
2025-11-05 10:00:00,7.245,7.268,7.243,7.25,6886310,49950997.3
2025-11-05 10:15:00,7.25,7.263,7.222,7.261,8782062,63658240.08
2025-11-05 10:30:00,7.26,7.264,7.246,7.247,4773272,34617359.63
2025-11-05 10:45:00,7.246,7.263,7.236,7.242,4811908,34871897.28
2025-11-05 11:00:00,7.24,7.249,7.228,7.232,3892562,28167876.15
2025-11-05 11:15:00,7.237,7.297,7.234,7.29,7498666,54542796.93
2025-11-05 11:30:00,7.287,7.318,7.287,7.308,7172615,52391170.83
2025-11-05 13:15:00,7.308,7.333,7.308,7.328,9182597,67244157.83
2025-11-05 13:30:00,7.33,7.341,7.322,7.322,5284741,38728343.63
2025-11-05 13:45:00,7.325,7.359,7.319,7.356,5489441,40318114.33
2025-11-05 14:00:00,7.356,7.358,7.332,7.333,2840565,20852587.66
2025-11-05 14:15:00,7.333,7.348,7.332,7.347,7452791,54720875.79
2025-11-05 14:30:00,7.348,7.358,7.343,7.353,3148516,23145790.62
2025-11-05 14:45:00,7.353,7.357,7.341,7.342,7502620,55119248.27
2025-11-05 15:00:00,7.342,7.342,7.325,7.331,21462833,157379800.11
2025-11-06 09:45:00,7.335,7.391,7.335,7.373,22312902,164364273.77
2025-11-06 10:00:00,7.377,7.379,7.363,7.369,16992636,125241391.53
2025-11-06 10:15:00,7.368,7.384,7.358,7.377,10570448,77935913.1
2025-11-06 10:30:00,7.377,7.415,7.372,7.413,10262971,75945985.4
2025-11-06 10:45:00,7.414,7.442,7.412,7.441,17987906,133680121.42
2025-11-06 11:00:00,7.442,7.449,7.424,7.43,14513381,107897312.15
2025-11-06 11:15:00,7.43,7.445,7.421,7.427,4606607,34231696.62
2025-11-06 11:30:00,7.427,7.442,7.421,7.433,3439057,25559071.62
2025-11-06 13:15:00,7.429,7.439,7.419,7.432,6425481,47741323.83
2025-11-06 13:30:00,7.432,7.438,7.422,7.433,11860658,88136549.6
2025-11-06 13:45:00,7.433,7.435,7.419,7.421,3822232,28380072.6
2025-11-06 14:00:00,7.42,7.444,7.417,7.443,6985902,51937852.74
2025-11-06 14:15:00,7.443,7.464,7.442,7.447,11984965,89299974.22
2025-11-06 14:30:00,7.447,7.453,7.444,7.447,5057500,37668260.0
2025-11-06 14:45:00,7.448,7.452,7.434,7.438,14169977,105443522.18
2025-11-06 15:00:00,7.438,7.455,7.437,7.455,13002105,96852680.15
2025-11-07 09:45:00,7.42,7.43,7.383,7.423,25939451,192263210.81
2025-11-07 10:00:00,7.424,7.428,7.397,7.42,10837545,80360396.18
2025-11-07 10:15:00,7.42,7.429,7.412,7.42,9414656,69859885.74
2025-11-07 10:30:00,7.418,7.441,7.413,7.436,4493526,33386898.18
2025-11-07 10:45:00,7.437,7.451,7.432,7.44,5000523,37208891.64
2025-11-07 11:00:00,7.44,7.459,7.43,7.458,6605894,49207304.41
2025-11-07 11:15:00,7.459,7.476,7.452,7.456,5955900,44438955.2
2025-11-07 11:30:00,7.455,7.457,7.434,7.447,4621900,34414667.4
2025-11-07 13:15:00,7.446,7.463,7.434,7.457,2541726,18939247.67
2025-11-07 13:30:00,7.459,7.473,7.452,7.454,3283952,24497187.27
2025-11-07 13:45:00,7.456,7.476,7.456,7.458,3579677,26716322.68
2025-11-07 14:00:00,7.458,7.46,7.436,7.441,2662823,19826492.45
2025-11-07 14:15:00,7.443,7.448,7.429,7.435,4221905,31399714.79
2025-11-07 14:30:00,7.434,7.45,7.433,7.45,3272197,24359325.2
2025-11-07 14:45:00,7.451,7.455,7.434,7.442,3451142,25689150.67
2025-11-07 15:00:00,7.443,7.443,7.433,7.44,7869144,58535939.17
2025-11-10 09:45:00,7.475,7.502,7.43,7.442,24639138,183758691.2
2025-11-10 10:00:00,7.44,7.469,7.431,7.432,8019921,59700291.92
2025-11-10 10:15:00,7.432,7.432,7.396,7.413,17625811,130671887.48
2025-11-10 10:30:00,7.415,7.437,7.403,7.42,5324846,39510357.32
2025-11-10 10:45:00,7.421,7.43,7.398,7.406,4453282,33004757.33
2025-11-10 11:00:00,7.406,7.422,7.399,7.399,2225668,16484780.99
2025-11-10 11:15:00,7.399,7.406,7.39,7.398,5069015,37500572.97
2025-11-10 11:30:00,7.397,7.408,7.391,7.394,10378167,76774220.08
2025-11-10 13:15:00,7.394,7.423,7.392,7.41,2980940,22083797.17
2025-11-10 13:30:00,7.408,7.439,7.408,7.429,3400736,25251598.38
2025-11-10 13:45:00,7.43,7.44,7.41,7.412,2876993,21349206.06
2025-11-10 14:00:00,7.413,7.413,7.401,7.404,2575400,19073412.4
2025-11-10 14:15:00,7.404,7.43,7.401,7.428,3666793,27206381.8
2025-11-10 14:30:00,7.428,7.437,7.42,7.435,2454738,18240339.83
2025-11-10 14:45:00,7.437,7.459,7.436,7.451,6263404,46654008.59
2025-11-10 15:00:00,7.452,7.454,7.446,7.446,10380366,77319886.21
2025-11-11 09:45:00,7.468,7.495,7.452,7.463,39515500,295180785.0
2025-11-11 10:00:00,7.464,7.466,7.441,7.449,9846046,73372734.79
2025-11-11 10:15:00,7.45,7.455,7.429,7.43,6699884,49833737.19
2025-11-11 10:30:00,7.428,7.43,7.416,7.418,7340221,54474226.78
2025-11-11 10:45:00,7.418,7.429,7.407,7.423,10957760,81302926.61
2025-11-11 11:00:00,7.422,7.425,7.401,7.402,10800401,80023771.14
2025-11-11 11:15:00,7.403,7.422,7.399,7.421,20580192,152581543.49
2025-11-11 11:30:00,7.422,7.425,7.406,7.416,5639948,41823974.39
2025-11-11 13:15:00,7.418,7.423,7.405,7.409,5621828,41670863.08
2025-11-11 13:30:00,7.409,7.409,7.385,7.388,10263553,75888710.88
2025-11-11 13:45:00,7.388,7.4,7.381,7.384,6876631,50806842.04
2025-11-11 14:00:00,7.384,7.404,7.383,7.39,4070090,30087461.98
2025-11-11 14:15:00,7.39,7.401,7.384,7.395,3489417,25798423.02
2025-11-11 14:30:00,7.395,7.425,7.392,7.415,3290426,24384250.28
2025-11-11 14:45:00,7.415,7.415,7.391,7.391,4091955,30276375.05
2025-11-11 15:00:00,7.391,7.397,7.381,7.394,8614019,63663343.09
2025-11-12 09:45:00,7.368,7.377,7.316,7.347,17734424,130288901.65
2025-11-12 10:00:00,7.345,7.375,7.342,7.367,6547417,48197719.01
2025-11-12 10:15:00,7.366,7.417,7.362,7.405,14297126,105722481.06
2025-11-12 10:30:00,7.405,7.411,7.375,7.375,6166235,45549977.94
2025-11-12 10:45:00,7.375,7.376,7.352,7.354,4515136,33234411.05
2025-11-12 11:00:00,7.357,7.357,7.326,7.327,6188043,45399608.81
2025-11-12 11:15:00,7.327,7.335,7.314,7.335,5545930,40640575.04
2025-11-12 11:30:00,7.334,7.334,7.306,7.307,6439982,47112761.65
2025-11-12 13:15:00,7.307,7.324,7.303,7.311,8029014,58713503.04
2025-11-12 13:30:00,7.311,7.313,7.288,7.305,6572679,47993702.06
2025-11-12 13:45:00,7.303,7.331,7.301,7.33,9271754,67875420.45
2025-11-12 14:00:00,7.33,7.344,7.324,7.331,4937095,36203717.64
2025-11-12 14:15:00,7.331,7.359,7.322,7.339,4610133,33838376.22
2025-11-12 14:30:00,7.34,7.343,7.325,7.341,2829572,20758683.38
2025-11-12 14:45:00,7.341,7.367,7.34,7.356,12561244,92379575.46
2025-11-12 15:00:00,7.357,7.368,7.351,7.358,17971729,132253953.71
2025-11-13 09:45:00,7.337,7.398,7.337,7.387,22706510,167437804.74
2025-11-13 10:00:00,7.386,7.405,7.379,7.404,19130448,141488793.41
2025-11-13 10:15:00,7.405,7.425,7.404,7.419,18136647,134501374.15
2025-11-13 10:30:00,7.42,7.435,7.416,7.427,16729903,124236259.68
2025-11-13 10:45:00,7.427,7.446,7.427,7.443,21119785,157103040.69
2025-11-13 11:00:00,7.444,7.449,7.436,7.441,9461478,70412319.28
2025-11-13 11:15:00,7.441,7.45,7.434,7.448,5908885,43985739.94
2025-11-13 11:30:00,7.449,7.481,7.442,7.475,11410115,85187918.59
2025-11-13 13:15:00,7.475,7.477,7.449,7.449,5514601,41129732.46
2025-11-13 13:30:00,7.45,7.464,7.444,7.446,10149107,75624379.29
2025-11-13 13:45:00,7.446,7.459,7.442,7.448,8540469,63623647.23
2025-11-13 14:00:00,7.447,7.449,7.428,7.434,4901802,36454701.47
2025-11-13 14:15:00,7.434,7.441,7.419,7.439,5382914,40011199.76
2025-11-13 14:30:00,7.438,7.447,7.433,7.443,6348766,47241167.81
2025-11-13 14:45:00,7.443,7.464,7.438,7.458,9777802,72877217.57
2025-11-13 15:00:00,7.459,7.466,7.458,7.466,13442444,100325440.39
2025-11-14 09:45:00,7.403,7.419,7.369,7.392,34009882,251446394.25
2025-11-14 10:00:00,7.392,7.418,7.389,7.408,10942275,81027546.38
2025-11-14 10:15:00,7.407,7.418,7.401,7.411,6865552,50873740.32
2025-11-14 10:30:00,7.411,7.431,7.399,7.431,4506524,33439910.25
2025-11-14 10:45:00,7.431,7.435,7.418,7.422,6750421,50121875.92
2025-11-14 11:00:00,7.422,7.424,7.4,7.403,5394729,39969547.16
2025-11-14 11:15:00,7.403,7.413,7.394,7.397,3623071,26815556.16
2025-11-14 11:30:00,7.397,7.408,7.391,7.395,3883469,28729903.66
2025-11-14 13:15:00,7.398,7.408,7.391,7.394,5299076,39200797.89
2025-11-14 13:30:00,7.394,7.402,7.386,7.398,4013836,29683655.17
2025-11-14 13:45:00,7.398,7.402,7.383,7.395,5823213,43052954.78
2025-11-14 14:00:00,7.395,7.405,7.392,7.401,5949799,44024546.07
2025-11-14 14:15:00,7.401,7.418,7.401,7.402,8012932,59351787.32
2025-11-14 14:30:00,7.402,7.403,7.384,7.385,7001979,51749292.8
2025-11-14 14:45:00,7.385,7.389,7.373,7.375,13200353,97405404.79
2025-11-14 15:00:00,7.375,7.375,7.335,7.336,30321860,222825241.85
2025-11-17 09:45:00,7.334,7.374,7.334,7.366,31273071,230107256.42
2025-11-17 10:00:00,7.365,7.37,7.314,7.316,15807780,115923720.0
2025-11-17 10:15:00,7.316,7.333,7.31,7.331,10015933,73363370.58
2025-11-17 10:30:00,7.331,7.337,7.32,7.325,8557341,62702489.95
2025-11-17 10:45:00,7.326,7.347,7.316,7.342,24953274,183032264.79
2025-11-17 11:00:00,7.343,7.36,7.334,7.336,22278816,163600772.16
2025-11-17 11:15:00,7.336,7.365,7.332,7.357,4937717,36298803.57
2025-11-17 11:30:00,7.357,7.357,7.319,7.32,9361835,68640974.22
2025-11-17 13:15:00,7.32,7.335,7.318,7.33,5061130,37086273.6
2025-11-17 13:30:00,7.33,7.336,7.322,7.336,4025507,29512333.65
2025-11-17 13:45:00,7.336,7.341,7.323,7.328,5062123,37108736.34
2025-11-17 14:00:00,7.328,7.334,7.321,7.321,4421070,32385811.44
2025-11-17 14:15:00,7.321,7.341,7.308,7.341,14696482,107725213.06
2025-11-17 14:30:00,7.342,7.348,7.328,7.334,12668952,92947877.84
2025-11-17 14:45:00,7.337,7.355,7.333,7.348,31558286,231806130.1
2025-11-17 15:00:00,7.348,7.355,7.335,7.336,15125073,111048285.97
2025-11-18 09:45:00,7.31,7.335,7.288,7.3,14868710,108655576.44
2025-11-18 10:00:00,7.303,7.308,7.275,7.277,28116902,204878492.57
2025-11-18 10:15:00,7.277,7.296,7.272,7.292,14152015,103121015.97
2025-11-18 10:30:00,7.293,7.31,7.287,7.31,7784190,56842750.11
2025-11-18 10:45:00,7.31,7.317,7.29,7.301,15120791,110422096.41
2025-11-18 11:00:00,7.303,7.312,7.277,7.278,5310061,38705034.63
2025-11-18 11:15:00,7.279,7.281,7.268,7.27,6178018,44932724.91
2025-11-18 11:30:00,7.271,7.282,7.265,7.28,7192748,52332036.87
2025-11-18 13:15:00,7.28,7.28,7.252,7.258,9429961,68492950.06
2025-11-18 13:30:00,7.258,7.262,7.245,7.245,11211679,81292147.2
2025-11-18 13:45:00,7.245,7.269,7.242,7.268,11220307,81455688.72
2025-11-18 14:00:00,7.267,7.277,7.249,7.249,6146068,44610210.23
2025-11-18 14:15:00,7.249,7.25,7.234,7.238,13792751,99868712.41
2025-11-18 14:30:00,7.238,7.238,7.22,7.22,14659157,105927068.48
2025-11-18 14:45:00,7.221,7.264,7.217,7.258,25759105,186659061.2
2025-11-18 15:00:00,7.258,7.267,7.255,7.262,74478205,540811072.57
2025-11-19 09:45:00,7.252,7.293,7.251,7.268,36669232,266609762.79
2025-11-19 10:00:00,7.268,7.27,7.232,7.251,28842361,209135959.61
2025-11-19 10:15:00,7.252,7.256,7.227,7.24,8230630,59597991.83
2025-11-19 10:30:00,7.24,7.245,7.227,7.238,17232154,124703354.45
2025-11-19 10:45:00,7.239,7.267,7.239,7.257,20977673,152179032.5
2025-11-19 11:00:00,7.258,7.266,7.224,7.23,10907200,78968128.0
2025-11-19 11:15:00,7.23,7.237,7.218,7.22,3625600,26194960.0
2025-11-19 11:30:00,7.22,7.22,7.195,7.2,6611737,47637565.08
2025-11-19 13:15:00,7.201,7.217,7.199,7.206,10057418,72487164.0
2025-11-19 13:30:00,7.206,7.216,7.198,7.203,18105044,130458912.05
2025-11-19 13:45:00,7.202,7.213,7.193,7.198,9291065,66908056.09
2025-11-19 14:00:00,7.198,7.234,7.195,7.234,13790546,99581532.67
2025-11-19 14:15:00,7.234,7.237,7.206,7.22,8994538,64949558.9
2025-11-19 14:30:00,7.22,7.253,7.217,7.249,9122260,66042121.65
2025-11-19 14:45:00,7.249,7.26,7.236,7.241,22599960,163751776.84
2025-11-19 15:00:00,7.242,7.242,7.225,7.228,21734966,157180029.12
2025-11-20 09:45:00,7.27,7.293,7.25,7.258,35478357,257821220.32
2025-11-20 10:00:00,7.256,7.266,7.237,7.238,14015723,101571944.58
2025-11-20 10:15:00,7.238,7.246,7.23,7.237,9868217,71422865.24
2025-11-20 10:30:00,7.235,7.24,7.206,7.208,19193800,138540848.4
2025-11-20 10:45:00,7.208,7.21,7.195,7.204,8875213,63928159.24
2025-11-20 11:00:00,7.204,7.208,7.187,7.189,4234553,30466197.32
2025-11-20 11:15:00,7.19,7.214,7.189,7.193,5353878,38540783.1
2025-11-20 11:30:00,7.193,7.215,7.192,7.212,5688095,40990308.6
2025-11-20 13:15:00,7.213,7.22,7.205,7.209,7141744,51501496.57
2025-11-20 13:30:00,7.21,7.219,7.189,7.189,9768531,70323654.67
2025-11-20 13:45:00,7.189,7.191,7.17,7.18,10573976,75924672.34
2025-11-20 14:00:00,7.179,7.196,7.175,7.18,6135094,44072470.26
2025-11-20 14:15:00,7.183,7.184,7.17,7.175,4927962,35364697.97
2025-11-20 14:30:00,7.176,7.178,7.163,7.175,9019598,64688556.86
2025-11-20 14:45:00,7.175,7.197,7.166,7.187,46549363,334379590.88
2025-11-20 15:00:00,7.187,7.187,7.167,7.171,106416670,763539607.25
2025-11-21 09:45:00,7.098,7.131,7.034,7.06,235291276,1664685777.7
2025-11-21 10:00:00,7.06,7.06,7.011,7.014,35016766,246109503.7
2025-11-21 10:15:00,7.014,7.038,7.0,7.003,35834224,251329302.39
2025-11-21 10:30:00,7.002,7.007,6.983,6.983,38147229,266687277.94
2025-11-21 10:45:00,6.983,6.984,6.954,6.957,28913569,201383008.08
2025-11-21 11:00:00,6.957,6.96,6.933,6.958,53625726,372716670.94
2025-11-21 11:15:00,6.958,6.978,6.931,6.932,22472884,156119125.15
2025-11-21 11:30:00,6.932,6.993,6.93,6.978,35710119,248792399.07
2025-11-21 13:15:00,6.977,7.006,6.964,7.0,17251279,120586440.21
2025-11-21 13:30:00,7.0,7.014,6.984,6.999,36838281,257831128.72
2025-11-21 13:45:00,6.999,7.025,6.992,6.993,21598937,151264555.46
2025-11-21 14:00:00,6.994,6.996,6.966,6.972,18407952,128450689.06
2025-11-21 14:15:00,6.972,6.987,6.947,6.963,21774102,151671136.5
2025-11-21 14:30:00,6.962,6.974,6.948,6.956,6080449,42315871.41
2025-11-21 14:45:00,6.957,6.967,6.932,6.934,47426187,329343251.26
2025-11-21 15:00:00,6.935,6.95,6.918,6.919,100967859,699606295.01
2025-11-24 09:45:00,6.96,6.966,6.921,6.949,61962602,430350925.09
2025-11-24 10:00:00,6.95,6.952,6.922,6.938,43130531,299210870.39
2025-11-24 10:15:00,6.938,6.944,6.915,6.935,53226056,368927536.15
2025-11-24 10:30:00,6.935,6.95,6.925,6.934,10847588,75242486.23
2025-11-24 10:45:00,6.935,6.951,6.931,6.944,5374804,37311889.37
2025-11-24 11:00:00,6.944,6.948,6.91,6.915,9440868,65371716.99
2025-11-24 11:15:00,6.915,6.922,6.908,6.914,3699502,25580823.16
2025-11-24 11:30:00,6.913,6.914,6.903,6.911,12624896,87229614.76
2025-11-24 13:15:00,6.909,6.941,6.909,6.94,42610884,295293426.12
2025-11-24 13:30:00,6.94,6.982,6.935,6.98,23640591,164672476.71
2025-11-24 13:45:00,6.981,6.998,6.975,6.984,24018278,167783684.02
2025-11-24 14:00:00,6.984,7.005,6.984,6.99,22104953,154579936.33
2025-11-24 14:15:00,6.99,7.006,6.987,6.988,13346103,93338195.68
2025-11-24 14:30:00,6.988,7.0,6.981,7.0,19523247,136539081.77
2025-11-24 14:45:00,7.0,7.004,6.972,6.974,33738940,235610264.33
2025-11-24 15:00:00,6.974,6.98,6.962,6.97,35475859,247290387.8
2025-11-25 09:45:00,7.016,7.06,7.014,7.048,68936877,485361572.0
2025-11-25 10:00:00,7.048,7.072,7.045,7.061,90370984,637958899.72
2025-11-25 10:15:00,7.064,7.079,7.058,7.076,44674637,315894358.23
2025-11-25 10:30:00,7.076,7.11,7.075,7.11,18920310,134302667.15
2025-11-25 10:45:00,7.11,7.126,7.102,7.112,14124250,100470498.33
2025-11-25 11:00:00,7.111,7.113,7.088,7.088,11781734,83607111.71
2025-11-25 11:15:00,7.088,7.103,7.081,7.091,11937719,84658323.91
2025-11-25 11:30:00,7.091,7.104,7.091,7.097,17727115,125815244.19
2025-11-25 13:15:00,7.095,7.095,7.06,7.06,60298987,426414336.4
2025-11-25 13:30:00,7.06,7.068,7.054,7.055,15950972,112597911.35
2025-11-25 13:45:00,7.054,7.071,7.05,7.065,10032250,70847749.5
2025-11-25 14:00:00,7.065,7.076,7.064,7.073,19813148,140098769.51
2025-11-25 14:15:00,7.074,7.076,7.061,7.062,29341076,207333823.37
2025-11-25 14:30:00,7.063,7.063,7.046,7.059,22206039,156685811.18
2025-11-25 14:45:00,7.059,7.065,7.052,7.061,36553833,258045691.76
2025-11-25 15:00:00,7.062,7.062,7.051,7.057,131688525,929282024.75
2025-11-26 09:45:00,7.055,7.091,7.038,7.088,30669088,216902013.37
2025-11-26 10:00:00,7.088,7.115,7.073,7.115,30968623,219908191.92
2025-11-26 10:15:00,7.115,7.118,7.082,7.094,16411817,116491077.07
2025-11-26 10:30:00,7.096,7.103,7.083,7.087,15377231,109039945.02
2025-11-26 10:45:00,7.088,7.101,7.076,7.076,11504392,81500947.73
2025-11-26 11:00:00,7.078,7.101,7.076,7.101,5689241,40351890.0
2025-11-26 11:15:00,7.101,7.116,7.1,7.113,8484930,60325023.99
2025-11-26 11:30:00,7.113,7.124,7.107,7.11,40208335,286028692.41
2025-11-26 13:15:00,7.11,7.117,7.097,7.098,72579834,515607140.74
2025-11-26 13:30:00,7.098,7.109,7.095,7.102,29697587,210912262.87
2025-11-26 13:45:00,7.1,7.106,7.089,7.091,16164919,114695488.61
2025-11-26 14:00:00,7.092,7.094,7.075,7.08,8612531,61002557.07
2025-11-26 14:15:00,7.081,7.084,7.065,7.081,17152783,121384527.7
2025-11-26 14:30:00,7.082,7.085,7.072,7.078,10398324,73602803.38
2025-11-26 14:45:00,7.078,7.08,7.057,7.059,31158876,220147845.23
2025-11-26 15:00:00,7.06,7.07,7.057,7.069,68850904,486454587.06
2025-11-27 09:45:00,7.065,7.121,7.065,7.121,20010017,142117810.74
2025-11-27 10:00:00,7.122,7.151,7.118,7.151,17740139,126664592.46
2025-11-27 10:15:00,7.151,7.154,7.134,7.135,10400971,74273333.91
2025-11-27 10:30:00,7.136,7.14,7.12,7.123,10211887,72786926.57
2025-11-27 10:45:00,7.123,7.141,7.117,7.122,8514265,60678328.57
2025-11-27 11:00:00,7.122,7.123,7.107,7.116,7169088,51010450.82
2025-11-27 11:15:00,7.116,7.122,7.098,7.098,5841600,41510409.6
2025-11-27 11:30:00,7.098,7.109,7.09,7.09,2615500,18560459.83
2025-11-27 13:15:00,7.091,7.101,7.089,7.098,2185653,15509393.69
2025-11-27 13:30:00,7.097,7.114,7.097,7.107,2916071,20721600.53
2025-11-27 13:45:00,7.107,7.119,7.092,7.098,5028981,35720852.04
2025-11-27 14:00:00,7.098,7.104,7.089,7.1,7340864,52103005.72
2025-11-27 14:15:00,7.101,7.102,7.078,7.084,4067366,28829490.21
2025-11-27 14:30:00,7.085,7.09,7.08,7.083,4628154,32787385.65
2025-11-27 14:45:00,7.083,7.086,7.059,7.065,9807402,69338332.14
2025-11-27 15:00:00,7.065,7.066,7.04,7.052,70064594,494142226.62
2025-11-28 09:45:00,7.048,7.073,7.045,7.063,17422610,123009434.14
2025-11-28 10:00:00,7.06,7.066,7.042,7.045,6709942,47311801.04
2025-11-28 10:15:00,7.045,7.112,7.042,7.11,14473640,102589160.32
2025-11-28 10:30:00,7.111,7.116,7.092,7.094,6256836,44427706.82
2025-11-28 10:45:00,7.095,7.107,7.087,7.088,2721450,19305966.3
2025-11-28 11:00:00,7.089,7.106,7.083,7.099,2594964,18413864.54
2025-11-28 11:15:00,7.099,7.12,7.098,7.1,5913632,42022268.99
2025-11-28 11:30:00,7.1,7.12,7.099,7.116,5193290,36932947.38
2025-11-28 13:15:00,7.116,7.127,7.111,7.111,5107419,36346096.08
2025-11-28 13:30:00,7.111,7.111,7.096,7.103,3558017,25273780.76
2025-11-28 13:45:00,7.103,7.117,7.101,7.109,3111263,22117968.67
2025-11-28 14:00:00,7.108,7.124,7.107,7.12,2483952,17678286.38
2025-11-28 14:15:00,7.12,7.126,7.114,7.121,20961388,149252069.69
2025-11-28 14:30:00,7.121,7.138,7.12,7.129,18581423,132466964.57
2025-11-28 14:45:00,7.129,7.14,7.128,7.14,30917979,220630698.14
2025-11-28 15:00:00,7.14,7.144,7.128,7.136,31325370,223537840.32
2025-12-01 09:45:00,7.152,7.178,7.138,7.178,23667748,169571525.17
2025-12-01 10:00:00,7.175,7.197,7.169,7.188,11572962,83147874.32
2025-12-01 10:15:00,7.188,7.19,7.16,7.165,6697076,48029196.71
2025-12-01 10:30:00,7.165,7.174,7.155,7.167,5719007,40978591.49
2025-12-01 10:45:00,7.167,7.191,7.163,7.173,9370122,67236872.1
2025-12-01 11:00:00,7.174,7.184,7.163,7.18,2306925,16553724.82
2025-12-01 11:15:00,7.18,7.193,7.177,7.192,2017309,14499072.22
2025-12-01 11:30:00,7.193,7.194,7.183,7.188,6812134,48967889.9
2025-12-01 13:15:00,7.188,7.192,7.176,7.183,2631102,18900959.73
2025-12-01 13:30:00,7.183,7.184,7.177,7.179,4469900,32093882.0
2025-12-01 13:45:00,7.179,7.179,7.17,7.174,4067290,29180094.22
2025-12-01 14:00:00,7.172,7.187,7.172,7.186,3341643,23998566.15
2025-12-01 14:15:00,7.186,7.193,7.182,7.187,7048750,50661715.83
2025-12-01 14:30:00,7.188,7.188,7.182,7.185,4588017,32964902.14
2025-12-01 14:45:00,7.186,7.195,7.182,7.195,7613527,54746334.81
2025-12-01 15:00:00,7.195,7.203,7.191,7.201,30082740,216545590.1
2025-12-02 09:45:00,7.154,7.188,7.144,7.144,22808096,163275556.57
2025-12-02 10:00:00,7.144,7.169,7.143,7.157,15092413,108006338.23
2025-12-02 10:15:00,7.157,7.165,7.152,7.155,6174688,44194300.25
2025-12-02 10:30:00,7.155,7.163,7.15,7.152,3976337,28450691.24
2025-12-02 10:45:00,7.15,7.158,7.14,7.158,15324700,109602254.4
2025-12-02 11:00:00,7.158,7.167,7.153,7.154,4781678,34227251.12
2025-12-02 11:15:00,7.154,7.154,7.141,7.143,9307944,66514567.82
2025-12-02 11:30:00,7.143,7.144,7.135,7.137,5854177,41791018.21
2025-12-02 13:15:00,7.137,7.143,7.129,7.13,5783342,41258361.83
2025-12-02 13:30:00,7.13,7.136,7.124,7.124,6202100,44208568.8
2025-12-02 13:45:00,7.124,7.131,7.123,7.13,5055630,36036530.64
2025-12-02 14:00:00,7.131,7.146,7.129,7.135,12939303,92343492.41
2025-12-02 14:15:00,7.135,7.14,7.131,7.14,7042071,50259260.73
2025-12-02 14:30:00,7.14,7.148,7.139,7.142,11576433,82690460.92
2025-12-02 14:45:00,7.142,7.145,7.13,7.134,11536602,82329037.41
2025-12-02 15:00:00,7.135,7.142,7.133,7.142,6914140,49360045.46
2025-12-03 09:45:00,7.145,7.17,7.125,7.135,25667300,183350079.67
2025-12-03 10:00:00,7.136,7.144,7.122,7.126,7951644,56700522.82
2025-12-03 10:15:00,7.126,7.148,7.125,7.141,3928336,28040462.37
2025-12-03 10:30:00,7.142,7.148,7.121,7.122,3783503,26977637.56
2025-12-03 10:45:00,7.122,7.122,7.101,7.115,9843440,70013107.57
2025-12-03 11:00:00,7.115,7.139,7.114,7.126,6364085,45352591.07
2025-12-03 11:15:00,7.126,7.136,7.118,7.133,3758177,26792043.83
2025-12-03 11:30:00,7.132,7.134,7.121,7.134,1727748,12318267.32
2025-12-03 13:15:00,7.133,7.141,7.121,7.137,3512733,25056324.49
2025-12-03 13:30:00,7.138,7.147,7.128,7.129,1894803,13518787.8
2025-12-03 13:45:00,7.129,7.129,7.108,7.111,3427927,24393128.53
2025-12-03 14:00:00,7.111,7.116,7.098,7.098,5801586,41214466.94
2025-12-03 14:15:00,7.099,7.1,7.08,7.089,22633763,160465835.08
2025-12-03 14:30:00,7.09,7.091,7.078,7.087,6015898,42624642.63
2025-12-03 14:45:00,7.087,7.102,7.086,7.094,6606694,46867887.24
2025-12-03 15:00:00,7.094,7.104,7.094,7.104,8406398,59691030.07
2025-12-04 09:45:00,7.1,7.125,7.095,7.099,20375489,144795016.66
2025-12-04 10:00:00,7.099,7.099,7.069,7.072,10121752,71662004.16
2025-12-04 10:15:00,7.073,7.088,7.066,7.077,6465403,45755657.03
2025-12-04 10:30:00,7.078,7.106,7.06,7.096,6438755,45633602.94
2025-12-04 10:45:00,7.097,7.108,7.093,7.107,4522848,32124281.73
2025-12-04 11:00:00,7.106,7.15,7.105,7.134,11858437,84546703.0
2025-12-04 11:15:00,7.134,7.135,7.103,7.112,3350800,23846526.67
2025-12-04 11:30:00,7.112,7.129,7.112,7.124,4992582,35555504.81
2025-12-04 13:15:00,7.125,7.131,7.112,7.112,3621409,25778396.4
2025-12-04 13:30:00,7.112,7.124,7.105,7.123,7188400,51162238.93
2025-12-04 13:45:00,7.123,7.125,7.108,7.114,3824463,27213603.89
2025-12-04 14:00:00,7.114,7.118,7.108,7.111,3619692,25744456.07
2025-12-04 14:15:00,7.112,7.127,7.109,7.121,4988176,35510824.94
2025-12-04 14:30:00,7.121,7.123,7.111,7.119,2334237,16614320.89
2025-12-04 14:45:00,7.119,7.126,7.117,7.119,7615164,54225044.46
2025-12-04 15:00:00,7.12,7.129,7.116,7.128,21053490,149992080.59
2025-12-05 09:45:00,7.122,7.122,7.076,7.078,25321950,179583269.4
2025-12-05 10:00:00,7.078,7.127,7.067,7.127,22751057,161691762.1
2025-12-05 10:15:00,7.127,7.135,7.106,7.117,11415302,81269340.04
2025-12-05 10:30:00,7.116,7.122,7.11,7.114,5662046,40287344.64
2025-12-05 10:45:00,7.115,7.132,7.113,7.132,7234445,51550243.59
2025-12-05 11:00:00,7.13,7.144,7.129,7.136,5876706,41938132.92
2025-12-05 11:15:00,7.137,7.158,7.132,7.157,6416586,45872173.31
2025-12-05 11:30:00,7.157,7.173,7.15,7.154,13781406,98661085.55
2025-12-05 13:15:00,7.153,7.162,7.139,7.143,5787108,41366247.98
2025-12-05 13:30:00,7.143,7.155,7.143,7.148,3468879,24797859.68
2025-12-05 13:45:00,7.148,7.172,7.146,7.171,7087844,50770226.57
2025-12-05 14:00:00,7.17,7.213,7.17,7.212,46235383,332817698.63
2025-12-05 14:15:00,7.213,7.219,7.206,7.206,56735720,409083453.11
2025-12-05 14:30:00,7.205,7.218,7.204,7.206,20618431,148645141.89
2025-12-05 14:45:00,7.208,7.21,7.203,7.203,12991557,93608498.7
2025-12-05 15:00:00,7.204,7.218,7.203,7.216,57141642,412124569.32
2025-12-08 09:45:00,7.238,7.263,7.231,7.243,81981454,594010288.53
2025-12-08 10:00:00,7.241,7.248,7.229,7.236,17660280,127819219.88
2025-12-08 10:15:00,7.236,7.276,7.232,7.267,24483022,177705934.68
2025-12-08 10:30:00,7.267,7.279,7.263,7.264,18586489,135098993.04
2025-12-08 10:45:00,7.264,7.28,7.264,7.276,12788249,93013197.73
2025-12-08 11:00:00,7.277,7.277,7.261,7.271,5408050,39314720.82
2025-12-08 11:15:00,7.271,7.273,7.254,7.264,18888279,137198162.56
2025-12-08 11:30:00,7.264,7.281,7.264,7.274,18509382,134618735.29
2025-12-08 13:15:00,7.273,7.286,7.27,7.281,15021571,109342015.31
2025-12-08 13:30:00,7.282,7.296,7.276,7.294,7537113,54935504.29
2025-12-08 13:45:00,7.294,7.305,7.293,7.301,6379294,46566719.77
2025-12-08 14:00:00,7.301,7.302,7.285,7.285,9940591,72473535.45
2025-12-08 14:15:00,7.285,7.293,7.28,7.287,4359900,31769138.0
2025-12-08 14:30:00,7.288,7.288,7.28,7.282,2477205,18042309.75
2025-12-08 14:45:00,7.282,7.288,7.276,7.277,10119742,73675095.01
2025-12-08 15:00:00,7.278,7.281,7.271,7.278,28667452,208603492.39
2025-12-09 09:45:00,7.256,7.282,7.255,7.281,15931204,115862336.29
2025-12-09 10:00:00,7.281,7.287,7.272,7.281,15752637,114679197.36
2025-12-09 10:15:00,7.283,7.29,7.277,7.277,11606630,84511741.91
2025-12-09 10:30:00,7.278,7.279,7.25,7.253,16113517,116994875.76
2025-12-09 10:45:00,7.254,7.268,7.252,7.261,9797313,71131758.15
2025-12-09 11:00:00,7.26,7.262,7.236,7.246,8985315,65125563.12
2025-12-09 11:15:00,7.246,7.258,7.242,7.255,19146568,138844528.95
2025-12-09 11:30:00,7.256,7.26,7.251,7.254,18824458,136571442.79
2025-12-09 13:15:00,7.25,7.254,7.233,7.234,5244904,37974853.26
2025-12-09 13:30:00,7.234,7.241,7.232,7.235,12132555,87791167.98
2025-12-09 13:45:00,7.235,7.241,7.228,7.231,6403759,46320523.43
2025-12-09 14:00:00,7.23,7.232,7.216,7.22,6167492,44545738.89
2025-12-09 14:15:00,7.22,7.226,7.212,7.217,4284233,30925021.87
2025-12-09 14:30:00,7.217,7.226,7.211,7.223,12052563,87019504.86
2025-12-09 14:45:00,7.224,7.231,7.217,7.23,15629712,112940298.91
2025-12-09 15:00:00,7.23,7.23,7.222,7.222,14362722,103765878.88
2025-12-10 09:45:00,7.225,7.229,7.172,7.177,43654136,313989648.87
2025-12-10 10:00:00,7.177,7.199,7.172,7.184,23357867,167826274.39
2025-12-10 10:15:00,7.184,7.194,7.173,7.177,19549427,140390951.76
2025-12-10 10:30:00,7.177,7.203,7.173,7.197,20020803,143969594.37
2025-12-10 10:45:00,7.197,7.222,7.193,7.222,35577730,256598448.0
2025-12-10 11:00:00,7.223,7.229,7.217,7.221,9321431,67322481.83
2025-12-10 11:15:00,7.221,7.224,7.212,7.217,7222843,52132073.16
2025-12-10 11:30:00,7.218,7.218,7.198,7.205,5900136,42522280.15
2025-12-10 13:15:00,7.204,7.208,7.191,7.191,3034479,21838133.87
2025-12-10 13:30:00,7.191,7.209,7.191,7.209,2085617,15022699.25
2025-12-10 13:45:00,7.21,7.225,7.205,7.224,3191056,23033042.21
2025-12-10 14:00:00,7.223,7.231,7.221,7.225,15020595,108533812.6
2025-12-10 14:15:00,7.226,7.275,7.223,7.27,14256177,103442820.31
2025-12-10 14:30:00,7.27,7.277,7.26,7.273,6175375,44894976.25
2025-12-10 14:45:00,7.275,7.28,7.267,7.269,13007851,94593092.47
2025-12-10 15:00:00,7.269,7.269,7.26,7.262,38182309,277343565.14
2025-12-11 09:45:00,7.275,7.284,7.26,7.278,16955627,123335230.8
2025-12-11 10:00:00,7.279,7.282,7.251,7.263,11748500,85356768.67
2025-12-11 10:15:00,7.263,7.267,7.251,7.265,8712932,63264599.25
2025-12-11 10:30:00,7.265,7.274,7.258,7.272,3623591,26336259.39
2025-12-11 10:45:00,7.273,7.275,7.259,7.266,9572159,69557688.73
2025-12-11 11:00:00,7.265,7.266,7.249,7.251,3056874,22178639.83
2025-12-11 11:15:00,7.251,7.258,7.246,7.249,5253677,38094411.93
2025-12-11 11:30:00,7.249,7.253,7.227,7.227,6625300,47938462.37
2025-12-11 13:15:00,7.228,7.231,7.215,7.218,6923930,50000006.51
2025-12-11 13:30:00,7.218,7.222,7.203,7.208,10790900,77813179.9
2025-12-11 13:45:00,7.208,7.216,7.203,7.204,12068035,86982373.6
2025-12-11 14:00:00,7.204,7.227,7.204,7.221,10681800,77094111.2
2025-12-11 14:15:00,7.221,7.234,7.219,7.221,6177073,44627293.4
2025-12-11 14:30:00,7.22,7.22,7.209,7.214,8304815,59913703.68
2025-12-11 14:45:00,7.214,7.225,7.207,7.207,13916197,100377528.96
2025-12-11 15:00:00,7.208,7.213,7.196,7.197,51726988,372537767.58
2025-12-12 09:45:00,7.217,7.226,7.19,7.204,71162080,512841389.87
2025-12-12 10:00:00,7.204,7.212,7.186,7.197,25622624,184440188.43
2025-12-12 10:15:00,7.197,7.225,7.184,7.217,17497895,126136492.42
2025-12-12 10:30:00,7.218,7.224,7.192,7.212,9029528,65096877.19
2025-12-12 10:45:00,7.214,7.247,7.202,7.244,38136071,275761929.4
2025-12-12 11:00:00,7.244,7.255,7.237,7.254,32100838,232688274.38
2025-12-12 11:15:00,7.254,7.266,7.248,7.266,12755943,92608146.18
2025-12-12 11:30:00,7.267,7.273,7.249,7.254,8503690,61725451.15
2025-12-12 13:15:00,7.254,7.273,7.25,7.271,14390877,104544924.45
2025-12-12 13:30:00,7.272,7.282,7.266,7.281,19121562,139134858.97
2025-12-12 13:45:00,7.281,7.292,7.277,7.282,20228630,147338598.04
2025-12-12 14:00:00,7.282,7.294,7.279,7.293,9345005,68112626.44
2025-12-12 14:15:00,7.295,7.3,7.291,7.298,16688887,121767682.51
2025-12-12 14:30:00,7.299,7.303,7.297,7.301,11734637,85666761.65
2025-12-12 14:45:00,7.302,7.304,7.288,7.294,49802096,363322891.02
2025-12-12 15:00:00,7.294,7.294,7.28,7.286,19408119,141420493.78
2025-12-15 09:45:00,7.25,7.267,7.237,7.253,42268373,306544330.45
2025-12-15 10:00:00,7.253,7.281,7.248,7.271,19269058,140021821.47
2025-12-15 10:15:00,7.271,7.276,7.261,7.27,8213300,59702477.7
2025-12-15 10:30:00,7.269,7.278,7.258,7.277,7549008,54888837.17
2025-12-15 10:45:00,7.277,7.298,7.271,7.295,14868239,108359725.83
2025-12-15 11:00:00,7.296,7.299,7.275,7.279,9120556,66437170.09
2025-12-15 11:15:00,7.281,7.281,7.257,7.257,7142287,51888715.06
2025-12-15 11:30:00,7.257,7.259,7.249,7.249,10419715,75567246.42
2025-12-15 13:15:00,7.248,7.261,7.247,7.259,6389528,46360285.33
2025-12-15 13:30:00,7.258,7.258,7.238,7.238,7236115,52423241.14
2025-12-15 13:45:00,7.238,7.242,7.229,7.238,5330008,38569714.56
2025-12-15 14:00:00,7.239,7.256,7.239,7.255,2302110,16690297.5
2025-12-15 14:15:00,7.256,7.262,7.241,7.242,5814902,42148348.0
2025-12-15 14:30:00,7.242,7.252,7.239,7.249,2716370,19684627.93
2025-12-15 14:45:00,7.25,7.25,7.231,7.235,11981379,86729208.79
2025-12-15 15:00:00,7.236,7.246,7.232,7.235,14164900,102520824.57
2025-12-16 09:45:00,7.22,7.22,7.145,7.147,34323843,246124836.87
2025-12-16 10:00:00,7.15,7.15,7.128,7.138,22582094,161206041.7
2025-12-16 10:15:00,7.139,7.14,7.113,7.118,28827497,205357479.46
2025-12-16 10:30:00,7.118,7.128,7.104,7.126,41518518,295584169.15
2025-12-16 10:45:00,7.126,7.127,7.088,7.104,21316389,151481365.7
2025-12-16 11:00:00,7.104,7.104,7.082,7.097,10914325,77429859.66
2025-12-16 11:15:00,7.097,7.097,7.076,7.079,7557645,53538357.18
2025-12-16 11:30:00,7.079,7.099,7.078,7.078,7968994,56460322.49
2025-12-16 13:15:00,7.08,7.115,7.077,7.107,10631961,75483379.11
2025-12-16 13:30:00,7.108,7.108,7.076,7.082,8924500,63262805.67
2025-12-16 13:45:00,7.082,7.126,7.079,7.125,9989894,71028146.34
2025-12-16 14:00:00,7.126,7.133,7.108,7.109,12588580,89588727.67
2025-12-16 14:15:00,7.109,7.13,7.1,7.124,9183817,65370409.41
2025-12-16 14:30:00,7.125,7.133,7.115,7.122,5052076,35987621.37
2025-12-16 14:45:00,7.122,7.131,7.116,7.125,6716402,47847647.85
2025-12-16 15:00:00,7.127,7.129,7.116,7.124,24804820,176684732.86
2025-12-17 09:45:00,7.12,7.161,7.118,7.161,30796115,220089568.53
2025-12-17 10:00:00,7.161,7.165,7.121,7.124,14550242,103840227.07
2025-12-17 10:15:00,7.124,7.13,7.1,7.114,6796560,48355258.88
2025-12-17 10:30:00,7.115,7.135,7.113,7.132,7298929,52017034.01
2025-12-17 10:45:00,7.132,7.135,7.113,7.125,2974038,21188038.06
2025-12-17 11:00:00,7.125,7.134,7.122,7.134,8221905,58622182.65
2025-12-17 11:15:00,7.134,7.149,7.134,7.14,7470004,53343298.56
2025-12-17 11:30:00,7.139,7.148,7.13,7.135,5804200,41428444.87
2025-12-17 13:15:00,7.135,7.147,7.13,7.136,4761238,33984129.76
2025-12-17 13:30:00,7.136,7.142,7.127,7.139,5924500,42277232.0
2025-12-17 13:45:00,7.139,7.167,7.131,7.167,13006783,93063532.36
2025-12-17 14:00:00,7.167,7.24,7.166,7.24,51397536,370850354.75
2025-12-17 14:15:00,7.24,7.287,7.239,7.287,66582697,484122789.89
2025-12-17 14:30:00,7.287,7.287,7.264,7.266,34306636,249489292.54
2025-12-17 14:45:00,7.268,7.27,7.255,7.258,17140441,124456742.1
2025-12-17 15:00:00,7.258,7.262,7.252,7.262,22602540,164064303.68
2025-12-18 09:45:00,7.225,7.268,7.219,7.261,31351480,227277329.01
2025-12-18 10:00:00,7.262,7.294,7.257,7.283,13586211,98880443.66
2025-12-18 10:15:00,7.284,7.295,7.246,7.248,15280606,110983041.38
2025-12-18 10:30:00,7.246,7.266,7.245,7.26,16773405,121724600.08
2025-12-18 10:45:00,7.262,7.277,7.248,7.25,23933745,173719099.12
2025-12-18 11:00:00,7.25,7.255,7.244,7.251,10819672,78442622.0
2025-12-18 11:15:00,7.251,7.264,7.242,7.261,12705402,92186161.78
2025-12-18 11:30:00,7.26,7.265,7.25,7.25,8164653,59234557.52
2025-12-18 13:15:00,7.252,7.28,7.247,7.269,8946228,64997328.5
2025-12-18 13:30:00,7.269,7.27,7.258,7.268,10825100,78647959.87
2025-12-18 13:45:00,7.268,7.268,7.235,7.237,8068240,58467845.87
2025-12-18 14:00:00,7.239,7.239,7.224,7.227,26236292,189688391.16
2025-12-18 14:15:00,7.228,7.24,7.222,7.232,11800739,85335077.29
2025-12-18 14:30:00,7.232,7.235,7.224,7.231,13314015,96260328.45
2025-12-18 14:45:00,7.231,7.241,7.228,7.233,9461200,68442320.8
2025-12-18 15:00:00,7.233,7.234,7.219,7.222,30223113,218361991.42
2025-12-19 09:45:00,7.238,7.265,7.231,7.242,30073144,217910001.42
2025-12-19 10:00:00,7.242,7.264,7.237,7.255,15275392,110777142.78
2025-12-19 10:15:00,7.254,7.308,7.242,7.301,38830578,282828986.63
2025-12-19 10:30:00,7.301,7.312,7.295,7.304,34758170,253862087.62
2025-12-19 10:45:00,7.304,7.318,7.285,7.295,22941934,167460823.58
2025-12-19 11:00:00,7.296,7.301,7.281,7.297,9225275,67279930.58
2025-12-19 11:15:00,7.297,7.297,7.282,7.291,9122455,66502696.95
2025-12-19 11:30:00,7.292,7.315,7.287,7.303,16307067,119068767.54
2025-12-19 13:15:00,7.303,7.315,7.296,7.297,13773961,100586645.86
2025-12-19 13:30:00,7.297,7.297,7.287,7.287,4072525,29690064.76
2025-12-19 13:45:00,7.288,7.294,7.285,7.294,5325344,38827083.1
2025-12-19 14:00:00,7.295,7.298,7.284,7.284,5858863,42703299.45
2025-12-19 14:15:00,7.284,7.29,7.271,7.285,9003478,65563326.8
2025-12-19 14:30:00,7.284,7.296,7.284,7.295,7834764,57128487.5
2025-12-19 14:45:00,7.296,7.296,7.284,7.287,10352464,75459110.1
2025-12-19 15:00:00,7.288,7.289,7.284,7.285,18211783,132691050.94
2025-12-22 09:45:00,7.32,7.38,7.32,7.36,34328498,252428888.63
2025-12-22 10:00:00,7.362,7.382,7.356,7.369,22755900,167688227.1
2025-12-22 10:15:00,7.37,7.386,7.363,7.38,11612828,85660090.27
2025-12-22 10:30:00,7.38,7.385,7.371,7.378,8737754,64467149.01
2025-12-22 10:45:00,7.379,7.385,7.366,7.372,6075744,44804561.5
2025-12-22 11:00:00,7.373,7.38,7.367,7.378,3866172,28513018.5
2025-12-22 11:15:00,7.378,7.397,7.375,7.393,9662930,71392947.82
2025-12-22 11:30:00,7.393,7.393,7.379,7.379,3685778,27214556.16
2025-12-22 13:15:00,7.379,7.386,7.367,7.37,12945831,95466873.07
2025-12-22 13:30:00,7.371,7.386,7.37,7.38,11890131,87733313.27
2025-12-22 13:45:00,7.381,7.388,7.374,7.379,19597327,144634805.7
2025-12-22 14:00:00,7.38,7.386,7.373,7.374,10692931,78888880.61
2025-12-22 14:15:00,7.375,7.385,7.374,7.379,9747764,71931999.81
2025-12-22 14:30:00,7.379,7.38,7.375,7.379,7968496,58791563.49
2025-12-22 14:45:00,7.379,7.379,7.363,7.366,34459200,253941331.2
2025-12-22 15:00:00,7.367,7.371,7.363,7.367,73720177,543096543.96
2025-12-23 09:45:00,7.364,7.388,7.349,7.383,34016211,250812862.44
2025-12-23 10:00:00,7.383,7.393,7.372,7.389,17308954,127820855.64
2025-12-23 10:15:00,7.39,7.391,7.371,7.385,9337021,68929001.36
2025-12-23 10:30:00,7.386,7.387,7.365,7.383,8533696,62964453.65
2025-12-23 10:45:00,7.383,7.389,7.372,7.373,4248362,31344414.84
2025-12-23 11:00:00,7.373,7.389,7.372,7.388,6116997,45161788.85
2025-12-23 11:15:00,7.388,7.413,7.386,7.408,12155949,89982386.48
2025-12-23 11:30:00,7.406,7.417,7.399,7.4,5293205,39197947.43
2025-12-23 13:15:00,7.399,7.4,7.382,7.382,7119910,52601895.08
2025-12-23 13:30:00,7.383,7.385,7.376,7.384,3734344,27565682.63
2025-12-23 13:45:00,7.384,7.391,7.384,7.39,2788411,20601709.94
2025-12-23 14:00:00,7.391,7.393,7.364,7.37,10456600,77124396.07
2025-12-23 14:15:00,7.37,7.381,7.369,7.371,9837503,72538467.95
2025-12-23 14:30:00,7.371,7.372,7.361,7.363,17610200,129704993.07
2025-12-23 14:45:00,7.363,7.365,7.35,7.361,19546205,143834007.19
2025-12-23 15:00:00,7.361,7.378,7.359,7.376,16955924,124982115.8
2025-12-24 09:45:00,7.373,7.409,7.363,7.4,15163043,112064996.47
2025-12-24 10:00:00,7.399,7.413,7.388,7.391,15590157,115325588.05
2025-12-24 10:15:00,7.391,7.396,7.38,7.386,6155056,45469450.36
2025-12-24 10:30:00,7.387,7.405,7.385,7.404,12927630,95638606.74
2025-12-24 10:45:00,7.404,7.409,7.398,7.404,13320597,98621259.99
2025-12-24 11:00:00,7.403,7.433,7.4,7.415,25899020,192067132.32
2025-12-24 11:15:00,7.416,7.439,7.411,7.437,9255633,68760097.56
2025-12-24 11:30:00,7.436,7.446,7.417,7.436,9697016,72077919.93
2025-12-24 13:15:00,7.436,7.448,7.43,7.441,9872507,73448161.24
2025-12-24 13:30:00,7.441,7.471,7.441,7.469,26259383,195903750.31
2025-12-24 13:45:00,7.468,7.492,7.468,7.475,33922438,253683298.84
2025-12-24 14:00:00,7.475,7.492,7.467,7.47,40125987,299995254.14
2025-12-24 14:15:00,7.469,7.482,7.469,7.475,27348184,204436791.46
2025-12-24 14:30:00,7.476,7.477,7.469,7.473,19180750,143337744.75
2025-12-24 14:45:00,7.473,7.48,7.464,7.473,17697937,132244884.58
2025-12-24 15:00:00,7.473,7.48,7.467,7.473,67952011,507828028.87
2025-12-25 09:45:00,7.469,7.493,7.452,7.49,40920264,306015374.28
2025-12-25 10:00:00,7.49,7.502,7.461,7.475,18631304,139349733.05
2025-12-25 10:15:00,7.475,7.476,7.453,7.469,9390017,70105866.92
2025-12-25 10:30:00,7.469,7.476,7.466,7.468,8421917,62911719.99
2025-12-25 10:45:00,7.468,7.482,7.466,7.481,12525981,93648409.28
2025-12-25 11:00:00,7.481,7.497,7.478,7.493,11274998,84442218.35
2025-12-25 11:15:00,7.493,7.498,7.484,7.494,6963408,52169852.74
2025-12-25 11:30:00,7.494,7.497,7.486,7.492,10908042,81719414.65
2025-12-25 13:15:00,7.492,7.506,7.489,7.505,9241756,69313170.0
2025-12-25 13:30:00,7.505,7.542,7.505,7.534,9673212,72810266.72
2025-12-25 13:45:00,7.533,7.54,7.522,7.527,12682867,95497760.89
2025-12-25 14:00:00,7.528,7.537,7.524,7.534,7513119,56586307.93
2025-12-25 14:15:00,7.535,7.555,7.534,7.552,47553627,358887222.97
2025-12-25 14:30:00,7.552,7.554,7.542,7.547,31071655,234518494.72
2025-12-25 14:45:00,7.547,7.55,7.536,7.543,18659983,140752251.77
2025-12-25 15:00:00,7.543,7.545,7.53,7.536,31529469,237637607.85
2025-12-26 09:45:00,7.544,7.588,7.544,7.58,65083228,492723424.78
2025-12-26 10:00:00,7.581,7.583,7.564,7.57,43026685,325812401.05
2025-12-26 10:15:00,7.57,7.582,7.549,7.567,25071765,189692973.99
2025-12-26 10:30:00,7.566,7.598,7.561,7.594,31939881,242242704.13
2025-12-26 10:45:00,7.594,7.608,7.582,7.604,34997633,265912015.53
2025-12-26 11:00:00,7.604,7.613,7.599,7.599,47432305,360659436.45
2025-12-26 11:15:00,7.601,7.616,7.59,7.591,39421146,299561288.45
2025-12-26 11:30:00,7.593,7.593,7.527,7.54,80140650,605329043.0
2025-12-26 13:15:00,7.541,7.577,7.528,7.576,29398659,222263661.59
2025-12-26 13:30:00,7.577,7.596,7.576,7.584,13720710,104076158.92
2025-12-26 13:45:00,7.584,7.595,7.577,7.591,14398946,109254402.6
2025-12-26 14:00:00,7.591,7.609,7.589,7.599,14920382,113379982.82
2025-12-26 14:15:00,7.599,7.61,7.579,7.584,14915013,113219863.68
2025-12-26 14:30:00,7.585,7.59,7.562,7.578,18338737,138946497.34
2025-12-26 14:45:00,7.578,7.59,7.57,7.587,12523614,94958215.89
2025-12-26 15:00:00,7.587,7.592,7.577,7.58,29400720,222945659.76
2025-12-29 09:45:00,7.579,7.602,7.554,7.554,37093298,280796265.86
2025-12-29 10:00:00,7.554,7.575,7.552,7.554,22616384,170987401.83
2025-12-29 10:15:00,7.556,7.589,7.553,7.589,15873517,120273638.31
2025-12-29 10:30:00,7.589,7.59,7.571,7.59,26178250,198527121.92
2025-12-29 10:45:00,7.59,7.602,7.572,7.599,15267445,115895175.0
2025-12-29 11:00:00,7.599,7.609,7.593,7.6,14251779,108323021.59
2025-12-29 11:15:00,7.6,7.608,7.598,7.604,16070348,122188212.63
2025-12-29 11:30:00,7.605,7.61,7.588,7.589,36520814,277399929.54
2025-12-29 13:15:00,7.589,7.591,7.567,7.571,21085227,159748708.16
2025-12-29 13:30:00,7.571,7.58,7.567,7.579,16300324,123480387.74
2025-12-29 13:45:00,7.58,7.583,7.57,7.574,13574571,102836425.04
2025-12-29 14:00:00,7.573,7.585,7.563,7.563,13163109,99649122.83
2025-12-29 14:15:00,7.564,7.57,7.558,7.568,12257481,92731929.59
2025-12-29 14:30:00,7.569,7.57,7.545,7.552,13359474,100939732.39
2025-12-29 14:45:00,7.555,7.557,7.531,7.553,32566607,245780183.03
2025-12-29 15:00:00,7.553,7.559,7.547,7.549,31625421,238824637.58
2025-12-30 09:45:00,7.512,7.579,7.512,7.572,34034666,257109211.85
2025-12-30 10:00:00,7.573,7.585,7.562,7.578,13770705,104313090.38
2025-12-30 10:15:00,7.578,7.59,7.573,7.581,17541375,132987011.0
2025-12-30 10:30:00,7.581,7.589,7.568,7.572,14848444,112496761.23
2025-12-30 10:45:00,7.572,7.581,7.568,7.574,6516019,49354499.91
2025-12-30 11:00:00,7.573,7.592,7.57,7.59,12553816,95208140.54
2025-12-30 11:15:00,7.59,7.593,7.567,7.572,7498241,56816671.47
2025-12-30 11:30:00,7.572,7.579,7.566,7.576,5545340,41998556.71
2025-12-30 13:15:00,7.575,7.586,7.561,7.576,8051845,60987357.98
2025-12-30 13:30:00,7.576,7.625,7.572,7.61,28374486,215712300.73
2025-12-30 13:45:00,7.611,7.62,7.59,7.593,17024183,129400814.98
2025-12-30 14:00:00,7.591,7.609,7.587,7.587,14127440,107288488.51
2025-12-30 14:15:00,7.587,7.606,7.577,7.603,17775760,135012822.45
2025-12-30 14:30:00,7.603,7.608,7.591,7.594,9911423,75303688.15
2025-12-30 14:45:00,7.594,7.6,7.582,7.584,13748044,104329323.23
2025-12-30 15:00:00,7.585,7.586,7.579,7.581,20156149,152823921.72
2025-12-31 09:45:00,7.597,7.599,7.562,7.571,51194456,387917457.93
2025-12-31 10:00:00,7.569,7.599,7.566,7.572,43620562,330600239.4
2025-12-31 10:15:00,7.572,7.611,7.565,7.602,28857037,219101862.93
2025-12-31 10:30:00,7.601,7.607,7.594,7.599,18069830,137330708.0
2025-12-31 10:45:00,7.599,7.6,7.586,7.587,17140835,130116078.48
2025-12-31 11:00:00,7.588,7.594,7.581,7.584,10685035,81060237.19
2025-12-31 11:15:00,7.584,7.59,7.567,7.578,9321318,70640054.91
2025-12-31 11:30:00,7.578,7.586,7.564,7.566,13211891,100040438.65
2025-12-31 13:15:00,7.566,7.579,7.551,7.576,20405470,154442200.61
2025-12-31 13:30:00,7.576,7.607,7.574,7.6,12718299,96578523.17
2025-12-31 13:45:00,7.6,7.605,7.593,7.595,15989188,121480520.69
2025-12-31 14:00:00,7.596,7.598,7.584,7.585,6825283,51797072.69
2025-12-31 14:15:00,7.584,7.603,7.581,7.601,38570692,292944405.74
2025-12-31 14:30:00,7.601,7.604,7.591,7.594,44842238,340636587.26
2025-12-31 14:45:00,7.594,7.597,7.575,7.591,68927418,522998271.98
2025-12-31 15:00:00,7.591,7.596,7.586,7.588,45973885,348941787.15
2026-01-05 09:45:00,7.642,7.683,7.64,7.682,30959509,237407834.85
2026-01-05 10:00:00,7.682,7.705,7.681,7.702,15461663,118992958.45
2026-01-05 10:15:00,7.701,7.709,7.697,7.7,18123991,139590978.68
2026-01-05 10:30:00,7.7,7.74,7.699,7.74,24428951,188746218.41
2026-01-05 10:45:00,7.739,7.75,7.732,7.743,21737136,168281661.2
2026-01-05 11:00:00,7.742,7.755,7.735,7.74,25162768,194843700.21
2026-01-05 11:15:00,7.741,7.758,7.737,7.754,9589181,74312956.36
2026-01-05 11:30:00,7.753,7.76,7.749,7.755,9111035,70653039.41
2026-01-05 13:15:00,7.755,7.765,7.748,7.758,11687798,90662249.09
2026-01-05 13:30:00,7.76,7.76,7.733,7.746,12071955,93513387.42
2026-01-05 13:45:00,7.746,7.755,7.74,7.754,8888046,68879393.82
2026-01-05 14:00:00,7.754,7.768,7.748,7.765,8799488,68286960.04
2026-01-05 14:15:00,7.764,7.782,7.763,7.779,16544938,128631377.97
2026-01-05 14:30:00,7.778,7.782,7.777,7.781,13172727,102483816.06
2026-01-05 14:45:00,7.781,7.785,7.775,7.776,16857094,131125715.19
2026-01-05 15:00:00,7.777,7.794,7.775,7.793,33775141,263018281.35
2026-01-06 09:45:00,7.797,7.873,7.797,7.869,97554775,765447282.91
2026-01-06 10:00:00,7.869,7.888,7.86,7.87,56483720,444677499.65
2026-01-06 10:15:00,7.87,7.89,7.86,7.879,31194054,245694767.32
2026-01-06 10:30:00,7.879,7.899,7.867,7.872,15105865,119024145.62
2026-01-06 10:45:00,7.871,7.881,7.838,7.851,14092865,110722942.68
2026-01-06 11:00:00,7.85,7.881,7.845,7.875,7314691,57544674.1
2026-01-06 11:15:00,7.876,7.889,7.866,7.888,4609329,36326121.85
2026-01-06 11:30:00,7.889,7.905,7.883,7.895,14895468,117589789.55
2026-01-06 13:15:00,7.895,7.91,7.892,7.909,10757558,85024152.58
2026-01-06 13:30:00,7.91,7.923,7.907,7.922,12276432,97196604.29
2026-01-06 13:45:00,7.922,7.926,7.893,7.894,13798410,109067232.11
2026-01-06 14:00:00,7.894,7.914,7.881,7.908,10434490,82442905.49
2026-01-06 14:15:00,7.908,7.938,7.902,7.938,8699492,68952173.59
2026-01-06 14:30:00,7.937,7.96,7.936,7.955,12888435,102467354.4
2026-01-06 14:45:00,7.955,7.956,7.945,7.947,18003595,143116577.85
2026-01-06 15:00:00,7.947,7.965,7.942,7.964,27967508,222537461.16
2026-01-07 09:45:00,7.969,8.011,7.954,7.998,67819494,541719511.57
2026-01-07 10:00:00,7.997,8.031,7.995,8.008,30345046,243104278.52
2026-01-07 10:15:00,8.01,8.023,7.997,8.022,15683690,125689091.66
2026-01-07 10:30:00,8.022,8.028,7.981,8.0,32632361,261156785.08
2026-01-07 10:45:00,8.0,8.014,7.993,8.014,16564251,132629957.76
2026-01-07 11:00:00,8.014,8.018,8.003,8.013,14459916,115843207.05
2026-01-07 11:15:00,8.013,8.031,8.009,8.014,9411648,75462593.66
2026-01-07 11:30:00,8.014,8.04,8.014,8.03,10001396,80291207.09
2026-01-07 13:15:00,8.031,8.032,7.998,8.009,16205833,129857339.83
2026-01-07 13:30:00,8.01,8.018,7.973,7.982,20233870,161688855.17
2026-01-07 13:45:00,7.981,8.003,7.964,7.974,23326593,186153987.67
2026-01-07 14:00:00,7.973,7.994,7.966,7.993,19413179,155001292.2
2026-01-07 14:15:00,7.993,8.023,7.992,8.018,20279342,162457808.76
2026-01-07 14:30:00,8.018,8.021,8.003,8.004,28207506,225923318.06
2026-01-07 14:45:00,8.008,8.008,7.984,7.989,43096649,344500246.56
2026-01-07 15:00:00,7.989,8.005,7.988,8.0,63906029,511099117.93
2026-01-08 09:45:00,7.974,8.024,7.972,8.012,42332562,338773382.83
2026-01-08 10:00:00,8.011,8.045,8.009,8.044,32523645,261251599.07
2026-01-08 10:15:00,8.045,8.058,8.035,8.036,31257957,251407748.15
2026-01-08 10:30:00,8.037,8.047,8.022,8.033,18115873,145542923.68
2026-01-08 10:45:00,8.033,8.045,8.023,8.044,19715743,158461998.41
2026-01-08 11:00:00,8.044,8.078,8.043,8.071,19839333,159984381.31
2026-01-08 11:15:00,8.071,8.073,8.035,8.041,17716171,142609271.16
2026-01-08 11:30:00,8.04,8.063,8.035,8.05,10921114,87907686.96
2026-01-08 13:15:00,8.049,8.07,8.042,8.055,21886128,176307351.79
2026-01-08 13:30:00,8.054,8.07,8.048,8.048,23926811,192738438.21
2026-01-08 13:45:00,8.049,8.049,8.02,8.029,27374479,219890064.98
2026-01-08 14:00:00,8.028,8.047,8.021,8.044,8903817,71562945.17
2026-01-08 14:15:00,8.045,8.045,7.983,7.984,40900965,327371323.86
2026-01-08 14:30:00,7.984,8.027,7.983,8.025,19679167,157662926.28
2026-01-08 14:45:00,8.025,8.035,8.019,8.024,9886067,79345573.74
2026-01-08 15:00:00,8.025,8.027,8.012,8.024,37251229,298792107.81
2026-01-09 09:45:00,8.024,8.085,8.023,8.083,59120012,476724070.1
2026-01-09 10:00:00,8.084,8.167,8.082,8.163,35413501,288171462.14
2026-01-09 10:15:00,8.163,8.194,8.162,8.179,37452477,306298841.07
2026-01-09 10:30:00,8.18,8.201,8.171,8.189,29252877,239493304.0
2026-01-09 10:45:00,8.189,8.213,8.182,8.212,19554581,160393191.56
2026-01-09 11:00:00,8.212,8.218,8.188,8.199,27551778,225970499.23
2026-01-09 11:15:00,8.201,8.202,8.117,8.162,38831133,316874988.99
2026-01-09 11:30:00,8.162,8.172,8.125,8.128,29558036,240651676.43
2026-01-09 13:15:00,8.128,8.155,8.103,8.153,22707034,184767135.66
2026-01-09 13:30:00,8.152,8.162,8.121,8.158,17312525,141045141.18
2026-01-09 13:45:00,8.158,8.184,8.147,8.172,17962046,146708004.38
2026-01-09 14:00:00,8.172,8.181,8.155,8.178,21369474,174617095.21
2026-01-09 14:15:00,8.179,8.189,8.155,8.167,19304959,157727950.02
2026-01-09 14:30:00,8.167,8.203,8.153,8.191,21666414,177281821.49
2026-01-09 14:45:00,8.192,8.223,8.179,8.214,56622213,464604131.74
2026-01-09 15:00:00,8.214,8.223,8.201,8.217,71524467,587478130.45
2026-01-12 09:45:00,8.27,8.335,8.237,8.24,101312675,837923364.03
2026-01-12 10:00:00,8.241,8.29,8.235,8.275,45945820,379818778.67
2026-01-12 10:15:00,8.275,8.323,8.264,8.321,24600201,204247268.84
2026-01-12 10:30:00,8.322,8.327,8.268,8.268,22494004,186422807.15
2026-01-12 10:45:00,8.267,8.297,8.255,8.293,18097414,149876750.28
2026-01-12 11:00:00,8.293,8.307,8.281,8.287,15789494,130921221.08
2026-01-12 11:15:00,8.289,8.32,8.274,8.319,16772564,139284962.31
2026-01-12 11:30:00,8.319,8.378,8.316,8.374,21555325,180116295.7
2026-01-12 13:15:00,8.374,8.38,8.321,8.321,23516409,196142528.67
2026-01-12 13:30:00,8.321,8.353,8.29,8.349,21652178,180377077.53
2026-01-12 13:45:00,8.35,8.369,8.336,8.36,35745490,298653568.95
2026-01-12 14:00:00,8.362,8.396,8.359,8.396,52099630,436785931.38
2026-01-12 14:15:00,8.396,8.416,8.384,8.414,61397411,516024773.65
2026-01-12 14:30:00,8.415,8.448,8.395,8.442,40975700,345356858.17
2026-01-12 14:45:00,8.442,8.445,8.388,8.417,35435507,298248850.58
2026-01-12 15:00:00,8.417,8.425,8.406,8.415,34130034,287215612.79
2026-01-13 09:45:00,8.437,8.44,8.29,8.36,100252950,838448838.5
2026-01-13 10:00:00,8.356,8.381,8.305,8.343,56477636,471192917.15
2026-01-13 10:15:00,8.343,8.387,8.33,8.336,38551589,321944319.74
2026-01-13 10:30:00,8.336,8.344,8.309,8.321,33609638,279789033.14
2026-01-13 10:45:00,8.321,8.335,8.29,8.326,28864911,240069464.79
2026-01-13 11:00:00,8.33,8.37,8.325,8.36,20725135,173089419.14
2026-01-13 11:15:00,8.365,8.396,8.351,8.388,19453767,162990144.51
2026-01-13 11:30:00,8.389,8.407,8.356,8.356,22775076,190695711.35
2026-01-13 13:15:00,8.361,8.376,8.318,8.319,25225663,210323169.54
2026-01-13 13:30:00,8.321,8.327,8.302,8.316,16421946,136548480.99
2026-01-13 13:45:00,8.317,8.328,8.282,8.326,24303210,202008281.52
2026-01-13 14:00:00,8.326,8.358,8.316,8.34,17913885,149365973.13
2026-01-13 14:15:00,8.341,8.353,8.29,8.306,18861766,156860733.31
2026-01-13 14:30:00,8.306,8.327,8.285,8.301,20371231,169169492.63
2026-01-13 14:45:00,8.301,8.324,8.278,8.278,22806468,189141641.28
2026-01-13 15:00:00,8.28,8.313,8.259,8.306,57419112,476157556.11
2026-01-14 09:45:00,8.308,8.424,8.308,8.422,88235181,739822580.96
2026-01-14 10:00:00,8.422,8.445,8.373,8.441,97957735,824771476.12
2026-01-14 10:15:00,8.442,8.488,8.44,8.475,133214506,1128016031.97
2026-01-14 10:30:00,8.476,8.514,8.472,8.509,119429528,1014951938.79
2026-01-14 10:45:00,8.509,8.522,8.488,8.517,79743802,678540011.22
2026-01-14 11:00:00,8.517,8.53,8.496,8.518,51483855,438367864.04
2026-01-14 11:15:00,8.518,8.536,8.509,8.524,44151398,376302365.15
2026-01-14 11:30:00,8.522,8.532,8.51,8.524,47678517,406316321.87
2026-01-14 13:15:00,8.523,8.524,8.336,8.336,146083834,1226909427.15
2026-01-14 13:30:00,8.337,8.388,8.295,8.388,84116763,702963788.39
2026-01-14 13:45:00,8.387,8.416,8.365,8.369,31211356,261655201.13
2026-01-14 14:00:00,8.368,8.371,8.269,8.272,92429111,767531337.74
2026-01-14 14:15:00,8.272,8.378,8.25,8.374,81710626,680976357.08
2026-01-14 14:30:00,8.371,8.409,8.352,8.4,39968244,335213662.43
2026-01-14 14:45:00,8.402,8.408,8.338,8.354,114582239,958671399.63
2026-01-14 15:00:00,8.354,8.367,8.341,8.367,97079517,811422962.92
2026-01-15 09:45:00,8.3,8.369,8.285,8.33,98141576,817323044.93
2026-01-15 10:00:00,8.331,8.382,8.312,8.371,86607466,723605378.43
2026-01-15 10:15:00,8.373,8.39,8.343,8.36,163143575,1364587242.49
2026-01-15 10:30:00,8.365,8.371,8.313,8.32,249896486,2082803911.98
2026-01-15 10:45:00,8.321,8.344,8.306,8.313,156316734,1300711543.61
2026-01-15 11:00:00,8.308,8.33,8.299,8.301,305486087,2538589382.97
2026-01-15 11:15:00,8.302,8.326,8.284,8.29,244967342,2033228938.6
2026-01-15 11:30:00,8.291,8.304,8.269,8.287,31432320,260469158.4
2026-01-15 13:15:00,8.286,8.302,8.265,8.301,21938819,181858183.63
2026-01-15 13:30:00,8.301,8.329,8.287,8.316,14758029,122649059.68
2026-01-15 13:45:00,8.316,8.323,8.293,8.313,57331007,476401557.83
2026-01-15 14:00:00,8.313,8.34,8.3,8.304,245977098,2045217577.5
2026-01-15 14:15:00,8.304,8.317,8.274,8.29,268315986,2225323349.22
2026-01-15 14:30:00,8.29,8.334,8.28,8.304,183276573,1522295215.34
2026-01-15 14:45:00,8.3,8.325,8.275,8.31,348967810,2897596049.03
2026-01-15 15:00:00,8.309,8.344,8.293,8.342,690743547,5751361020.17
2026-01-16 09:45:00,8.318,8.353,8.306,8.327,222437491,1852607716.71
2026-01-16 10:00:00,8.328,8.334,8.286,8.289,226519549,1880791815.35
2026-01-16 10:15:00,8.291,8.3,8.26,8.265,274178505,2268827128.88
2026-01-16 10:30:00,8.265,8.296,8.244,8.266,171867057,1421111405.31
2026-01-16 10:45:00,8.269,8.28,8.257,8.27,78315998,647594987.46
2026-01-16 11:00:00,8.268,8.285,8.26,8.27,51330975,424592714.88
2026-01-16 11:15:00,8.27,8.308,8.248,8.249,318292376,2631747462.23
2026-01-16 11:30:00,8.25,8.295,8.244,8.251,192548116,1591089265.21
2026-01-16 13:15:00,8.251,8.282,8.24,8.267,235754436,1948038904.67
2026-01-16 13:30:00,8.266,8.295,8.264,8.287,45903521,380172960.92
2026-01-16 13:45:00,8.287,8.319,8.277,8.311,49525941,411180870.83
2026-01-16 14:00:00,8.309,8.331,8.295,8.308,42155700,350370074.6
2026-01-16 14:15:00,8.308,8.309,8.27,8.279,38143140,316054058.04
2026-01-16 14:30:00,8.279,8.297,8.264,8.291,40412518,334777299.11
2026-01-16 14:45:00,8.291,8.306,8.277,8.286,30742936,254848691.79
2026-01-16 15:00:00,8.286,8.3,8.278,8.295,32626702,270507986.28
2026-01-19 09:45:00,8.27,8.321,8.25,8.318,75775832,628661560.88
2026-01-19 10:00:00,8.318,8.38,8.298,8.38,74675986,623743619.06
2026-01-19 10:15:00,8.38,8.397,8.37,8.376,55758087,467308527.15
2026-01-19 10:30:00,8.377,8.378,8.344,8.349,279187048,2333166160.14
2026-01-19 10:45:00,8.35,8.351,8.311,8.335,233840273,1948435101.39
2026-01-19 11:00:00,8.336,8.357,8.335,8.354,23006048,192069826.07
2026-01-19 11:15:00,8.354,8.37,8.353,8.368,19683946,164629963.03
2026-01-19 11:30:00,8.368,8.379,8.345,8.355,36983279,309167884.68
2026-01-19 13:15:00,8.355,8.378,8.35,8.378,21420544,179261392.55
2026-01-19 13:30:00,8.377,8.386,8.372,8.375,26149588,219072531.73
2026-01-19 13:45:00,8.376,8.386,8.362,8.362,45539141,381162610.17
2026-01-19 14:00:00,8.363,8.366,8.321,8.346,430302219,3590585149.41
2026-01-19 14:15:00,8.346,8.369,8.337,8.368,31206729,260825840.98
2026-01-19 14:30:00,8.368,8.372,8.356,8.366,43603030,364724811.61
2026-01-19 14:45:00,8.366,8.368,8.349,8.35,52128608,435569272.25
2026-01-19 15:00:00,8.351,8.354,8.345,8.347,72325329,603820063.38
2026-01-20 09:45:00,8.356,8.414,8.331,8.337,199419205,1667277499.94
2026-01-20 10:00:00,8.337,8.353,8.313,8.322,169172153,1409091253.05
2026-01-20 10:15:00,8.324,8.325,8.258,8.26,188306795,1559368569.39
2026-01-20 10:30:00,8.26,8.26,8.201,8.225,247224275,2034326150.88
2026-01-20 10:45:00,8.225,8.276,8.201,8.274,155536286,1283226204.93
2026-01-20 11:00:00,8.274,8.278,8.236,8.248,106831798,881789660.69
2026-01-20 11:15:00,8.253,8.27,8.232,8.269,66836915,551872407.16
2026-01-20 11:30:00,8.268,8.298,8.258,8.26,43844030,362677816.16
2026-01-20 13:15:00,8.26,8.272,8.239,8.258,29989927,247606833.95
2026-01-20 13:30:00,8.258,8.296,8.249,8.286,29478408,243992783.02
2026-01-20 13:45:00,8.288,8.301,8.268,8.288,183925898,1523948682.2
2026-01-20 14:00:00,8.288,8.327,8.288,8.297,85769248,712227835.39
2026-01-20 14:15:00,8.298,8.301,8.287,8.298,17410496,144425867.82
2026-01-20 14:30:00,8.301,8.301,8.27,8.279,36023714,298396430.97
2026-01-20 14:45:00,8.279,8.295,8.258,8.295,27142787,224814657.13
2026-01-20 15:00:00,8.294,8.325,8.294,8.325,27343947,227355804.66
2026-01-21 09:45:00,8.282,8.391,8.28,8.376,76975791,642670879.06
2026-01-21 10:00:00,8.376,8.39,8.341,8.363,48719751,407524477.2
2026-01-21 10:15:00,8.362,8.412,8.361,8.408,38826266,325894734.72
2026-01-21 10:30:00,8.409,8.422,8.397,8.421,53286539,448317414.79
2026-01-21 10:45:00,8.422,8.425,8.397,8.403,55128834,463541612.55
2026-01-21 11:00:00,8.404,8.404,8.381,8.389,26690094,223965475.45
2026-01-21 11:15:00,8.388,8.43,8.388,8.414,36583654,307692919.24
2026-01-21 11:30:00,8.414,8.422,8.383,8.383,278940495,2341984396.02
2026-01-21 13:15:00,8.382,8.403,8.378,8.387,208122473,1746008800.15
2026-01-21 13:30:00,8.387,8.395,8.383,8.39,11410788,95728904.13
2026-01-21 13:45:00,8.389,8.412,8.381,8.408,14119793,118610967.8
2026-01-21 14:00:00,8.408,8.424,8.403,8.42,16268357,136909069.73
2026-01-21 14:15:00,8.42,8.43,8.413,8.423,30802006,259414494.53
2026-01-21 14:30:00,8.421,8.428,8.404,8.415,51792515,435868542.07
2026-01-21 14:45:00,8.415,8.427,8.411,8.414,32739932,275582920.95
2026-01-21 15:00:00,8.413,8.435,8.412,8.433,53686824,452400970.24
2026-01-22 09:45:00,8.46,8.496,8.435,8.456,64175159,543071587.18
2026-01-22 10:00:00,8.456,8.467,8.438,8.453,42251552,357138285.21
2026-01-22 10:15:00,8.453,8.466,8.419,8.441,32223227,272028482.33
2026-01-22 10:30:00,8.441,8.452,8.427,8.443,32812817,276962050.69
2026-01-22 10:45:00,8.445,8.455,8.431,8.444,37770646,318910154.39
2026-01-22 11:00:00,8.443,8.445,8.43,8.444,17907712,151135120.04
2026-01-22 11:15:00,8.444,8.449,8.424,8.432,28794852,242884576.62
2026-01-22 11:30:00,8.431,8.431,8.417,8.422,21124920,177942242.8
2026-01-22 13:15:00,8.422,8.436,8.404,8.436,23674741,199467584.51
2026-01-22 13:30:00,8.436,8.443,8.413,8.422,36088456,304081330.26
2026-01-22 13:45:00,8.423,8.439,8.42,8.43,21804404,183803857.59
2026-01-22 14:00:00,8.43,8.44,8.428,8.437,21426452,180732122.62
2026-01-22 14:15:00,8.438,8.452,8.431,8.437,27280041,230243546.04
2026-01-22 14:30:00,8.439,8.448,8.433,8.437,15583892,131517659.22
2026-01-22 14:45:00,8.437,8.448,8.429,8.448,23803500,200941212.5
2026-01-22 15:00:00,8.446,8.475,8.442,8.473,34134515,288891778.62
2026-01-23 09:45:00,8.505,8.554,8.493,8.54,61099064,521113916.86
2026-01-23 10:00:00,8.538,8.572,8.531,8.572,46445413,397495326.26
2026-01-23 10:15:00,8.572,8.607,8.571,8.605,46250743,397494302.26
2026-01-23 10:30:00,8.603,8.605,8.574,8.58,57838451,496620219.77
2026-01-23 10:45:00,8.581,8.61,8.568,8.607,33799249,290504545.15
2026-01-23 11:00:00,8.606,8.608,8.591,8.596,23326902,200572479.03
2026-01-23 11:15:00,8.596,8.623,8.591,8.598,41061262,353291098.25
2026-01-23 11:30:00,8.597,8.611,8.595,8.608,26792503,230540557.48
2026-01-23 13:15:00,8.607,8.64,8.602,8.635,28384561,244835761.67
2026-01-23 13:30:00,8.635,8.656,8.63,8.644,30617567,264637837.44
2026-01-23 13:45:00,8.644,8.663,8.642,8.653,31164847,269659032.81
2026-01-23 14:00:00,8.653,8.677,8.653,8.673,28601377,247907202.04
2026-01-23 14:15:00,8.671,8.688,8.663,8.679,56864051,493390415.84
2026-01-23 14:30:00,8.68,8.689,8.67,8.672,37887566,328750410.18
2026-01-23 14:45:00,8.672,8.686,8.668,8.682,51461972,446621301.0
2026-01-23 15:00:00,8.683,8.725,8.682,8.722,67750064,590080474.09
2026-01-26 09:45:00,8.763,8.787,8.657,8.661,135713670,1180935118.45
2026-01-26 10:00:00,8.659,8.668,8.59,8.616,142767525,1231322313.95
2026-01-26 10:15:00,8.616,8.635,8.597,8.604,190431859,1639999169.71
2026-01-26 10:30:00,8.604,8.617,8.584,8.596,124834120,1073448597.88
2026-01-26 10:45:00,8.596,8.627,8.587,8.598,84559117,727546642.67
2026-01-26 11:00:00,8.597,8.615,8.56,8.564,207687715,1781891365.46
2026-01-26 11:15:00,8.566,8.599,8.55,8.598,120642554,1035394612.61
2026-01-26 11:30:00,8.599,8.606,8.584,8.591,49221315,422991574.0
2026-01-26 13:15:00,8.588,8.602,8.573,8.578,61074116,524280569.78
2026-01-26 13:30:00,8.578,8.585,8.553,8.555,127864742,1095076272.07
2026-01-26 13:45:00,8.555,8.556,8.529,8.531,130745360,1116391047.25
2026-01-26 14:00:00,8.53,8.561,8.517,8.552,84733195,723903929.28
2026-01-26 14:15:00,8.553,8.558,8.536,8.55,41838296,357633754.21
2026-01-26 14:30:00,8.55,8.593,8.545,8.588,19025518,163150158.69
2026-01-26 14:45:00,8.587,8.609,8.581,8.595,71925819,618202414.3
2026-01-26 15:00:00,8.596,8.605,8.561,8.564,73661561,631770654.84
2026-01-27 09:45:00,8.542,8.594,8.48,8.49,169512015,1444468383.82
2026-01-27 10:00:00,8.49,8.501,8.441,8.441,114430829,968199244.17
2026-01-27 10:15:00,8.442,8.504,8.437,8.5,77347616,655933566.22
2026-01-27 10:30:00,8.501,8.52,8.478,8.48,69668307,591669708.58
2026-01-27 10:45:00,8.481,8.548,8.477,8.544,60569976,516237905.45
2026-01-27 11:00:00,8.545,8.554,8.496,8.522,61018373,520120611.45
2026-01-27 11:15:00,8.523,8.53,8.504,8.504,49383437,420384738.04
2026-01-27 11:30:00,8.507,8.525,8.504,8.518,11089636,94435643.63
2026-01-27 13:15:00,8.518,8.565,8.513,8.564,16944753,144832452.14
2026-01-27 13:30:00,8.565,8.577,8.547,8.559,23923785,204811523.38
2026-01-27 13:45:00,8.559,8.597,8.551,8.593,71337653,612100841.96
2026-01-27 14:00:00,8.591,8.664,8.591,8.649,232823792,2010355835.99
2026-01-27 14:15:00,8.65,8.67,8.621,8.64,92411884,798777521.33
2026-01-27 14:30:00,8.64,8.643,8.607,8.623,241272874,2080817689.67
2026-01-27 14:45:00,8.623,8.633,8.593,8.63,139896143,1205718224.47
2026-01-27 15:00:00,8.631,8.637,8.615,8.619,43020191,370991787.12
2026-01-28 09:45:00,8.645,8.661,8.618,8.637,251808194,2175287051.9
2026-01-28 10:00:00,8.637,8.637,8.597,8.608,207687060,1789016334.84
2026-01-28 10:15:00,8.607,8.622,8.596,8.604,103496789,890831361.85
2026-01-28 10:30:00,8.605,8.634,8.601,8.624,47582690,410146926.9
2026-01-28 10:45:00,8.624,8.65,8.619,8.632,71343029,615951931.38
2026-01-28 11:00:00,8.631,8.638,8.605,8.605,259180079,2233095560.66
2026-01-28 11:15:00,8.605,8.632,8.595,8.631,182164586,1570137288.26
2026-01-28 11:30:00,8.63,8.666,8.629,8.664,32908072,284753547.02
2026-01-28 13:15:00,8.665,8.711,8.648,8.675,74855309,649594371.5
2026-01-28 13:30:00,8.675,8.683,8.626,8.635,531635035,4597579782.68
2026-01-28 13:45:00,8.636,8.652,8.631,8.647,53741904,464509190.24
2026-01-28 14:00:00,8.647,8.654,8.641,8.643,51451648,444850948.61
2026-01-28 14:15:00,8.643,8.675,8.639,8.673,27119208,234915619.43
2026-01-28 14:30:00,8.672,8.688,8.663,8.683,14101695,122374509.21
2026-01-28 14:45:00,8.682,8.72,8.653,8.678,561705677,4877664863.84
2026-01-28 15:00:00,8.672,8.697,8.669,8.686,46665664,405244626.18
2026-01-29 09:45:00,8.661,8.752,8.642,8.743,92678066,807442203.68
2026-01-29 10:00:00,8.743,8.754,8.706,8.737,95742631,836056568.1
2026-01-29 10:15:00,8.737,8.743,8.681,8.701,61281201,533657125.38
2026-01-29 10:30:00,8.701,8.705,8.661,8.661,36024394,312535634.21
2026-01-29 10:45:00,8.663,8.706,8.66,8.704,21240029,184575852.01
2026-01-29 11:00:00,8.704,8.727,8.696,8.722,33388297,290979008.36
2026-01-29 11:15:00,8.722,8.728,8.68,8.692,116996041,1017865556.7
2026-01-29 11:30:00,8.692,8.7,8.673,8.677,84532431,734023275.85
2026-01-29 13:15:00,8.677,8.7,8.674,8.683,112735979,979187134.93
2026-01-29 13:30:00,8.682,8.69,8.625,8.627,125063967,1081469810.64
2026-01-29 13:45:00,8.626,8.666,8.622,8.64,47969906,414587907.59
2026-01-29 14:00:00,8.64,8.641,8.574,8.592,333678411,2870412917.56
2026-01-29 14:15:00,8.592,8.619,8.578,8.58,60237500,517580679.17
2026-01-29 14:30:00,8.579,8.64,8.579,8.61,89189216,767889420.02
2026-01-29 14:45:00,8.61,8.627,8.6,8.612,29240613,251849399.77
2026-01-29 15:00:00,8.612,8.616,8.583,8.595,33469013,287766573.77
2026-01-30 09:45:00,8.518,8.594,8.451,8.467,104017474,884564598.9
2026-01-30 10:00:00,8.467,8.494,8.39,8.392,119173739,1004078475.65
2026-01-30 10:15:00,8.394,8.415,8.358,8.375,109525617,918116738.77
2026-01-30 10:30:00,8.375,8.375,8.299,8.3,136614624,1137271206.59
2026-01-30 10:45:00,8.299,8.379,8.232,8.362,266143816,2215469838.99
2026-01-30 11:00:00,8.362,8.38,8.33,8.351,149755089,1251004095.14
2026-01-30 11:15:00,8.351,8.384,8.338,8.381,101336831,847952822.86
2026-01-30 11:30:00,8.38,8.386,8.34,8.374,65388348,547082511.6
2026-01-30 13:15:00,8.378,8.463,8.377,8.462,43088075,363404824.55
2026-01-30 13:30:00,8.463,8.473,8.444,8.47,26711234,226039365.85
2026-01-30 13:45:00,8.469,8.487,8.443,8.478,25295928,214239646.21
2026-01-30 14:00:00,8.478,8.499,8.454,8.457,40860804,346091009.88
2026-01-30 14:15:00,8.457,8.483,8.449,8.465,22597167,191300083.43
2026-01-30 14:30:00,8.463,8.467,8.431,8.437,29789838,251575181.91
2026-01-30 14:45:00,8.439,8.46,8.437,8.45,21027570,177661938.93
2026-01-30 15:00:00,8.45,8.454,8.43,8.437,22551591,190342945.24
2026-02-02 09:45:00,8.33,8.4,8.327,8.332,67785336,566210911.61
2026-02-02 10:00:00,8.327,8.33,8.273,8.317,83370761,692533121.37
2026-02-02 10:15:00,8.317,8.346,8.259,8.26,96262404,797854891.82
2026-02-02 10:30:00,8.26,8.285,8.252,8.264,103568310,856199218.77
2026-02-02 10:45:00,8.264,8.274,8.253,8.264,42432633,350649134.9
2026-02-02 11:00:00,8.265,8.289,8.235,8.242,34981691,288785519.77
2026-02-02 11:15:00,8.243,8.269,8.216,8.267,97604670,805303597.28
2026-02-02 11:30:00,8.268,8.287,8.224,8.227,32251434,265945324.76
2026-02-02 13:15:00,8.227,8.236,8.206,8.221,44094192,362498352.43
2026-02-02 13:30:00,8.221,8.226,8.181,8.185,37325991,305973590.22
2026-02-02 13:45:00,8.186,8.2,8.154,8.158,172566549,1409983749.7
2026-02-02 14:00:00,8.158,8.186,8.114,8.18,328604378,2681411724.48
2026-02-02 14:15:00,8.182,8.218,8.157,8.171,78593574,643052622.47
2026-02-02 14:30:00,8.171,8.174,8.102,8.108,261350881,2124259960.77
2026-02-02 14:45:00,8.108,8.125,8.078,8.079,175143520,1417611650.88
2026-02-02 15:00:00,8.079,8.091,8.045,8.047,291450609,2349383359.15
2026-02-03 09:45:00,8.186,8.267,8.17,8.258,160756629,1323294984.38
2026-02-03 10:00:00,8.257,8.262,8.21,8.262,69029790,569127608.62
2026-02-03 10:15:00,8.261,8.267,8.206,8.213,37748528,310620054.07
2026-02-03 10:30:00,8.214,8.261,8.21,8.22,28985746,238562351.5
2026-02-03 10:45:00,8.221,8.221,8.155,8.159,33442110,273500722.95
2026-02-03 11:00:00,8.159,8.215,8.132,8.198,42093870,344398013.05
2026-02-03 11:15:00,8.198,8.222,8.197,8.21,13245708,108742847.44
2026-02-03 11:30:00,8.21,8.258,8.205,8.251,21005358,173042139.2
2026-02-03 13:15:00,8.254,8.273,8.232,8.248,20443068,168675754.07
2026-02-03 13:30:00,8.248,8.279,8.247,8.279,15334856,126793701.03
2026-02-03 13:45:00,8.279,8.326,8.278,8.318,92566747,768982822.91
2026-02-03 14:00:00,8.318,8.323,8.299,8.315,41976603,348923516.34
2026-02-03 14:15:00,8.316,8.347,8.304,8.34,104789462,872931148.28
2026-02-03 14:30:00,8.34,8.363,8.336,8.357,122909022,1026536151.74
2026-02-03 14:45:00,8.357,8.375,8.351,8.36,82457361,689508452.68
2026-02-03 15:00:00,8.361,8.37,8.359,8.365,49817320,416705276.03
2026-02-04 09:45:00,8.36,8.36,8.303,8.308,139347640,1159883306.15
2026-02-04 10:00:00,8.306,8.323,8.269,8.31,89688051,744470615.33
2026-02-04 10:15:00,8.31,8.35,8.305,8.327,66339160,552428298.37
2026-02-04 10:30:00,8.329,8.351,8.322,8.322,36745129,306148166.45
2026-02-04 10:45:00,8.322,8.331,8.3,8.322,53722676,446847311.41
2026-02-04 11:00:00,8.322,8.322,8.288,8.291,53886211,447273513.37
2026-02-04 11:15:00,8.291,8.305,8.275,8.276,51224166,424409290.03
2026-02-04 11:30:00,8.275,8.295,8.263,8.272,69605145,576098583.45
2026-02-04 13:15:00,8.271,8.293,8.25,8.253,111121759,918458378.72
2026-02-04 13:30:00,8.253,8.299,8.249,8.299,34997931,289864530.52
2026-02-04 13:45:00,8.299,8.305,8.273,8.286,41095771,340601750.05
2026-02-04 14:00:00,8.285,8.303,8.267,8.267,23725452,196423017.11
2026-02-04 14:15:00,8.268,8.339,8.267,8.337,21460467,178429476.13
2026-02-04 14:30:00,8.336,8.353,8.322,8.337,55689609,464302833.44
2026-02-04 14:45:00,8.338,8.386,8.338,8.384,186778344,1563210220.38
2026-02-04 15:00:00,8.385,8.395,8.375,8.393,193369520,1621919077.25
2026-02-05 09:45:00,8.3,8.313,8.258,8.272,69836510,578316139.31
2026-02-05 10:00:00,8.272,8.287,8.21,8.21,65871421,542495066.22
2026-02-05 10:15:00,8.21,8.222,8.193,8.196,148179258,1215613239.55
2026-02-05 10:30:00,8.197,8.198,8.159,8.175,85658167,700455384.28
2026-02-05 10:45:00,8.176,8.222,8.175,8.22,58739419,481996092.51
2026-02-05 11:00:00,8.22,8.22,8.15,8.183,65194950,533577202.45
2026-02-05 11:15:00,8.182,8.212,8.172,8.175,47780998,391151176.63
2026-02-05 11:30:00,8.174,8.209,8.159,8.169,51843215,424025655.48
2026-02-05 13:15:00,8.169,8.191,8.147,8.15,76920707,627878091.01
2026-02-05 13:30:00,8.15,8.187,8.148,8.181,33311956,272225304.43
2026-02-05 13:45:00,8.181,8.221,8.153,8.221,26991759,221287437.54
2026-02-05 14:00:00,8.219,8.253,8.213,8.215,29746271,244722571.52
2026-02-05 14:15:00,8.217,8.27,8.216,8.235,21814513,179758858.62
2026-02-05 14:30:00,8.236,8.238,8.201,8.216,79040754,649583263.29
2026-02-05 14:45:00,8.216,8.265,8.216,8.225,45166523,371961372.41
2026-02-05 15:00:00,8.227,8.241,8.21,8.212,49146828,404036072.99
2026-02-06 09:45:00,8.105,8.181,8.075,8.161,143089015,1164601493.09
2026-02-06 10:00:00,8.162,8.2,8.159,8.179,22709629,185749625.47
2026-02-06 10:15:00,8.179,8.184,8.14,8.17,64289415,524901643.67
2026-02-06 10:30:00,8.169,8.286,8.167,8.274,201242692,1658709348.36
2026-02-06 10:45:00,8.277,8.319,8.267,8.289,135159694,1120699129.42
2026-02-06 11:00:00,8.289,8.299,8.264,8.283,56892733,471185614.71
2026-02-06 11:15:00,8.284,8.31,8.267,8.297,17463322,144794223.81
2026-02-06 11:30:00,8.297,8.316,8.269,8.3,31135725,258270838.88
2026-02-06 13:15:00,8.301,8.33,8.282,8.294,29877421,248042349.14
2026-02-06 13:30:00,8.294,8.312,8.283,8.304,9268152,76922572.22
2026-02-06 13:45:00,8.304,8.316,8.289,8.3,12651208,105026111.75
2026-02-06 14:00:00,8.299,8.312,8.283,8.311,19662943,163241752.79
2026-02-06 14:15:00,8.311,8.323,8.267,8.278,34538455,286300766.31
2026-02-06 14:30:00,8.278,8.298,8.256,8.276,31019138,256735065.51
2026-02-06 14:45:00,8.276,8.282,8.234,8.244,31236988,257809274.29
2026-02-06 15:00:00,8.244,8.256,8.211,8.213,99700067,820199217.85
2026-02-09 09:45:00,8.35,8.383,8.315,8.334,132600143,1106415593.19
2026-02-09 10:00:00,8.334,8.343,8.306,8.333,33941325,282640727.05
2026-02-09 10:15:00,8.334,8.393,8.325,8.383,106852900,894038214.3
2026-02-09 10:30:00,8.384,8.387,8.36,8.375,87494172,732676196.33
2026-02-09 10:45:00,8.375,8.379,8.356,8.376,25893231,216734974.55
2026-02-09 11:00:00,8.376,8.382,8.365,8.378,14025238,117461368.25
2026-02-09 11:15:00,8.378,8.382,8.368,8.379,8959379,75046744.96
2026-02-09 11:30:00,8.379,8.396,8.361,8.365,18604776,155796394.22
2026-02-09 13:15:00,8.366,8.373,8.35,8.365,17280774,144513352.7
2026-02-09 13:30:00,8.365,8.38,8.353,8.377,18114169,151615594.53
2026-02-09 13:45:00,8.378,8.388,8.372,8.375,8932063,74835801.17
2026-02-09 14:00:00,8.376,8.39,8.368,8.387,12299416,103089605.11
2026-02-09 14:15:00,8.388,8.396,8.373,8.377,16520113,138471587.17
2026-02-09 14:30:00,8.377,8.377,8.363,8.373,21079875,176459633.62
2026-02-09 14:45:00,8.373,8.384,8.369,8.384,25041486,209822611.19
2026-02-09 15:00:00,8.384,8.397,8.381,8.396,46623703,391235033.11
2026-02-10 09:45:00,8.395,8.4,8.334,8.335,41722521,348647292.98
2026-02-10 10:00:00,8.335,8.395,8.329,8.376,31905750,266944775.0
2026-02-10 10:15:00,8.377,8.394,8.373,8.392,16266390,136415368.67
2026-02-10 10:30:00,8.392,8.404,8.371,8.374,14318770,120034248.91
2026-02-10 10:45:00,8.374,8.384,8.362,8.367,13629918,114096043.58
2026-02-10 11:00:00,8.366,8.373,8.353,8.364,8389102,70160856.39
2026-02-10 11:15:00,8.367,8.368,8.353,8.355,11216326,93753530.26
2026-02-10 11:30:00,8.355,8.369,8.351,8.361,9114200,76197750.07
2026-02-10 13:15:00,8.361,8.384,8.355,8.378,25758533,215659024.45
2026-02-10 13:30:00,8.376,8.386,8.375,8.379,45315497,379743864.86
2026-02-10 13:45:00,8.379,8.389,8.372,8.382,21494230,180143141.63
2026-02-10 14:00:00,8.382,8.398,8.377,8.397,9767272,81953923.59
2026-02-10 14:15:00,8.398,8.398,8.38,8.388,9249710,77592733.95
2026-02-10 14:30:00,8.388,8.391,8.376,8.384,26920410,225691743.97
2026-02-10 14:45:00,8.384,8.388,8.379,8.384,11629489,97497759.28
2026-02-10 15:00:00,8.384,8.387,8.376,8.377,47644388,399259971.44
2026-02-11 09:45:00,8.355,8.446,8.355,8.441,65166689,548312521.25
2026-02-11 10:00:00,8.444,8.457,8.425,8.428,32132980,271095241.27
2026-02-11 10:15:00,8.428,8.433,8.406,8.416,24425877,205625174.54
2026-02-11 10:30:00,8.416,8.439,8.411,8.434,17222279,145149367.41
2026-02-11 10:45:00,8.434,8.443,8.427,8.442,8354649,70490958.5
2026-02-11 11:00:00,8.443,8.45,8.428,8.434,7163197,60438280.82
2026-02-11 11:15:00,8.434,8.441,8.432,8.435,3791149,31982132.96
2026-02-11 11:30:00,8.435,8.443,8.417,8.441,8041788,67821759.4
2026-02-11 13:15:00,8.439,8.445,8.426,8.43,7649177,64510609.09
2026-02-11 13:30:00,8.43,8.434,8.421,8.426,4507919,37988233.41
2026-02-11 13:45:00,8.427,8.432,8.423,8.427,4825694,40667731.9
2026-02-11 14:00:00,8.427,8.436,8.418,8.426,8178928,68921099.95
2026-02-11 14:15:00,8.425,8.426,8.418,8.422,9047127,76194903.59
2026-02-11 14:30:00,8.421,8.422,8.408,8.409,17118801,144020472.81
2026-02-11 14:45:00,8.409,8.417,8.401,8.402,39201234,329551707.16
2026-02-11 15:00:00,8.402,8.416,8.401,8.413,38408257,323013441.37
2026-02-12 09:45:00,8.41,8.448,8.41,8.423,39408961,332099314.35
2026-02-12 10:00:00,8.423,8.472,8.423,8.468,27791060,234954884.93
2026-02-12 10:15:00,8.468,8.489,8.465,8.465,22021449,186587737.38
2026-02-12 10:30:00,8.464,8.476,8.457,8.466,8666129,73370336.82
2026-02-12 10:45:00,8.466,8.474,8.459,8.46,7256263,61419428.79
2026-02-12 11:00:00,8.461,8.488,8.458,8.48,19227945,162963243.19
2026-02-12 11:15:00,8.481,8.514,8.479,8.514,37634502,319981080.84
2026-02-12 11:30:00,8.513,8.52,8.498,8.502,24071365,204767078.27
2026-02-12 13:15:00,8.498,8.507,8.493,8.498,20891737,177565836.68
2026-02-12 13:30:00,8.497,8.497,8.484,8.495,20427342,173468988.26
2026-02-12 13:45:00,8.496,8.506,8.492,8.505,10377220,88216747.22
2026-02-12 14:00:00,8.505,8.517,8.504,8.516,19610202,166928576.16
2026-02-12 14:15:00,8.516,8.527,8.516,8.519,26009468,221618007.01
2026-02-12 14:30:00,8.52,8.524,8.513,8.517,21977579,187205017.92
2026-02-12 14:45:00,8.517,8.519,8.507,8.51,37462168,318877974.02
2026-02-12 15:00:00,8.511,8.519,8.509,8.518,54783701,466501475.25
2026-02-13 09:45:00,8.474,8.484,8.43,8.482,88714303,750996146.33
2026-02-13 10:00:00,8.482,8.486,8.461,8.484,35597237,301757778.05
2026-02-13 10:15:00,8.483,8.496,8.472,8.476,23685306,200882975.29
2026-02-13 10:30:00,8.476,8.485,8.461,8.461,26876115,227613817.93
2026-02-13 10:45:00,8.462,8.47,8.447,8.46,18368000,155374912.0
2026-02-13 11:00:00,8.46,8.471,8.459,8.463,17777858,150477716.06
2026-02-13 11:15:00,8.463,8.464,8.444,8.444,29961782,253197032.42
2026-02-13 11:30:00,8.444,8.445,8.421,8.441,66579688,561644054.74
2026-02-13 13:15:00,8.441,8.46,8.44,8.447,17726339,149769838.21
2026-02-13 13:30:00,8.447,8.452,8.43,8.43,14468205,122073068.32
2026-02-13 13:45:00,8.431,8.452,8.422,8.45,21477677,181300230.78
2026-02-13 14:00:00,8.45,8.45,8.41,8.429,45027190,379564202.64
2026-02-13 14:15:00,8.429,8.436,8.4,8.403,91035930,765885279.09
2026-02-13 14:30:00,8.402,8.412,8.399,8.407,93631425,787065758.55
2026-02-13 14:45:00,8.407,8.425,8.378,8.378,176780290,1483834827.5
2026-02-13 15:00:00,8.379,8.386,8.361,8.377,249689283,2091064515.36
2026-02-24 09:45:00,8.471,8.475,8.403,8.418,85375772,719888509.5
2026-02-24 10:00:00,8.42,8.451,8.409,8.428,23538765,198416096.44
2026-02-24 10:15:00,8.428,8.5,8.427,8.496,31937163,270646164.98
2026-02-24 10:30:00,8.495,8.497,8.471,8.49,18176082,154242231.85
2026-02-24 10:45:00,8.491,8.495,8.483,8.485,14194051,120474373.54
2026-02-24 11:00:00,8.484,8.504,8.484,8.5,14824986,125953081.06
2026-02-24 11:15:00,8.499,8.528,8.499,8.526,27906664,237699661.73
2026-02-24 11:30:00,8.526,8.534,8.513,8.513,23876733,203429765.16
2026-02-24 13:15:00,8.513,8.518,8.491,8.498,21673651,184276605.35
2026-02-24 13:30:00,8.498,8.5,8.481,8.485,26976706,228996265.0
2026-02-24 13:45:00,8.486,8.495,8.465,8.476,17787200,150811739.73
2026-02-24 14:00:00,8.476,8.491,8.47,8.484,24764395,210043343.59
2026-02-24 14:15:00,8.484,8.494,8.478,8.488,14644636,124284144.19
2026-02-24 14:30:00,8.489,8.49,8.477,8.478,17003305,144216365.24
2026-02-24 14:45:00,8.478,8.478,8.464,8.472,20500463,173666255.56
2026-02-24 15:00:00,8.472,8.479,8.466,8.469,55624343,471212351.0
2026-02-25 09:45:00,8.48,8.555,8.479,8.538,122818187,1046902225.99
2026-02-25 10:00:00,8.538,8.546,8.526,8.532,57248631,488597982.71
2026-02-25 10:15:00,8.533,8.564,8.514,8.559,44531757,380553551.4
2026-02-25 10:30:00,8.559,8.58,8.557,8.576,53565788,459112368.95
2026-02-25 10:45:00,8.576,8.593,8.575,8.591,39822900,341932693.7
2026-02-25 11:00:00,8.591,8.599,8.586,8.596,14275027,122674823.7
2026-02-25 11:15:00,8.596,8.61,8.588,8.608,16795568,144475475.94
2026-02-25 11:30:00,8.607,8.615,8.593,8.614,22503874,193698344.81
2026-02-25 13:15:00,8.614,8.628,8.606,8.612,27943668,240744014.38
2026-02-25 13:30:00,8.612,8.633,8.611,8.625,31282267,269746988.34
2026-02-25 13:45:00,8.625,8.627,8.611,8.624,62021010,534662453.54
2026-02-25 14:00:00,8.623,8.629,8.617,8.619,68080234,586965084.14
2026-02-25 14:15:00,8.618,8.625,8.589,8.592,57164979,491733149.36
2026-02-25 14:30:00,8.592,8.6,8.567,8.575,23964060,205627610.84
2026-02-25 14:45:00,8.575,8.598,8.571,8.595,26463854,227271578.15
2026-02-25 15:00:00,8.595,8.605,8.587,8.603,67402333,579547726.58
2026-02-26 09:45:00,8.623,8.627,8.563,8.573,107905688,926658079.98
2026-02-26 10:00:00,8.573,8.609,8.561,8.608,112297867,964938138.51
2026-02-26 10:15:00,8.608,8.623,8.601,8.612,40337679,347388091.55
2026-02-26 10:30:00,8.612,8.622,8.58,8.584,47812899,410967804.54
2026-02-26 10:45:00,8.585,8.607,8.579,8.599,38071470,327224284.65
2026-02-26 11:00:00,8.6,8.612,8.597,8.606,26640180,229238748.9
2026-02-26 11:15:00,8.607,8.622,8.604,8.622,24376753,210030103.85
2026-02-26 11:30:00,8.622,8.637,8.611,8.636,20330013,175407352.16
2026-02-26 13:15:00,8.636,8.656,8.631,8.647,48971133,423339121.07
2026-02-26 13:30:00,8.647,8.656,8.646,8.654,26652231,230595102.61
2026-02-26 13:45:00,8.653,8.655,8.626,8.642,45542413,393531990.73
2026-02-26 14:00:00,8.641,8.642,8.621,8.621,31392666,270855922.25
2026-02-26 14:15:00,8.622,8.627,8.615,8.617,29512090,254384378.44
2026-02-26 14:30:00,8.618,8.623,8.611,8.617,46871535,403892017.1
2026-02-26 14:45:00,8.617,8.63,8.616,8.626,26807765,231190165.36
2026-02-26 15:00:00,8.627,8.637,8.626,8.631,132035168,1139639546.73
2026-02-27 09:45:00,8.58,8.651,8.58,8.643,119965535,1034662750.86
2026-02-27 10:00:00,8.643,8.672,8.635,8.668,27010009,233861661.26
2026-02-27 10:15:00,8.668,8.684,8.661,8.672,18449510,160000300.56
2026-02-27 10:30:00,8.672,8.687,8.672,8.683,10780316,93580329.76
2026-02-27 10:45:00,8.683,8.685,8.66,8.678,11701004,101498409.03
2026-02-27 11:00:00,8.678,8.697,8.664,8.666,14881204,129104365.5
2026-02-27 11:15:00,8.666,8.698,8.665,8.684,15761066,136842828.7
2026-02-27 11:30:00,8.684,8.691,8.645,8.646,22608450,195804249.3
2026-02-27 13:15:00,8.646,8.667,8.644,8.667,14691410,127217816.33
2026-02-27 13:30:00,8.666,8.704,8.666,8.702,34459924,299479712.84
2026-02-27 13:45:00,8.701,8.723,8.701,8.718,62615859,545634595.33
2026-02-27 14:00:00,8.718,8.726,8.701,8.707,39764006,346397510.93
2026-02-27 14:15:00,8.706,8.728,8.701,8.724,32436932,282774360.87
2026-02-27 14:30:00,8.723,8.723,8.703,8.708,19950321,173793896.34
2026-02-27 14:45:00,8.707,8.713,8.698,8.712,10725813,93396804.33
2026-02-27 15:00:00,8.713,8.739,8.712,8.738,26233534,229010007.31
2026-03-02 09:45:00,8.682,8.773,8.64,8.759,119922222,1046201464.73
2026-03-02 10:00:00,8.759,8.766,8.741,8.752,25293490,221393917.97
2026-03-02 10:15:00,8.752,8.766,8.653,8.654,76936859,668658241.57
2026-03-02 10:30:00,8.656,8.681,8.62,8.663,105529612,913323615.32
2026-03-02 10:45:00,8.663,8.695,8.648,8.695,45804607,397553452.36
2026-03-02 11:00:00,8.695,8.705,8.681,8.689,13586796,118091901.9
2026-03-02 11:15:00,8.689,8.695,8.667,8.668,19816747,171943308.14
2026-03-02 11:30:00,8.668,8.687,8.653,8.678,13985960,121295569.09
2026-03-02 13:15:00,8.677,8.724,8.673,8.72,10095938,87891870.92
2026-03-02 13:30:00,8.72,8.77,8.717,8.752,31113124,272125753.55
2026-03-02 13:45:00,8.752,8.76,8.73,8.748,30777338,269178598.15
2026-03-02 14:00:00,8.746,8.75,8.72,8.725,34597058,302089978.1
2026-03-02 14:15:00,8.725,8.731,8.706,8.726,49329583,430203293.34
2026-03-02 14:30:00,8.726,8.736,8.721,8.733,43742516,381872164.68
2026-03-02 14:45:00,8.736,8.743,8.723,8.733,100659868,879062627.24
2026-03-02 15:00:00,8.733,8.739,8.723,8.732,51204023,447079392.82
2026-03-03 09:45:00,8.74,8.74,8.632,8.642,95062083,824315009.05
2026-03-03 10:00:00,8.642,8.644,8.515,8.517,96997907,830172753.38
2026-03-03 10:15:00,8.517,8.53,8.46,8.476,59968826,509055374.31
2026-03-03 10:30:00,8.478,8.495,8.44,8.466,45783072,387645270.62
2026-03-03 10:45:00,8.467,8.547,8.467,8.52,64537147,549297170.5
2026-03-03 11:00:00,8.52,8.558,8.51,8.557,29402598,251147191.25
2026-03-03 11:15:00,8.557,8.591,8.537,8.537,29637763,253551062.46
2026-03-03 11:30:00,8.537,8.551,8.524,8.539,16500705,140883019.29
2026-03-03 13:15:00,8.538,8.538,8.493,8.527,14530095,123786722.67
2026-03-03 13:30:00,8.526,8.529,8.474,8.477,19809425,168248049.67
2026-03-03 13:45:00,8.476,8.479,8.444,8.459,11548493,97707949.78
2026-03-03 14:00:00,8.459,8.476,8.407,8.409,25618389,215980098.2
2026-03-03 14:15:00,8.409,8.414,8.385,8.386,31952807,268243814.76
2026-03-03 14:30:00,8.386,8.41,8.359,8.409,31730933,266307143.69
2026-03-03 14:45:00,8.409,8.416,8.358,8.363,50172071,420391782.91
2026-03-03 15:00:00,8.364,8.381,8.335,8.374,56537353,472840728.92
2026-03-04 09:45:00,8.241,8.404,8.237,8.38,129573776,1080688483.1
2026-03-04 10:00:00,8.378,8.421,8.373,8.4,50149817,421158163.17
2026-03-04 10:15:00,8.399,8.462,8.399,8.46,39887304,336662141.53
2026-03-04 10:30:00,8.46,8.466,8.393,8.401,45577950,383766339.0
2026-03-04 10:45:00,8.401,8.402,8.325,8.354,38689173,323454382.67
2026-03-04 11:00:00,8.355,8.374,8.348,8.352,13043913,109021024.85
2026-03-04 11:15:00,8.352,8.36,8.301,8.314,22776332,189612963.9
2026-03-04 11:30:00,8.314,8.357,8.303,8.312,12669716,105462715.98
2026-03-04 13:15:00,8.312,8.345,8.297,8.329,23611127,196531150.77
2026-03-04 13:30:00,8.329,8.358,8.305,8.32,16270790,135497715.52
2026-03-04 13:45:00,8.32,8.383,8.315,8.341,23451073,195730472.28
2026-03-04 14:00:00,8.344,8.358,8.326,8.339,16086545,134177871.85
2026-03-04 14:15:00,8.338,8.338,8.291,8.298,27029752,224590209.37
2026-03-04 14:30:00,8.299,8.322,8.297,8.305,19187535,159410040.78
2026-03-04 14:45:00,8.305,8.338,8.3,8.324,26208196,218069662.85
2026-03-04 15:00:00,8.324,8.327,8.312,8.317,22768472,189403329.08
2026-03-05 09:45:00,8.433,8.459,8.377,8.384,67785632,569851213.01
2026-03-05 10:00:00,8.384,8.42,8.365,8.368,78476743,657975172.23
2026-03-05 10:15:00,8.368,8.42,8.368,8.416,34010009,285729422.28
2026-03-05 10:30:00,8.417,8.422,8.401,8.417,14774407,124302010.89
2026-03-05 10:45:00,8.417,8.43,8.386,8.394,48410949,406813341.43
2026-03-05 11:00:00,8.394,8.428,8.388,8.426,29598529,249042023.01
2026-03-05 11:15:00,8.426,8.435,8.391,8.408,32396945,272501503.38
2026-03-05 11:30:00,8.408,8.421,8.401,8.402,50011900,420500055.2
2026-03-05 13:15:00,8.401,8.409,8.387,8.401,35046890,294358829.11
2026-03-05 13:30:00,8.401,8.414,8.395,8.409,16698619,140368591.31
2026-03-05 13:45:00,8.41,8.418,8.381,8.399,16471772,138351903.62
2026-03-05 14:00:00,8.399,8.4,8.369,8.373,13483373,112999654.66
2026-03-05 14:15:00,8.373,8.373,8.323,8.333,40847891,340793954.61
2026-03-05 14:30:00,8.333,8.351,8.311,8.345,23943327,199583592.76
2026-03-05 14:45:00,8.345,8.358,8.33,8.35,23830183,198886707.32
2026-03-05 15:00:00,8.35,8.377,8.348,8.372,26376990,220661106.01
2026-03-06 09:45:00,8.31,8.378,8.31,8.359,42620816,355841192.78
2026-03-06 10:00:00,8.359,8.421,8.359,8.371,37408343,313619078.26
2026-03-06 10:15:00,8.371,8.441,8.37,8.434,32050332,269703543.78
2026-03-06 10:30:00,8.434,8.456,8.423,8.433,30419997,256663654.69
2026-03-06 10:45:00,8.434,8.445,8.424,8.443,17753943,149795935.07
2026-03-06 11:00:00,8.443,8.455,8.434,8.445,7684278,64891166.28
2026-03-06 11:15:00,8.446,8.46,8.445,8.452,15454825,130629332.51
2026-03-06 11:30:00,8.451,8.469,8.446,8.467,10793134,91317109.06
2026-03-06 13:15:00,8.467,8.469,8.428,8.43,11558983,97584787.48
2026-03-06 13:30:00,8.43,8.436,8.414,8.418,12615545,106256530.35
2026-03-06 13:45:00,8.419,8.451,8.417,8.439,13267900,111923581.77
2026-03-06 14:00:00,8.439,8.439,8.421,8.429,8901316,75035126.77
2026-03-06 14:15:00,8.429,8.432,8.418,8.419,7981039,67224291.5
2026-03-06 14:30:00,8.418,8.427,8.412,8.42,11095585,93421127.17
2026-03-06 14:45:00,8.42,8.423,8.414,8.42,19068268,160535748.29
2026-03-06 15:00:00,8.42,8.429,8.415,8.42,39071335,329032735.81
2026-03-09 09:45:00,8.298,8.299,8.146,8.208,158672671,1303919119.39
2026-03-09 10:00:00,8.208,8.219,8.144,8.145,40365328,329757819.54
2026-03-09 10:15:00,8.145,8.196,8.124,8.16,36069131,294324108.96
2026-03-09 10:30:00,8.161,8.195,8.16,8.166,16324982,133434961.21
2026-03-09 10:45:00,8.165,8.216,8.161,8.208,16904496,138532344.72
2026-03-09 11:00:00,8.208,8.237,8.204,8.229,15113238,124281193.82
2026-03-09 11:15:00,8.23,8.247,8.214,8.217,10200277,83907478.6
2026-03-09 11:30:00,8.218,8.254,8.216,8.247,14432919,118912819.64
2026-03-09 13:15:00,8.248,8.301,8.223,8.279,23496044,194257459.78
2026-03-09 13:30:00,8.278,8.308,8.274,8.307,10621190,88116932.64
2026-03-09 13:45:00,8.306,8.34,8.292,8.32,23455996,195091337.4
2026-03-09 14:00:00,8.32,8.348,8.31,8.345,26728078,222760711.41
2026-03-09 14:15:00,8.345,8.38,8.345,8.372,28965913,242319172.85
2026-03-09 14:30:00,8.374,8.377,8.339,8.356,14362938,120035860.51
2026-03-09 14:45:00,8.357,8.378,8.346,8.352,13680349,114349477.17
2026-03-09 15:00:00,8.352,8.359,8.336,8.355,20046100,167384935.0
2026-03-10 09:45:00,8.44,8.486,8.432,8.444,186219704,1574301377.62
2026-03-10 10:00:00,8.444,8.47,8.44,8.442,26000404,219720747.4
2026-03-10 10:15:00,8.442,8.457,8.427,8.455,30608816,258532262.87
2026-03-10 10:30:00,8.455,8.458,8.429,8.433,13196044,111374611.36
2026-03-10 10:45:00,8.433,8.441,8.429,8.431,14142793,119275601.9
2026-03-10 11:00:00,8.432,8.436,8.412,8.421,30735032,258881174.54
2026-03-10 11:15:00,8.421,8.43,8.395,8.395,31388890,263875935.27
2026-03-10 11:30:00,8.396,8.42,8.391,8.418,9388193,78951573.73
2026-03-10 13:15:00,8.418,8.44,8.408,8.437,16434372,138514365.34
2026-03-10 13:30:00,8.438,8.451,8.433,8.447,9712546,82009500.91
2026-03-10 13:45:00,8.448,8.461,8.444,8.46,7831776,66217666.08
2026-03-10 14:00:00,8.46,8.466,8.448,8.465,7811650,66083955.12
2026-03-10 14:15:00,8.465,8.477,8.455,8.458,12642565,106998241.78
2026-03-10 14:30:00,8.457,8.459,8.449,8.459,4997530,42257447.84
2026-03-10 14:45:00,8.459,8.479,8.458,8.479,9883574,83733638.93
2026-03-10 15:00:00,8.479,8.492,8.478,8.48,24579977,208520138.22
2026-03-11 09:45:00,8.489,8.519,8.481,8.497,41862238,355787160.76
2026-03-11 10:00:00,8.499,8.506,8.464,8.472,19809950,168001582.63
2026-03-11 10:15:00,8.472,8.491,8.467,8.489,12306146,104384832.42
2026-03-11 10:30:00,8.491,8.501,8.484,8.486,21345558,181230902.61
2026-03-11 10:45:00,8.486,8.496,8.475,8.492,30222655,256519821.42
2026-03-11 11:00:00,8.492,8.498,8.481,8.491,15782015,133989307.35
2026-03-11 11:15:00,8.491,8.492,8.476,8.483,18387794,155995915.03
2026-03-11 11:30:00,8.481,8.488,8.454,8.478,14035079,118923902.73
2026-03-11 13:15:00,8.478,8.482,8.465,8.466,13168205,111547864.55
2026-03-11 13:30:00,8.466,8.477,8.449,8.451,24742937,209300504.08
2026-03-11 13:45:00,8.449,8.46,8.441,8.456,10935657,92431818.18
2026-03-11 14:00:00,8.457,8.461,8.446,8.46,29764675,251680170.24
2026-03-11 14:15:00,8.46,8.478,8.459,8.475,31918873,270374133.56
2026-03-11 14:30:00,8.475,8.482,8.466,8.476,25121823,212899075.98
2026-03-11 14:45:00,8.476,8.48,8.469,8.47,22215130,188228796.49
2026-03-11 15:00:00,8.47,8.472,8.466,8.469,53609612,454019804.03
2026-03-12 09:45:00,8.452,8.481,8.437,8.478,43795614,370744471.05
2026-03-12 10:00:00,8.478,8.495,8.446,8.458,59969024,507717746.86
2026-03-12 10:15:00,8.458,8.464,8.447,8.456,30799728,260432233.39
2026-03-12 10:30:00,8.456,8.463,8.439,8.446,20926907,176818412.88
2026-03-12 10:45:00,8.446,8.454,8.408,8.419,25017590,210823230.93
2026-03-12 11:00:00,8.42,8.423,8.393,8.399,20473230,172077498.15
2026-03-12 11:15:00,8.399,8.404,8.378,8.378,29238604,245214425.55
2026-03-12 11:30:00,8.379,8.385,8.36,8.361,22766217,190522881.33
2026-03-12 13:15:00,8.361,8.38,8.355,8.358,9473722,79241368.72
2026-03-12 13:30:00,8.358,8.369,8.354,8.361,6582023,55034488.31
2026-03-12 13:45:00,8.364,8.409,8.362,8.406,12790933,107345773.38
2026-03-12 14:00:00,8.406,8.42,8.389,8.415,7648441,64308091.93
2026-03-12 14:15:00,8.416,8.428,8.412,8.421,8053919,67816682.62
2026-03-12 14:30:00,8.422,8.423,8.405,8.415,6658188,56024213.23
2026-03-12 14:45:00,8.415,8.438,8.411,8.426,10055411,84716837.67
2026-03-12 15:00:00,8.426,8.427,8.422,8.427,11372872,95820237.56
2026-03-13 09:45:00,8.362,8.401,8.334,8.348,38014391,317838323.15
2026-03-13 10:00:00,8.349,8.426,8.347,8.398,19552316,164050448.68
2026-03-13 10:15:00,8.4,8.447,8.396,8.402,14059216,118308302.64
2026-03-13 10:30:00,8.401,8.414,8.386,8.411,6159326,51760922.6
2026-03-13 10:45:00,8.412,8.43,8.411,8.424,10350947,87172225.32
2026-03-13 11:00:00,8.423,8.423,8.4,8.403,3372021,28354200.58
2026-03-13 11:15:00,8.404,8.405,8.37,8.37,4805000,40273908.33
2026-03-13 11:30:00,8.369,8.375,8.361,8.366,5397608,45163585.34
2026-03-13 13:15:00,8.367,8.386,8.365,8.372,5871023,49165903.61
2026-03-13 13:30:00,8.372,8.378,8.355,8.355,4005371,33495582.55
2026-03-13 13:45:00,8.354,8.386,8.354,8.375,3149888,26369812.37
2026-03-13 14:00:00,8.376,8.385,8.349,8.35,8471700,70834707.6
2026-03-13 14:15:00,8.35,8.36,8.348,8.355,9749493,81450514.35
2026-03-13 14:30:00,8.354,8.354,8.325,8.33,17535754,146183890.6
2026-03-13 14:45:00,8.33,8.335,8.299,8.3,22778454,189319324.01
2026-03-13 15:00:00,8.3,8.316,8.29,8.313,24956592,207297772.02
2026-03-16 09:45:00,8.298,8.308,8.17,8.177,43177123,354843989.19
2026-03-16 10:00:00,8.177,8.228,8.17,8.2,23214161,190340644.09
2026-03-16 10:15:00,8.2,8.2,8.172,8.196,24543395,200994042.79
2026-03-16 10:30:00,8.198,8.22,8.148,8.158,26749177,218683438.37
2026-03-16 10:45:00,8.158,8.166,8.137,8.139,24533100,199879343.4
2026-03-16 11:00:00,8.14,8.152,8.124,8.137,31108824,253153240.1
2026-03-16 11:15:00,8.139,8.143,8.129,8.133,8186921,66600602.34
2026-03-16 11:30:00,8.133,8.187,8.132,8.186,15580767,127268898.44
2026-03-16 13:15:00,8.185,8.257,8.185,8.244,48456850,398735266.37
2026-03-16 13:30:00,8.243,8.261,8.234,8.243,17128068,141238048.73
2026-03-16 13:45:00,8.243,8.262,8.223,8.251,23597050,194565542.93
2026-03-16 14:00:00,8.251,8.251,8.224,8.24,12107198,99743132.86
2026-03-16 14:15:00,8.24,8.247,8.223,8.241,13824517,113872546.53
2026-03-16 14:30:00,8.242,8.262,8.24,8.246,29753381,245445557.66
2026-03-16 14:45:00,8.246,8.248,8.23,8.242,9878880,81401971.2
2026-03-16 15:00:00,8.243,8.261,8.242,8.258,41050109,338813916.32
2026-03-17 09:45:00,8.265,8.29,8.184,8.197,52923459,435224885.66
2026-03-17 10:00:00,8.197,8.259,8.191,8.259,24495847,201755961.17
2026-03-17 10:15:00,8.259,8.275,8.235,8.242,26157994,215820889.16
2026-03-17 10:30:00,8.241,8.249,8.228,8.24,10353900,85305782.1
2026-03-17 10:45:00,8.24,8.258,8.234,8.243,12443008,102592600.96
2026-03-17 11:00:00,8.243,8.243,8.212,8.212,11332700,93181236.97
2026-03-17 11:15:00,8.212,8.216,8.184,8.199,31009759,254269687.21
2026-03-17 11:30:00,8.199,8.207,8.185,8.19,5253800,43049637.2
2026-03-17 13:15:00,8.191,8.209,8.175,8.182,11839881,96952838.88
2026-03-17 13:30:00,8.182,8.195,8.17,8.178,6933815,56725540.52
2026-03-17 13:45:00,8.179,8.181,8.16,8.161,11606261,94792202.34
2026-03-17 14:00:00,8.161,8.163,8.135,8.136,12448373,101387848.63
2026-03-17 14:15:00,8.136,8.139,8.112,8.124,18480484,150153932.5
2026-03-17 14:30:00,8.125,8.136,8.099,8.099,17923267,145381593.06
2026-03-17 14:45:00,8.099,8.118,8.086,8.09,34751023,281413784.25
2026-03-17 15:00:00,8.09,8.097,8.074,8.078,61250022,495083927.83
2026-03-18 09:45:00,8.11,8.129,8.066,8.113,92022554,745628080.88
2026-03-18 10:00:00,8.114,8.115,8.075,8.089,44220505,357876546.96
2026-03-18 10:15:00,8.089,8.097,8.068,8.095,36161956,292429684.19
2026-03-18 10:30:00,8.094,8.11,8.08,8.08,50155973,405761821.57
2026-03-18 10:45:00,8.081,8.088,8.063,8.065,23072021,186237353.51
2026-03-18 11:00:00,8.064,8.075,8.023,8.038,18093314,145566742.23
2026-03-18 11:15:00,8.038,8.071,8.038,8.07,21497206,173260314.62
2026-03-18 11:30:00,8.07,8.09,8.07,8.086,10755543,86926298.53
2026-03-18 13:15:00,8.084,8.115,8.056,8.058,20470402,165325790.02
2026-03-18 13:30:00,8.058,8.097,8.057,8.063,6424917,51864071.66
2026-03-18 13:45:00,8.064,8.115,8.061,8.113,13521491,109474498.3
2026-03-18 14:00:00,8.112,8.129,8.103,8.116,18248054,148101206.26
2026-03-18 14:15:00,8.116,8.147,8.116,8.128,20430658,166108059.76
2026-03-18 14:30:00,8.128,8.166,8.126,8.163,16186470,131946707.95
2026-03-18 14:45:00,8.163,8.168,8.149,8.166,15309573,124941425.25
2026-03-18 15:00:00,8.167,8.168,8.152,8.159,85577409,698283131.64
2026-03-19 09:45:00,8.04,8.073,8.01,8.038,75903936,610292946.75
2026-03-19 10:00:00,8.038,8.048,8.012,8.027,23040546,184992543.83
2026-03-19 10:15:00,8.029,8.037,7.965,7.967,53604134,428279162.62
2026-03-19 10:30:00,7.967,8.009,7.961,8.007,40589312,324403311.27
2026-03-19 10:45:00,8.008,8.048,8.004,8.032,14094143,113147780.0
2026-03-19 11:00:00,8.032,8.037,8.014,8.021,9838645,78945287.48
2026-03-19 11:15:00,8.022,8.042,8.005,8.005,8712529,69851249.17
2026-03-19 11:30:00,8.005,8.033,7.988,8.016,10312181,82624631.57
2026-03-19 13:15:00,8.016,8.016,7.957,7.963,17925802,143023998.89
2026-03-19 13:30:00,7.963,7.972,7.947,7.95,15426022,122734573.04
2026-03-19 13:45:00,7.949,7.968,7.94,7.941,11373875,90418514.96
2026-03-19 14:00:00,7.941,7.982,7.931,7.962,15677596,124767534.83
2026-03-19 14:15:00,7.962,7.997,7.946,7.963,11590405,92360073.98
2026-03-19 14:30:00,7.963,7.973,7.932,7.935,9609336,76362190.08
2026-03-19 14:45:00,7.935,7.946,7.907,7.908,23463846,185841481.6
2026-03-19 15:00:00,7.908,7.953,7.906,7.946,50638026,401812736.31
2026-03-20 09:45:00,7.96,8.012,7.96,7.997,170170525,1359605771.24
2026-03-20 10:00:00,7.998,8.008,7.924,7.955,115841552,922369050.87
2026-03-20 10:15:00,7.955,7.97,7.926,7.927,51773566,411133887.61
2026-03-20 10:30:00,7.927,7.957,7.911,7.939,59559681,472645775.19
2026-03-20 10:45:00,7.939,7.949,7.915,7.921,51692120,409832358.07
2026-03-20 11:00:00,7.921,7.94,7.9,7.902,25462781,201512448.83
2026-03-20 11:15:00,7.902,7.95,7.884,7.949,16084764,127514647.4
2026-03-20 11:30:00,7.948,7.993,7.948,7.986,26767586,213489343.41
2026-03-20 13:15:00,7.986,8.001,7.949,7.949,18237381,145285056.17
2026-03-20 13:30:00,7.949,7.949,7.923,7.936,36437333,289166674.69
2026-03-20 13:45:00,7.937,7.938,7.91,7.914,22268266,176379512.23
2026-03-20 14:00:00,7.914,7.919,7.897,7.9,24430598,193132020.72
2026-03-20 14:15:00,7.9,7.918,7.883,7.886,16746367,132223731.71
2026-03-20 14:30:00,7.886,7.888,7.873,7.877,15323966,120742636.1
2026-03-20 14:45:00,7.877,7.888,7.841,7.842,27617212,216988434.68
2026-03-20 15:00:00,7.842,7.85,7.809,7.813,53220253,416395259.47
2026-03-23 09:45:00,7.701,7.725,7.625,7.662,143418443,1100115070.11
2026-03-23 10:00:00,7.666,7.721,7.658,7.715,36350726,279827888.75
2026-03-23 10:15:00,7.717,7.777,7.711,7.728,26118358,202121266.44
2026-03-23 10:30:00,7.729,7.743,7.694,7.695,16279255,125523908.89
2026-03-23 10:45:00,7.695,7.697,7.66,7.677,38132229,292779254.26
2026-03-23 11:00:00,7.677,7.683,7.634,7.68,51315968,393371105.37
2026-03-23 11:15:00,7.679,7.691,7.63,7.636,11079483,84783897.08
2026-03-23 11:30:00,7.636,7.658,7.625,7.627,15869809,121192441.4
2026-03-23 13:15:00,7.627,7.671,7.59,7.616,32647206,248956710.55
2026-03-23 13:30:00,7.616,7.617,7.56,7.562,21035900,159445110.03
2026-03-23 13:45:00,7.562,7.601,7.538,7.539,40233820,304140856.65
2026-03-23 14:00:00,7.538,7.568,7.51,7.548,44379608,334711003.54
2026-03-23 14:15:00,7.549,7.551,7.474,7.48,43943521,329649646.7
2026-03-23 14:30:00,7.481,7.556,7.463,7.518,50915734,382495965.72
2026-03-23 14:45:00,7.518,7.52,7.475,7.479,40154360,300809695.55
2026-03-23 15:00:00,7.479,7.516,7.46,7.509,62926700,471635616.5
2026-03-24 09:45:00,7.589,7.598,7.49,7.51,66583755,501553231.83
2026-03-24 10:00:00,7.509,7.527,7.464,7.466,34278547,256597776.66
2026-03-24 10:15:00,7.465,7.502,7.456,7.458,22593807,168820925.9
2026-03-24 10:30:00,7.459,7.518,7.437,7.515,31588224,236595797.76
2026-03-24 10:45:00,7.515,7.572,7.508,7.572,33330096,251664444.86
2026-03-24 11:00:00,7.572,7.579,7.532,7.544,29940190,226098334.82
2026-03-24 11:15:00,7.545,7.566,7.519,7.541,24268107,183030062.99
2026-03-24 11:30:00,7.541,7.559,7.537,7.549,38269999,288874709.12
2026-03-24 13:15:00,7.548,7.552,7.491,7.499,22237214,167090426.0
2026-03-24 13:30:00,7.5,7.509,7.471,7.475,11475914,85897216.29
2026-03-24 13:45:00,7.475,7.531,7.471,7.515,19093145,143306781.99
2026-03-24 14:00:00,7.516,7.535,7.507,7.524,12923102,97207573.24
2026-03-24 14:15:00,7.524,7.582,7.522,7.579,28663440,216724269.84
2026-03-24 14:30:00,7.579,7.64,7.576,7.635,100215401,763340709.42
2026-03-24 14:45:00,7.635,7.651,7.624,7.639,55434100,423405655.8
2026-03-24 15:00:00,7.639,7.657,7.636,7.655,60192072,460429222.75
2026-03-25 09:45:00,7.7,7.849,7.698,7.825,157448111,1226625750.1
2026-03-25 10:00:00,7.828,7.879,7.819,7.851,65500017,514153300.11
2026-03-25 10:15:00,7.85,7.862,7.835,7.86,44564270,349933502.8
2026-03-25 10:30:00,7.859,7.863,7.827,7.831,32987636,258634062.12
2026-03-25 10:45:00,7.831,7.842,7.804,7.835,33311039,260725502.25
2026-03-25 11:00:00,7.837,7.848,7.807,7.812,23076746,180513999.46
2026-03-25 11:15:00,7.812,7.817,7.79,7.8,40523073,316174523.24
2026-03-25 11:30:00,7.799,7.81,7.777,7.783,19251323,149967806.17
2026-03-25 13:15:00,7.783,7.826,7.782,7.826,14334920,111974838.43
2026-03-25 13:30:00,7.826,7.842,7.82,7.838,10476115,82062900.83
2026-03-25 13:45:00,7.838,7.84,7.815,7.833,15273997,119585213.85
2026-03-25 14:00:00,7.83,7.836,7.795,7.82,19004757,148560185.47
2026-03-25 14:15:00,7.82,7.827,7.793,7.795,13229459,103255927.49
2026-03-25 14:30:00,7.795,7.814,7.791,7.805,15113494,117935631.51
2026-03-25 14:45:00,7.804,7.819,7.804,7.819,40609733,317324453.66
2026-03-25 15:00:00,7.818,7.829,7.816,7.827,41884646,327705470.3
2026-03-26 09:45:00,7.792,7.831,7.777,7.806,45275183,353357711.59
2026-03-26 10:00:00,7.807,7.828,7.79,7.827,16089719,125741153.98
2026-03-26 10:15:00,7.827,7.835,7.808,7.818,24348215,190411157.37
2026-03-26 10:30:00,7.818,7.82,7.785,7.791,9988757,77898986.26
2026-03-26 10:45:00,7.791,7.805,7.77,7.781,13031960,101458152.59
2026-03-26 11:00:00,7.781,7.789,7.763,7.772,14286444,111072339.95
2026-03-26 11:15:00,7.777,7.783,7.767,7.778,9665600,75159705.6
2026-03-26 11:30:00,7.778,7.78,7.757,7.762,8194800,63643548.4
2026-03-26 13:15:00,7.762,7.764,7.704,7.71,40751790,314848329.54
2026-03-26 13:30:00,7.71,7.719,7.681,7.697,34860054,268387555.75
2026-03-26 13:45:00,7.698,7.724,7.687,7.716,33495015,258213070.64
2026-03-26 14:00:00,7.715,7.717,7.689,7.691,14832821,114197888.88
2026-03-26 14:15:00,7.692,7.716,7.69,7.696,6760053,52056914.8
2026-03-26 14:30:00,7.697,7.7,7.686,7.693,11117823,85529412.34
2026-03-26 14:45:00,7.693,7.706,7.682,7.687,15021675,115541716.88
2026-03-26 15:00:00,7.687,7.708,7.683,7.699,22464525,172901960.75
2026-03-27 09:45:00,7.58,7.693,7.58,7.68,82853866,633914928.77
2026-03-27 10:00:00,7.68,7.716,7.65,7.709,17393125,133782119.79
2026-03-27 10:15:00,7.709,7.742,7.691,7.736,16424921,126849664.88
2026-03-27 10:30:00,7.736,7.743,7.701,7.74,11509976,88949094.53
2026-03-27 10:45:00,7.741,7.76,7.737,7.748,19167400,148515404.33
2026-03-27 11:00:00,7.745,7.775,7.729,7.735,10018308,77605153.2
2026-03-27 11:15:00,7.735,7.769,7.734,7.751,8239398,63866320.36
2026-03-27 11:30:00,7.752,7.771,7.746,7.769,8546982,66341674.28
2026-03-27 13:15:00,7.769,7.843,7.769,7.835,75914420,593321801.91
2026-03-27 13:30:00,7.835,7.852,7.82,7.822,31051614,243175539.77
2026-03-27 13:45:00,7.823,7.848,7.823,7.829,18962496,148539552.0
2026-03-27 14:00:00,7.828,7.837,7.792,7.793,9331300,72852569.53
2026-03-27 14:15:00,7.793,7.807,7.775,7.785,16828352,131076033.73
2026-03-27 14:30:00,7.786,7.805,7.785,7.789,7518252,58589737.84
2026-03-27 14:45:00,7.79,7.798,7.787,7.792,10865715,84669273.19
2026-03-27 15:00:00,7.792,7.807,7.787,7.804,51682860,403091852.76
2026-03-30 09:45:00,7.706,7.784,7.705,7.74,126917475,982722008.92
2026-03-30 10:00:00,7.74,7.743,7.665,7.687,148945108,1146629089.75
2026-03-30 10:15:00,7.688,7.716,7.674,7.692,29083011,223764686.63
2026-03-30 10:30:00,7.692,7.719,7.677,7.709,25363538,195341515.16
2026-03-30 10:45:00,7.711,7.729,7.692,7.721,10446420,80583683.88
2026-03-30 11:00:00,7.724,7.755,7.721,7.753,10744396,83193858.23
2026-03-30 11:15:00,7.753,7.814,7.751,7.796,22030042,171547937.05
2026-03-30 11:30:00,7.796,7.834,7.786,7.83,18887765,147639363.08
2026-03-30 13:15:00,7.834,7.836,7.79,7.8,12522115,97781022.0
2026-03-30 13:30:00,7.8,7.812,7.789,7.792,6714815,52359889.1
2026-03-30 13:45:00,7.79,7.812,7.775,7.775,9346416,72783656.86
2026-03-30 14:00:00,7.775,7.819,7.771,7.814,9495400,74076780.53
2026-03-30 14:15:00,7.814,7.828,7.798,7.812,8972304,70097620.38
2026-03-30 14:30:00,7.814,7.824,7.808,7.815,11847000,92592203.0
2026-03-30 14:45:00,7.816,7.823,7.81,7.821,11345815,88701581.67
2026-03-30 15:00:00,7.82,7.822,7.812,7.819,15580579,121803773.1
2026-03-31 09:45:00,7.805,7.845,7.78,7.829,59309355,463680537.39
2026-03-31 10:00:00,7.83,7.852,7.792,7.852,36858124,288672827.17
2026-03-31 10:15:00,7.851,7.86,7.815,7.832,33960600,266103941.4
2026-03-31 10:30:00,7.834,7.838,7.803,7.807,20716900,161923290.4
2026-03-31 10:45:00,7.807,7.811,7.753,7.764,31908432,248119967.23
2026-03-31 11:00:00,7.764,7.765,7.739,7.74,21732105,168380349.54
2026-03-31 11:15:00,7.74,7.752,7.724,7.725,10806435,83573366.15
2026-03-31 11:30:00,7.725,7.732,7.7,7.717,25646848,197899628.12
2026-03-31 13:15:00,7.717,7.742,7.708,7.711,11505323,88824928.67
2026-03-31 13:30:00,7.71,7.736,7.709,7.736,7425000,57372975.0
2026-03-31 13:45:00,7.736,7.766,7.734,7.738,12091200,93658435.2
2026-03-31 14:00:00,7.738,7.768,7.737,7.748,8686400,67328286.4
2026-03-31 14:15:00,7.749,7.749,7.696,7.7,21254416,163977819.44
2026-03-31 14:30:00,7.701,7.702,7.686,7.687,11682192,89855526.8
2026-03-31 14:45:00,7.688,7.705,7.686,7.693,12724349,97909624.11
2026-03-31 15:00:00,7.692,7.703,7.68,7.681,42092240,323605141.12
2026-04-01 09:45:00,7.815,7.836,7.777,7.798,106171618,828527916.33
2026-04-01 10:00:00,7.799,7.808,7.763,7.764,29896337,232543674.63
2026-04-01 10:15:00,7.765,7.795,7.755,7.788,55200884,429426076.93
2026-04-01 10:30:00,7.787,7.794,7.764,7.764,12050913,93683797.66
2026-04-01 10:45:00,7.765,7.806,7.758,7.795,11250362,87599068.65
2026-04-01 11:00:00,7.795,7.8,7.77,7.792,8187115,63755793.54
2026-04-01 11:15:00,7.792,7.798,7.776,7.782,5492530,42761176.89
2026-04-01 11:30:00,7.786,7.795,7.766,7.773,6903400,53694645.2
2026-04-01 13:15:00,7.773,7.805,7.761,7.801,10139791,78978832.1
2026-04-01 13:30:00,7.801,7.836,7.793,7.835,20275056,158577971.33
2026-04-01 13:45:00,7.835,7.85,7.813,7.817,22017831,172326223.96
2026-04-01 14:00:00,7.819,7.819,7.767,7.775,12209000,95071483.0
2026-04-01 14:15:00,7.775,7.798,7.773,7.786,7623266,59352207.99
2026-04-01 14:30:00,7.786,7.807,7.786,7.801,9204282,71774991.04
2026-04-01 14:45:00,7.801,7.809,7.793,7.807,11990315,93560427.94
2026-04-01 15:00:00,7.808,7.823,7.807,7.809,28055932,219200996.72
2026-04-02 09:45:00,7.771,7.809,7.729,7.765,60055919,466494360.15
2026-04-02 10:00:00,7.765,7.774,7.733,7.769,76992733,597360951.1
2026-04-02 10:15:00,7.768,7.774,7.729,7.731,46068217,356782984.59
2026-04-02 10:30:00,7.731,7.731,7.702,7.712,80051311,617595864.36
2026-04-02 10:45:00,7.713,7.726,7.691,7.716,22061788,170118447.27
2026-04-02 11:00:00,7.716,7.734,7.713,7.722,6668694,51502323.76
2026-04-02 11:15:00,7.723,7.733,7.702,7.707,7756900,59836726.6
2026-04-02 11:30:00,7.708,7.713,7.7,7.704,5254100,40486343.23
2026-04-02 13:15:00,7.701,7.701,7.672,7.68,14912700,114594157.7
2026-04-02 13:30:00,7.679,7.689,7.662,7.683,9638800,74006706.4
2026-04-02 13:45:00,7.683,7.686,7.656,7.669,11896637,91251171.34
2026-04-02 14:00:00,7.669,7.669,7.632,7.634,17987030,137510844.35
2026-04-02 14:15:00,7.634,7.642,7.619,7.64,39481946,301392015.12
2026-04-02 14:30:00,7.643,7.674,7.638,7.659,36838505,282072432.79
2026-04-02 14:45:00,7.659,7.667,7.651,7.656,23488663,179876181.25
2026-04-02 15:00:00,7.656,7.674,7.641,7.673,27280226,209039278.43
2026-04-03 09:45:00,7.697,7.707,7.66,7.668,50226294,385654227.43
2026-04-03 10:00:00,7.668,7.68,7.624,7.632,22678880,173387597.23
2026-04-03 10:15:00,7.634,7.65,7.609,7.611,22058828,168161798.79
2026-04-03 10:30:00,7.61,7.643,7.603,7.642,21626004,164991993.18
2026-04-03 10:45:00,7.643,7.67,7.638,7.639,12471917,95397693.13
2026-04-03 11:00:00,7.639,7.663,7.623,7.623,4899119,37411305.72
2026-04-03 11:15:00,7.623,7.631,7.614,7.616,5795800,44165927.93
2026-04-03 11:30:00,7.616,7.621,7.596,7.605,10208180,77657027.99
2026-04-03 13:15:00,7.605,7.609,7.588,7.6,6079746,46199989.85
2026-04-03 13:30:00,7.599,7.603,7.581,7.596,12742052,96754648.19
2026-04-03 13:45:00,7.596,7.643,7.591,7.637,10832300,82581844.43
2026-04-03 14:00:00,7.637,7.641,7.62,7.64,11814339,90186725.81
2026-04-03 14:15:00,7.64,7.66,7.608,7.626,12471792,95176402.02
2026-04-03 14:30:00,7.626,7.626,7.607,7.61,5099300,38827769.97
2026-04-03 14:45:00,7.612,7.617,7.594,7.604,7428728,56495476.44
2026-04-03 15:00:00,7.604,7.611,7.596,7.605,24343600,185108734.4
2026-04-07 09:45:00,7.617,7.686,7.617,7.683,103498137,793002725.69
2026-04-07 10:00:00,7.683,7.701,7.662,7.678,66009304,506973457.82
2026-04-07 10:15:00,7.678,7.694,7.668,7.677,18709692,143684198.0
2026-04-07 10:30:00,7.677,7.687,7.646,7.666,9440902,72377101.7
2026-04-07 10:45:00,7.667,7.678,7.651,7.666,10659615,81705948.97
2026-04-07 11:00:00,7.666,7.677,7.649,7.658,6242437,47825390.67
2026-04-07 11:15:00,7.658,7.665,7.637,7.639,4238937,32415151.24
2026-04-07 11:30:00,7.639,7.64,7.602,7.608,11842200,90198090.0
2026-04-07 13:15:00,7.608,7.636,7.606,7.607,5431355,41367010.13
2026-04-07 13:30:00,7.607,7.619,7.6,7.617,8879303,67589254.44
2026-04-07 13:45:00,7.618,7.64,7.613,7.625,7298100,55655310.6
2026-04-07 14:00:00,7.624,7.654,7.623,7.652,20783872,158851133.7
2026-04-07 14:15:00,7.652,7.66,7.632,7.633,15372729,117473270.78
2026-04-07 14:30:00,7.633,7.645,7.632,7.636,6990878,53393995.87
2026-04-07 14:45:00,7.636,7.637,7.612,7.621,10639715,81110094.02
2026-04-07 15:00:00,7.621,7.633,7.62,7.631,22094579,168537448.61
2026-04-08 09:45:00,7.82,7.901,7.815,7.873,427298837,3359850755.33
2026-04-08 10:00:00,7.873,7.899,7.858,7.871,241755663,1904067601.79
2026-04-08 10:15:00,7.872,7.893,7.86,7.886,69585437,548310048.41
2026-04-08 10:30:00,7.887,7.898,7.868,7.896,63010230,496982687.42
2026-04-08 10:45:00,7.896,7.924,7.894,7.919,52113135,412336495.16
2026-04-08 11:00:00,7.918,7.935,7.914,7.923,29695530,235307379.72
2026-04-08 11:15:00,7.924,7.95,7.924,7.95,20361845,161700198.43
2026-04-08 11:30:00,7.949,7.955,7.932,7.947,30585582,242992253.8
2026-04-08 13:15:00,7.948,7.956,7.946,7.956,13972517,111118770.2
2026-04-08 13:30:00,7.956,7.985,7.956,7.967,21129568,168388570.58
2026-04-08 13:45:00,7.967,8.005,7.962,8.001,17744050,141763130.13
2026-04-08 14:00:00,8.001,8.015,7.998,7.998,42703781,341786828.53
2026-04-08 14:15:00,8.0,8.014,7.995,8.001,23485544,187962637.15
2026-04-08 14:30:00,8.001,8.005,7.993,8.004,19895681,159178711.79
2026-04-08 14:45:00,8.004,8.015,8.003,8.013,33716759,270082478.51
2026-04-08 15:00:00,8.013,8.029,8.01,8.028,47950364,384673803.46
2026-04-09 09:45:00,7.961,7.961,7.908,7.945,93465958,741932774.6
2026-04-09 10:00:00,7.945,7.989,7.93,7.976,45257918,360479316.87
2026-04-09 10:15:00,7.977,7.997,7.97,7.986,49184901,392708644.55
2026-04-09 10:30:00,7.985,8.005,7.983,7.993,47633478,380766145.31
2026-04-09 10:45:00,7.993,8.009,7.983,8.003,45169626,361281725.29
2026-04-09 11:00:00,8.003,8.009,7.994,7.994,24587300,196673812.7
2026-04-09 11:15:00,7.994,7.996,7.967,7.973,14743927,117636878.89
2026-04-09 11:30:00,7.973,7.984,7.961,7.963,8906026,70975089.87
2026-04-09 13:15:00,7.963,7.972,7.94,7.943,27573475,219255082.04
2026-04-09 13:30:00,7.943,7.954,7.933,7.952,32438660,257768405.25
2026-04-09 13:45:00,7.952,7.976,7.948,7.976,41302680,329044684.0
2026-04-09 14:00:00,7.976,7.981,7.96,7.968,24106050,192117183.15
2026-04-09 14:15:00,7.969,7.982,7.968,7.971,38312449,305490697.51
2026-04-09 14:30:00,7.972,7.977,7.965,7.968,27966012,222889115.64
2026-04-09 14:45:00,7.968,7.968,7.951,7.954,67604425,537973479.34
2026-04-09 15:00:00,7.954,7.973,7.953,7.968,54572935,434655236.3
2026-04-10 09:45:00,8.015,8.096,8.015,8.091,60568368,488625214.11
2026-04-10 10:00:00,8.091,8.136,8.086,8.135,50193195,407518550.2
2026-04-10 10:15:00,8.135,8.149,8.112,8.119,45238112,367635056.85
2026-04-10 10:30:00,8.119,8.128,8.099,8.1,16597548,134589516.73
2026-04-10 10:45:00,8.1,8.107,8.075,8.075,14176754,114628507.26
2026-04-10 11:00:00,8.074,8.102,8.072,8.092,10041660,81223640.52
2026-04-10 11:15:00,8.093,8.093,8.061,8.062,11867536,95794750.59
2026-04-10 11:30:00,8.062,8.081,8.055,8.056,22041405,177741889.92
2026-04-10 13:15:00,8.055,8.081,8.05,8.051,14219351,114617448.63
2026-04-10 13:30:00,8.052,8.067,8.049,8.053,7049999,56797141.94
2026-04-10 13:45:00,8.053,8.073,8.048,8.072,8675239,69960019.04
2026-04-10 14:00:00,8.072,8.095,8.071,8.084,15758667,127382558.25
2026-04-10 14:15:00,8.084,8.092,8.071,8.073,9824791,79371211.56
2026-04-10 14:30:00,8.072,8.073,8.057,8.059,18627348,150192306.92
2026-04-10 14:45:00,8.059,8.064,8.046,8.046,17576120,141522918.24
2026-04-10 15:00:00,8.046,8.048,8.033,8.036,57578811,462876061.63
2026-04-13 09:45:00,7.985,8.046,7.978,8.02,74802941,599520637.8
2026-04-13 10:00:00,8.02,8.059,8.002,8.058,35366417,284334203.87
2026-04-13 10:15:00,8.059,8.059,8.032,8.048,13252404,106633260.05
2026-04-13 10:30:00,8.049,8.053,8.03,8.048,7891203,63474206.53
2026-04-13 10:45:00,8.05,8.056,8.039,8.039,7528516,60564401.71
2026-04-13 11:00:00,8.039,8.04,8.011,8.023,15545747,124749437.76
2026-04-13 11:15:00,8.023,8.03,8.01,8.015,8059060,64620229.43
2026-04-13 11:30:00,8.015,8.022,8.008,8.021,13490346,108152103.88
2026-04-13 13:15:00,8.022,8.034,8.011,8.02,8597055,68962709.53
2026-04-13 13:30:00,8.018,8.041,8.017,8.04,10436437,83832419.61
2026-04-13 13:45:00,8.041,8.055,8.036,8.052,31364544,252411395.26
2026-04-13 14:00:00,8.052,8.053,8.04,8.044,10822794,87076592.93
2026-04-13 14:15:00,8.044,8.056,8.041,8.041,8837100,71103306.6
2026-04-13 14:30:00,8.042,8.044,8.036,8.043,12250702,98507894.78
2026-04-13 14:45:00,8.043,8.043,8.023,8.03,85923587,690138250.78
2026-04-13 15:00:00,8.031,8.033,8.025,8.029,133559442,1072348759.82
2026-04-14 09:45:00,8.11,8.125,8.068,8.089,52357213,423779282.02
2026-04-14 10:00:00,8.09,8.135,8.08,8.114,31987857,259410857.65
2026-04-14 10:15:00,8.116,8.132,8.096,8.131,20594200,167218039.27
2026-04-14 10:30:00,8.131,8.135,8.117,8.132,11868231,96464981.57
2026-04-14 10:45:00,8.132,8.133,8.106,8.125,14405002,116987822.91
2026-04-14 11:00:00,8.125,8.139,8.117,8.12,26451368,214926182.12
2026-04-14 11:15:00,8.12,8.128,8.113,8.124,10023296,81405869.01
2026-04-14 11:30:00,8.124,8.138,8.119,8.136,9512881,77349235.41
2026-04-14 13:15:00,8.136,8.139,8.102,8.11,48240074,391564680.66
2026-04-14 13:30:00,8.109,8.111,8.081,8.088,11567100,93616396.0
2026-04-14 13:45:00,8.089,8.094,8.067,8.091,24572084,198640727.06
2026-04-14 14:00:00,8.091,8.093,8.07,8.086,6085903,49192353.95
2026-04-14 14:15:00,8.086,8.096,8.084,8.087,20554297,166263708.43
2026-04-14 14:30:00,8.087,8.1,8.086,8.094,40354003,326598397.61
2026-04-14 14:45:00,8.095,8.145,8.094,8.143,49160231,399541584.08
2026-04-14 15:00:00,8.144,8.162,8.142,8.158,59080017,481738458.62
2026-04-15 09:45:00,8.22,8.235,8.19,8.202,94179206,773117102.05
2026-04-15 10:00:00,8.202,8.222,8.186,8.203,37013436,303645891.13
2026-04-15 10:15:00,8.203,8.218,8.179,8.192,13667388,112022467.84
2026-04-15 10:30:00,8.192,8.198,8.175,8.175,10328092,84511334.14
2026-04-15 10:45:00,8.175,8.191,8.163,8.19,19808335,162058591.41
2026-04-15 11:00:00,8.19,8.19,8.162,8.163,11110300,90789668.17
2026-04-15 11:15:00,8.163,8.163,8.143,8.159,15576402,127025558.31
2026-04-15 11:30:00,8.159,8.173,8.146,8.168,8232856,67199314.96
2026-04-15 13:15:00,8.169,8.179,8.157,8.16,13418142,109563602.14
2026-04-15 13:30:00,8.159,8.16,8.138,8.142,17133115,139577776.87
2026-04-15 13:45:00,8.142,8.15,8.131,8.139,23239419,189168870.66
2026-04-15 14:00:00,8.14,8.143,8.124,8.135,23004248,187116553.23
2026-04-15 14:15:00,8.137,8.146,8.113,8.113,28176644,228907055.86
2026-04-15 14:30:00,8.114,8.125,8.106,8.121,16119525,130847557.6
2026-04-15 14:45:00,8.121,8.125,8.098,8.101,35342840,286559746.72
2026-04-15 15:00:00,8.101,8.117,8.095,8.111,41968041,340262887.08
2026-04-16 09:45:00,8.13,8.188,8.125,8.174,45341909,370095775.23
2026-04-16 10:00:00,8.174,8.205,8.166,8.2,38440135,314837519.03
2026-04-16 10:15:00,8.201,8.219,8.197,8.211,35436407,290897465.06
2026-04-16 10:30:00,8.212,8.212,8.19,8.192,24720048,202654953.5
2026-04-16 10:45:00,8.192,8.212,8.192,8.201,37355061,306373758.64
2026-04-16 11:00:00,8.202,8.221,8.196,8.218,43436604,356686913.18
2026-04-16 11:15:00,8.219,8.242,8.208,8.224,26174891,215279753.51
2026-04-16 11:30:00,8.225,8.234,8.222,8.232,7908341,65080374.2
2026-04-16 13:15:00,8.231,8.235,8.2,8.205,20797497,170816775.36
2026-04-16 13:30:00,8.205,8.224,8.201,8.216,32186365,264368073.32
2026-04-16 13:45:00,8.216,8.224,8.205,8.207,24049162,197491718.34
2026-04-16 14:00:00,8.207,8.236,8.206,8.234,10421190,85717761.48
2026-04-16 14:15:00,8.234,8.259,8.227,8.258,35482220,292657350.56
2026-04-16 14:30:00,8.259,8.26,8.248,8.251,25439220,209949882.66
2026-04-16 14:45:00,8.251,8.271,8.251,8.267,50148192,414374510.5
2026-04-16 15:00:00,8.267,8.27,8.246,8.253,30631377,252902858.97
2026-04-17 09:45:00,8.232,8.25,8.21,8.25,51330233,422790019.14
2026-04-17 10:00:00,8.25,8.255,8.23,8.235,20284522,167144461.28
2026-04-17 10:15:00,8.236,8.241,8.216,8.222,26809734,220545808.46
2026-04-17 10:30:00,8.222,8.258,8.22,8.248,31274430,257763852.06
2026-04-17 10:45:00,8.248,8.264,8.245,8.262,36051151,297674353.81
2026-04-17 11:00:00,8.261,8.278,8.253,8.261,23739588,196183955.23
2026-04-17 11:15:00,8.261,8.267,8.253,8.265,8953144,73967891.35
2026-04-17 11:30:00,8.265,8.271,8.246,8.247,47836678,394875831.33
2026-04-17 13:15:00,8.251,8.26,8.235,8.252,29326196,241911790.8
2026-04-17 13:30:00,8.252,8.278,8.248,8.269,30578596,252732095.94
2026-04-17 13:45:00,8.27,8.276,8.261,8.267,20293184,167784045.31
2026-04-17 14:00:00,8.267,8.312,8.266,8.297,49566767,410991109.71
2026-04-17 14:15:00,8.296,8.308,8.283,8.286,20527992,170224952.33
2026-04-17 14:30:00,8.286,8.288,8.27,8.279,18972315,157071795.88
2026-04-17 14:45:00,8.279,8.294,8.273,8.279,24287428,201148478.7
2026-04-17 15:00:00,8.28,8.293,8.279,8.292,23141730,191798658.24
2026-04-20 09:45:00,8.281,8.331,8.278,8.331,43172283,358905579.34
2026-04-20 10:00:00,8.33,8.394,8.328,8.392,128206733,1073261297.52
2026-04-20 10:15:00,8.392,8.392,8.349,8.355,43843183,366762840.19
2026-04-20 10:30:00,8.355,8.386,8.345,8.378,44037574,368579815.19
2026-04-20 10:45:00,8.379,8.383,8.36,8.36,60049777,502476517.34
2026-04-20 11:00:00,8.36,8.379,8.354,8.378,50085332,419230923.95
2026-04-20 11:15:00,8.378,8.383,8.343,8.349,18478049,154445692.89
2026-04-20 11:30:00,8.349,8.374,8.331,8.374,11378762,95122657.4
2026-04-20 13:15:00,8.374,8.379,8.36,8.365,19623230,164207188.64
2026-04-20 13:30:00,8.366,8.374,8.341,8.348,54679827,456813501.37
2026-04-20 13:45:00,8.349,8.356,8.326,8.333,27573881,229920211.07
2026-04-20 14:00:00,8.333,8.351,8.333,8.339,13014081,108550449.62
2026-04-20 14:15:00,8.339,8.35,8.335,8.343,33350538,278232421.69
2026-04-20 14:30:00,8.344,8.354,8.344,8.346,98619264,823273615.87
2026-04-20 14:45:00,8.346,8.357,8.341,8.355,111367334,930028606.23
2026-04-20 15:00:00,8.356,8.36,8.351,8.355,155061786,1295592909.29
2026-04-21 09:45:00,8.351,8.351,8.256,8.297,66699093,553691404.02
2026-04-21 10:00:00,8.297,8.3,8.271,8.3,31394728,260272760.03
2026-04-21 10:15:00,8.3,8.307,8.28,8.282,14241834,118060056.58
2026-04-21 10:30:00,8.282,8.296,8.276,8.29,19398390,160760924.06
2026-04-21 10:45:00,8.291,8.309,8.288,8.303,21938419,182088877.7
2026-04-21 11:00:00,8.303,8.312,8.295,8.306,21032481,174660733.05
2026-04-21 11:15:00,8.307,8.312,8.288,8.295,25941754,215273321.94
2026-04-21 11:30:00,8.295,8.3,8.282,8.287,20511658,170034807.6
2026-04-21 13:15:00,8.285,8.328,8.285,8.328,10569154,87868423.3
2026-04-21 13:30:00,8.328,8.341,8.32,8.328,12208042,101688920.51
2026-04-21 13:45:00,8.33,8.348,8.328,8.344,26067726,217404834.84
2026-04-21 14:00:00,8.343,8.344,8.319,8.32,26393315,219794729.55
2026-04-21 14:15:00,8.32,8.322,8.306,8.307,30405823,252723065.5
2026-04-21 14:30:00,8.308,8.329,8.304,8.329,33982341,282755732.01
2026-04-21 14:45:00,8.329,8.339,8.327,8.33,40277800,335594629.6
2026-04-21 15:00:00,8.33,8.336,8.329,8.333,60281859,502308637.09
2026-04-22 09:45:00,8.283,8.38,8.283,8.378,49193912,410621583.46
2026-04-22 10:00:00,8.378,8.389,8.35,8.353,22558537,188679603.47
2026-04-22 10:15:00,8.353,8.371,8.331,8.364,18754592,156700867.69
2026-04-22 10:30:00,8.364,8.38,8.36,8.373,30179415,252631882.96
2026-04-22 10:45:00,8.375,8.38,8.363,8.369,36876495,308680847.48
2026-04-22 11:00:00,8.369,8.372,8.361,8.369,23552995,197075760.16
2026-04-22 11:15:00,8.37,8.388,8.36,8.371,20725920,173538128.16
2026-04-22 11:30:00,8.371,8.403,8.368,8.4,36575593,306881417.13
2026-04-22 13:15:00,8.4,8.406,8.384,8.401,55553247,466480615.06
2026-04-22 13:30:00,8.401,8.422,8.392,8.422,44590679,375096791.75
2026-04-22 13:45:00,8.421,8.434,8.415,8.415,39129683,329524103.77
2026-04-22 14:00:00,8.415,8.423,8.405,8.418,45934413,386553396.87
2026-04-22 14:15:00,8.418,8.428,8.403,8.403,36589304,307764832.38
2026-04-22 14:30:00,8.403,8.427,8.403,8.422,54057017,455015931.09
2026-04-22 14:45:00,8.422,8.444,8.42,8.437,80696548,680567786.98
2026-04-22 15:00:00,8.437,8.457,8.436,8.449,43354036,366225993.44
2026-04-23 09:45:00,8.46,8.474,8.413,8.415,147712485,1245807098.49
2026-04-23 10:00:00,8.416,8.424,8.35,8.372,83289254,698130527.03
2026-04-23 10:15:00,8.375,8.387,8.36,8.375,36820577,308335511.8
2026-04-23 10:30:00,8.374,8.409,8.368,8.39,46776678,392409551.74
2026-04-23 10:45:00,8.392,8.401,8.352,8.359,24854786,208051128.68
2026-04-23 11:00:00,8.36,8.373,8.341,8.365,30187021,252353433.22
2026-04-23 11:15:00,8.365,8.373,8.329,8.335,44961928,375237263.78
2026-04-23 11:30:00,8.334,8.334,8.299,8.301,26472798,220024248.44
2026-04-23 13:15:00,8.3,8.331,8.296,8.329,23841149,198326571.48
2026-04-23 13:30:00,8.33,8.351,8.322,8.337,17107734,142621475.78
2026-04-23 13:45:00,8.337,8.362,8.33,8.361,25183076,210303867.68
2026-04-23 14:00:00,8.361,8.387,8.359,8.386,27426057,229757221.51
2026-04-23 14:15:00,8.387,8.395,8.359,8.359,57605812,482218252.25
2026-04-23 14:30:00,8.36,8.369,8.345,8.345,29053804,242686424.81
2026-04-23 14:45:00,8.346,8.378,8.34,8.374,37196216,311109150.62
2026-04-23 15:00:00,8.374,8.386,8.367,8.377,35490926,297295656.79
2026-04-24 09:45:00,8.321,8.365,8.275,8.286,42470232,352871000.94
2026-04-24 10:00:00,8.287,8.294,8.26,8.276,38649984,319893034.24
2026-04-24 10:15:00,8.276,8.278,8.242,8.278,22895150,189251309.9
2026-04-24 10:30:00,8.278,8.283,8.262,8.264,22890071,189293257.15
2026-04-24 10:45:00,8.264,8.307,8.263,8.302,43600854,361480146.9
2026-04-24 11:00:00,8.302,8.312,8.286,8.311,34834160,289228030.48
2026-04-24 11:15:00,8.312,8.315,8.26,8.262,22906720,189644734.88
2026-04-24 11:30:00,8.265,8.291,8.264,8.277,15718435,130106725.97
2026-04-24 13:15:00,8.277,8.31,8.259,8.267,14908054,123418809.71
2026-04-24 13:30:00,8.267,8.293,8.258,8.293,23388717,193689761.72
2026-04-24 13:45:00,8.292,8.315,8.287,8.306,33932469,281729979.28
2026-04-24 14:00:00,8.307,8.308,8.292,8.303,14862886,123376816.69
2026-04-24 14:15:00,8.305,8.365,8.303,8.359,28574030,238374082.94
2026-04-24 14:30:00,8.36,8.38,8.354,8.366,29177550,244118835.0
2026-04-24 14:45:00,8.366,8.376,8.342,8.347,18156295,151695844.72
2026-04-24 15:00:00,8.347,8.347,8.319,8.323,30193749,251503864.59
2026-04-27 09:45:00,8.32,8.35,8.292,8.312,41839483,348020819.59
2026-04-27 10:00:00,8.312,8.35,8.308,8.348,17770072,148119473.48
2026-04-27 10:15:00,8.348,8.375,8.344,8.371,18489153,154630949.59
2026-04-27 10:30:00,8.37,8.396,8.366,8.379,24511766,205416769.67
2026-04-27 10:45:00,8.38,8.398,8.371,8.377,47428974,397549660.07
2026-04-27 11:00:00,8.377,8.388,8.362,8.377,57886627,484839092.21
2026-04-27 11:15:00,8.378,8.381,8.356,8.372,52138327,436380417.55
2026-04-27 11:30:00,8.372,8.38,8.36,8.367,55555044,464940163.24
2026-04-27 13:15:00,8.368,8.38,8.355,8.364,49376033,413096350.76
2026-04-27 13:30:00,8.362,8.393,8.357,8.388,56220047,471086513.83
2026-04-27 13:45:00,8.388,8.398,8.362,8.364,63755978,533935063.76
2026-04-27 14:00:00,8.366,8.38,8.36,8.363,56166909,469985972.21
2026-04-27 14:15:00,8.363,8.369,8.359,8.364,35219031,294571975.28
2026-04-27 14:30:00,8.364,8.375,8.355,8.368,7214949,60360263.33
2026-04-27 14:45:00,8.368,8.37,8.36,8.368,10116304,84632999.26
2026-04-27 15:00:00,8.368,8.372,8.365,8.369,33830076,283112629.35
2026-04-28 09:45:00,8.346,8.356,8.298,8.316,49669524,413416004.76
2026-04-28 10:00:00,8.316,8.345,8.311,8.316,35580745,296174121.38
2026-04-28 10:15:00,8.316,8.316,8.285,8.312,39370880,326948911.15
2026-04-28 10:30:00,8.312,8.33,8.306,8.324,44884676,373440504.32
2026-04-28 10:45:00,8.326,8.331,8.306,8.325,52605129,437709743.37
2026-04-28 11:00:00,8.324,8.328,8.307,8.315,48026931,399423976.15
2026-04-28 11:15:00,8.315,8.32,8.301,8.305,49415490,410576834.58
2026-04-28 11:30:00,8.306,8.34,8.301,8.33,53337612,443964503.08
2026-04-28 13:15:00,8.33,8.332,8.292,8.294,34580315,287224096.39
2026-04-28 13:30:00,8.294,8.305,8.291,8.295,40160109,333208424.37
2026-04-28 13:45:00,8.296,8.298,8.258,8.264,73905468,611444571.92
2026-04-28 14:00:00,8.263,8.272,8.247,8.271,47037966,388690392.38
2026-04-28 14:15:00,8.271,8.295,8.263,8.288,18327931,151791924.54
2026-04-28 14:30:00,8.288,8.29,8.247,8.249,13730151,113438507.56
2026-04-28 14:45:00,8.249,8.276,8.247,8.276,10279755,84975881.42
2026-04-28 15:00:00,8.276,8.284,8.271,8.274,26026014,215399967.2
2026-04-29 09:45:00,8.24,8.342,8.234,8.327,123415410,1024471318.41
2026-04-29 10:00:00,8.327,8.338,8.309,8.315,68290566,568223036.16
2026-04-29 10:15:00,8.315,8.345,8.29,8.341,70588047,587669020.62
2026-04-29 10:30:00,8.343,8.36,8.339,8.352,45535730,380238524.08
2026-04-29 10:45:00,8.351,8.362,8.344,8.35,55090664,460117225.73
2026-04-29 11:00:00,8.35,8.371,8.349,8.357,88773588,742058422.09
2026-04-29 11:15:00,8.358,8.392,8.356,8.391,42718143,357963798.96
2026-04-29 11:30:00,8.391,8.405,8.38,8.383,48942145,410591968.45
2026-04-29 13:15:00,8.383,8.397,8.382,8.387,90866473,762248553.17
2026-04-29 13:30:00,8.387,8.399,8.377,8.392,41980290,352186646.24
2026-04-29 13:45:00,8.393,8.405,8.379,8.404,85016358,713797341.77
2026-04-29 14:00:00,8.402,8.415,8.4,8.41,31915985,268360240.54
2026-04-29 14:15:00,8.41,8.425,8.408,8.421,13697396,115304679.53
2026-04-29 14:30:00,8.421,8.436,8.419,8.429,20748439,174867843.89
2026-04-29 14:45:00,8.429,8.434,8.421,8.427,19777907,166675014.92
2026-04-29 15:00:00,8.428,8.428,8.413,8.423,31610401,266201723.62
2026-04-30 09:45:00,8.41,8.424,8.383,8.406,100107166,841333992.12
2026-04-30 10:00:00,8.405,8.414,8.377,8.412,79333510,666480817.51
2026-04-30 10:15:00,8.412,8.413,8.377,8.385,76634615,643092144.21
2026-04-30 10:30:00,8.385,8.395,8.37,8.394,34296365,287620749.01
2026-04-30 10:45:00,8.394,8.399,8.38,8.384,57735437,484265600.41
2026-04-30 11:00:00,8.381,8.39,8.376,8.383,19921742,167003963.19
2026-04-30 11:15:00,8.384,8.4,8.376,8.391,8631207,72407195.52
2026-04-30 11:30:00,8.39,8.416,8.389,8.407,34534743,290229980.17
2026-04-30 13:15:00,8.406,8.407,8.382,8.395,70214813,589429950.2
2026-04-30 13:30:00,8.394,8.403,8.385,8.385,55684863,467251685.43
2026-04-30 13:45:00,8.385,8.413,8.384,8.411,50047976,420536459.67
2026-04-30 14:00:00,8.412,8.414,8.401,8.41,56511957,475171371.78
2026-04-30 14:15:00,8.411,8.425,8.407,8.419,41879027,352495770.26
2026-04-30 14:30:00,8.419,8.426,8.414,8.425,34090535,287099122.26
2026-04-30 14:45:00,8.425,8.45,8.425,8.433,31922855,269301204.78
2026-04-30 15:00:00,8.433,8.436,8.426,8.429,27815128,234490800.75
2026-05-06 09:45:00,8.519,8.627,8.518,8.625,190154958,1633431089.22
2026-05-06 10:00:00,8.625,8.657,8.624,8.655,122502884,1059078266.47
2026-05-06 10:15:00,8.655,8.675,8.637,8.675,65532023,567660227.23
2026-05-06 10:30:00,8.674,8.682,8.661,8.676,61031189,529323502.2
2026-05-06 10:45:00,8.677,8.68,8.66,8.662,93044246,806445494.83
2026-05-06 11:00:00,8.662,8.674,8.652,8.664,103941469,900479593.1
2026-05-06 11:15:00,8.664,8.69,8.662,8.689,63906278,554727795.13
2026-05-06 11:30:00,8.689,8.698,8.686,8.686,36621425,318240183.25
2026-05-06 13:15:00,8.686,8.701,8.684,8.685,61940875,538266203.75
2026-05-06 13:30:00,8.685,8.69,8.676,8.681,46511335,403826914.25
2026-05-06 13:45:00,8.681,8.699,8.674,8.694,20075956,174439981.68
2026-05-06 14:00:00,8.694,8.702,8.683,8.691,17772076,154474884.59
2026-05-06 14:15:00,8.691,8.691,8.631,8.647,31939860,276482074.78
2026-05-06 14:30:00,8.647,8.669,8.645,8.666,17364696,150378267.36
2026-05-06 14:45:00,8.666,8.675,8.657,8.667,25206218,218445487.26
2026-05-06 15:00:00,8.667,8.67,8.655,8.658,67902672,588105042.19
2026-05-07 09:45:00,8.702,8.711,8.669,8.677,80194766,696545005.89
2026-05-07 10:00:00,8.677,8.7,8.673,8.682,49923489,433585501.96
2026-05-07 10:15:00,8.682,8.702,8.675,8.682,65536100,569268409.97
2026-05-07 10:30:00,8.682,8.689,8.672,8.688,92884562,806516651.85
2026-05-07 10:45:00,8.688,8.702,8.685,8.688,78568369,682890073.89
2026-05-07 11:00:00,8.688,8.704,8.687,8.698,66038895,574296243.88
2026-05-07 11:15:00,8.698,8.715,8.688,8.704,40521295,352629816.19
2026-05-07 11:30:00,8.703,8.731,8.702,8.722,58474320,509798613.2
2026-05-07 13:15:00,8.721,8.729,8.702,8.719,70858161,617646970.05
2026-05-07 13:30:00,8.719,8.724,8.713,8.717,73269600,638764372.8
2026-05-07 13:45:00,8.717,8.744,8.716,8.742,66800927,583439296.42
2026-05-07 14:00:00,8.743,8.778,8.743,8.76,53196081,466015401.59
2026-05-07 14:15:00,8.76,8.778,8.76,8.767,89451645,784341840.58
2026-05-07 14:30:00,8.768,8.773,8.761,8.765,124208373,1088852000.51
2026-05-07 14:45:00,8.765,8.775,8.758,8.766,107286249,940507020.82
2026-05-07 15:00:00,8.766,8.774,8.763,8.774,111947253,981814724.56
2026-05-08 09:45:00,8.715,8.778,8.712,8.778,54726745,479187379.22
2026-05-08 10:00:00,8.777,8.788,8.763,8.773,42427861,372290337.65
2026-05-08 10:15:00,8.774,8.776,8.746,8.746,74683775,653931133.9
2026-05-08 10:30:00,8.745,8.752,8.736,8.74,78840920,689279883.25
2026-05-08 10:45:00,8.741,8.752,8.73,8.741,142603801,1246499824.54
2026-05-08 11:00:00,8.741,8.743,8.72,8.72,53733534,468968373.57
2026-05-08 11:15:00,8.721,8.722,8.691,8.712,47927437,417368097.21
2026-05-08 11:30:00,8.712,8.716,8.694,8.701,26696434,232356862.72
2026-05-08 13:15:00,8.701,8.743,8.7,8.736,92409756,806398334.11
2026-05-08 13:30:00,8.736,8.763,8.735,8.763,74158845,649161809.52
2026-05-08 13:45:00,8.762,8.765,8.751,8.759,63442648,555651858.73
2026-05-08 14:00:00,8.759,8.777,8.758,8.773,81064273,710879631.36
2026-05-08 14:15:00,8.774,8.779,8.76,8.769,86511906,758651741.02
2026-05-08 14:30:00,8.769,8.774,8.759,8.765,99144923,869104395.02
2026-05-08 14:45:00,8.766,8.772,8.761,8.763,59298845,519774142.71
2026-05-08 15:00:00,8.763,8.772,8.762,8.771,33426944,293098587.31
2026-05-11 09:45:00,8.838,8.861,8.798,8.817,114239696,1008203397.1
2026-05-11 10:00:00,8.818,8.828,8.788,8.828,62988747,555224808.56
2026-05-11 10:15:00,8.828,8.888,8.821,8.887,34640276,307097593.5
2026-05-11 10:30:00,8.886,8.894,8.853,8.874,23337935,207093055.88
2026-05-11 10:45:00,8.874,8.889,8.863,8.882,18513747,164365045.87
2026-05-11 11:00:00,8.883,8.913,8.878,8.913,27960533,248886024.41
2026-05-11 11:15:00,8.913,8.926,8.892,8.924,21671146,193176595.44
2026-05-11 11:30:00,8.924,8.945,8.92,8.937,13198034,117911235.76
2026-05-11 13:15:00,8.938,8.942,8.869,8.888,71001084,631885980.57
2026-05-11 13:30:00,8.888,8.901,8.873,8.893,17396116,154634075.12
2026-05-11 13:45:00,8.894,8.905,8.884,8.887,53850245,478836378.54
2026-05-11 14:00:00,8.887,8.895,8.879,8.891,16173621,143756534.66
2026-05-11 14:15:00,8.891,8.932,8.89,8.923,17668190,157511913.85
2026-05-11 14:30:00,8.923,8.932,8.906,8.92,13798707,123075267.3
2026-05-11 14:45:00,8.92,8.93,8.9,8.904,14055291,125251383.2
2026-05-11 15:00:00,8.906,8.918,8.902,8.912,140381036,1250888618.12
2026-05-12 09:45:00,8.92,8.927,8.823,8.846,73811602,654364455.6
2026-05-12 10:00:00,8.844,8.879,8.844,8.873,34252446,303659351.27
2026-05-12 10:15:00,8.873,8.885,8.851,8.864,24158420,214204657.33
2026-05-12 10:30:00,8.864,8.877,8.855,8.857,23527236,208521892.67
2026-05-12 10:45:00,8.858,8.897,8.856,8.895,25567593,227108406.09
2026-05-12 11:00:00,8.896,8.901,8.875,8.879,42134946,374368995.21
2026-05-12 11:15:00,8.88,8.892,8.869,8.879,16738857,148641050.16
2026-05-12 11:30:00,8.88,8.884,8.825,8.836,41311733,365539984.16
2026-05-12 13:15:00,8.837,8.849,8.821,8.848,33604901,297044921.57
2026-05-12 13:30:00,8.848,8.867,8.841,8.865,34131328,302323926.31
2026-05-12 13:45:00,8.864,8.868,8.84,8.842,17671762,156395093.7
2026-05-12 14:00:00,8.841,8.85,8.834,8.85,13769931,121790449.72
2026-05-12 14:15:00,8.851,8.862,8.841,8.847,8321144,73642124.4
2026-05-12 14:30:00,8.846,8.868,8.845,8.858,25815404,228647033.23
2026-05-12 14:45:00,8.858,8.869,8.855,8.868,23050376,204318532.86
2026-05-12 15:00:00,8.868,8.87,8.86,8.864,72530401,642957828.06
2026-05-13 09:45:00,8.8,8.889,8.8,8.88,100473694,889828525.3
2026-05-13 10:00:00,8.88,8.885,8.829,8.844,23313939,206390530.65
2026-05-13 10:15:00,8.844,8.865,8.829,8.861,14347074,126995516.69
2026-05-13 10:30:00,8.861,8.895,8.861,8.895,24299492,215868587.1
2026-05-13 10:45:00,8.895,8.9,8.876,8.883,23679303,210422179.56
2026-05-13 11:00:00,8.885,8.896,8.87,8.871,19108300,169662595.7
2026-05-13 11:15:00,8.872,8.892,8.864,8.891,16479299,146374626.82
2026-05-13 11:30:00,8.892,8.931,8.891,8.904,62090079,553139817.12
2026-05-13 13:15:00,8.905,8.965,8.905,8.962,53476801,478296508.14
2026-05-13 13:30:00,8.962,8.969,8.95,8.96,49145870,440330613.24
2026-05-13 13:45:00,8.96,8.98,8.947,8.974,30907267,277145463.19
2026-05-13 14:00:00,8.973,8.98,8.95,8.978,11902449,106757032.56
2026-05-13 14:15:00,8.978,8.986,8.96,8.979,21199586,190266284.35
2026-05-13 14:30:00,8.978,9.002,8.978,8.998,15837498,142421340.35
2026-05-13 14:45:00,8.999,9.021,8.996,9.015,22596299,203607718.19
2026-05-13 15:00:00,9.014,9.017,8.994,9.007,26588154,239452914.92
2026-05-14 09:45:00,9.049,9.049,8.929,8.953,143228179,1285759362.88
2026-05-14 10:00:00,8.951,8.959,8.861,8.886,167436697,1490521476.69
2026-05-14 10:15:00,8.886,8.905,8.854,8.873,117567047,1043681865.23
2026-05-14 10:30:00,8.874,8.885,8.846,8.868,66688755,591284731.42
2026-05-14 10:45:00,8.868,8.888,8.832,8.847,36025677,319031386.95
2026-05-14 11:00:00,8.847,8.879,8.837,8.864,23191579,205477389.94
2026-05-14 11:15:00,8.865,8.865,8.8,8.811,23115933,204005814.04
2026-05-14 11:30:00,8.812,8.83,8.794,8.827,65717821,579434027.76
2026-05-14 13:15:00,8.827,8.862,8.808,8.862,15919021,140787821.72
2026-05-14 13:30:00,8.862,8.876,8.849,8.864,11007231,97557088.35
2026-05-14 13:45:00,8.864,8.865,8.819,8.838,23042639,203712290.52
2026-05-14 14:00:00,8.839,8.866,8.835,8.849,10395429,91999546.65
2026-05-14 14:15:00,8.849,8.879,8.844,8.879,13539362,120058035.97
2026-05-14 14:30:00,8.879,8.895,8.861,8.865,11659862,103465728.77
2026-05-14 14:45:00,8.865,8.873,8.816,8.817,15135257,133725040.68
2026-05-14 15:00:00,8.817,8.824,8.76,8.769,146588314,1287680612.95
2026-05-15 09:45:00,8.76,8.809,8.697,8.697,251257328,2194565255.19
2026-05-15 10:00:00,8.698,8.699,8.602,8.607,164536428,1420936592.21
2026-05-15 10:15:00,8.609,8.645,8.58,8.645,108931141,939349539.22
2026-05-15 10:30:00,8.644,8.662,8.633,8.64,20480615,177054916.68
2026-05-15 10:45:00,8.641,8.673,8.632,8.672,21595246,186993235.11
2026-05-15 11:00:00,8.672,8.731,8.668,8.724,19666266,171247288.91
2026-05-15 11:15:00,8.724,8.796,8.72,8.781,33170199,290758907.7
2026-05-15 11:30:00,8.782,8.795,8.737,8.77,35846724,314280178.22
2026-05-15 13:15:00,8.764,8.772,8.66,8.681,126403730,1100260200.5
2026-05-15 13:30:00,8.681,8.7,8.676,8.693,41864278,363786621.06
2026-05-15 13:45:00,8.694,8.694,8.609,8.61,78879673,681336322.15
2026-05-15 14:00:00,8.61,8.625,8.585,8.589,94716346,814529003.48
2026-05-15 14:15:00,8.59,8.616,8.556,8.591,63201810,542756077.01
2026-05-15 14:30:00,8.591,8.623,8.567,8.582,47774800,410417381.87
2026-05-15 14:45:00,8.584,8.618,8.553,8.617,122087297,1049462405.01
2026-05-15 15:00:00,8.617,8.647,8.601,8.608,83247314,717480850.26
2026-05-18 09:45:00,8.559,8.656,8.551,8.638,85634694,737742888.81
2026-05-18 10:00:00,8.636,8.683,8.616,8.675,38664715,334759102.47
2026-05-18 10:15:00,8.676,8.696,8.642,8.672,26971639,233844110.13
2026-05-18 10:30:00,8.672,8.681,8.646,8.66,17166620,148702984.65
2026-05-18 10:45:00,8.66,8.685,8.658,8.665,10799932,93628210.49
2026-05-18 11:00:00,8.669,8.688,8.642,8.648,16734965,144913640.26
2026-05-18 11:15:00,8.648,8.674,8.625,8.632,17995511,155547198.58
2026-05-18 11:30:00,8.63,8.641,8.616,8.638,23340797,201469979.44
2026-05-18 13:15:00,8.635,8.676,8.635,8.651,18164910,157199131.14
2026-05-18 13:30:00,8.65,8.659,8.636,8.651,15935608,137821761.72
2026-05-18 13:45:00,8.651,8.67,8.645,8.653,17236896,149202571.78
2026-05-18 14:00:00,8.655,8.657,8.594,8.597,33781408,291060611.33
2026-05-18 14:15:00,8.597,8.608,8.562,8.601,91001333,781731784.25
2026-05-18 14:30:00,8.601,8.616,8.589,8.598,14376742,123654357.94
2026-05-18 14:45:00,8.598,8.61,8.578,8.595,26281551,225872409.81
2026-05-18 15:00:00,8.595,8.639,8.591,8.638,26791777,231016562.48
2026-05-19 09:45:00,8.613,8.659,8.544,8.63,52376454,451013645.39
2026-05-19 10:00:00,8.63,8.634,8.553,8.561,27017659,231883561.31
2026-05-19 10:15:00,8.561,8.561,8.492,8.493,67005969,570578161.36
2026-05-19 10:30:00,8.493,8.532,8.481,8.486,86860109,738281973.13
2026-05-19 10:45:00,8.487,8.561,8.485,8.56,47845179,408374551.16
2026-05-19 11:00:00,8.56,8.565,8.521,8.541,38528359,329122085.36
2026-05-19 11:15:00,8.542,8.597,8.539,8.591,18858985,161728369.03
2026-05-19 11:30:00,8.59,8.606,8.566,8.601,38191055,328099353.51
2026-05-19 13:15:00,8.602,8.619,8.556,8.618,37846515,325391720.47
2026-05-19 13:30:00,8.617,8.63,8.606,8.626,12278068,105845131.54
2026-05-19 13:45:00,8.625,8.651,8.616,8.638,18177079,156959077.16
2026-05-19 14:00:00,8.638,8.66,8.632,8.653,13606600,117674412.33
2026-05-19 14:15:00,8.653,8.668,8.638,8.659,57970253,501732539.72
2026-05-19 14:30:00,8.659,8.681,8.655,8.672,22824844,197876180.92
2026-05-19 14:45:00,8.672,8.704,8.67,8.701,65563798,569858677.62
2026-05-19 15:00:00,8.701,8.709,8.698,8.706,104838770,912551600.34
2026-05-20 09:45:00,8.652,8.695,8.626,8.643,130599857,1130298229.05
2026-05-20 10:00:00,8.643,8.69,8.639,8.667,76986417,667112965.44
2026-05-20 10:15:00,8.667,8.669,8.63,8.64,44449637,384326378.05
2026-05-20 10:30:00,8.64,8.667,8.635,8.667,40391215,349639820.78
2026-05-20 10:45:00,8.668,8.682,8.635,8.658,22972443,198903068.98
2026-05-20 11:00:00,8.66,8.662,8.64,8.656,15313991,132506859.46
2026-05-20 11:15:00,8.657,8.661,8.637,8.645,10224519,88418232.14
2026-05-20 11:30:00,8.645,8.69,8.645,8.686,11946102,103616506.71
2026-05-20 13:15:00,8.686,8.76,8.665,8.752,32245639,281364697.37
2026-05-20 13:30:00,8.752,8.76,8.69,8.694,12398459,108048437.37
2026-05-20 13:45:00,8.694,8.729,8.685,8.701,24672060,214770282.3
2026-05-20 14:00:00,8.701,8.715,8.695,8.708,7778891,67723025.05
2026-05-20 14:15:00,8.708,8.725,8.69,8.704,10038082,87394887.92
2026-05-20 14:30:00,8.701,8.721,8.697,8.716,15689150,136673415.37
2026-05-20 14:45:00,8.717,8.747,8.714,8.726,29796915,260097271.03
2026-05-20 15:00:00,8.726,8.75,8.725,8.748,21288879,186086091.34
2026-05-21 09:45:00,8.8,8.867,8.791,8.801,171054434,1508643089.74
2026-05-21 10:00:00,8.801,8.878,8.799,8.875,25476968,225488151.45
2026-05-21 10:15:00,8.877,8.887,8.847,8.872,28950827,256755234.39
2026-05-21 10:30:00,8.867,8.875,8.844,8.865,14238515,126172227.59
2026-05-21 10:45:00,8.865,8.872,8.818,8.818,10908597,96388363.09
2026-05-21 11:00:00,8.818,8.829,8.793,8.807,26407213,232638744.13
2026-05-21 11:15:00,8.808,8.817,8.793,8.794,10423762,91743003.95
2026-05-21 11:30:00,8.794,8.805,8.748,8.75,11753929,103054531.5
2026-05-21 13:15:00,8.75,8.781,8.737,8.747,16619549,145504151.5
2026-05-21 13:30:00,8.747,8.776,8.745,8.763,12514215,109641209.02
2026-05-21 13:45:00,8.763,8.763,8.724,8.745,11305780,98857740.32
2026-05-21 14:00:00,8.744,8.744,8.68,8.68,35188498,306186850.6
2026-05-21 14:15:00,8.681,8.685,8.627,8.644,35552155,307597245.06
2026-05-21 14:30:00,8.644,8.654,8.573,8.574,22938637,197279924.41
2026-05-21 14:45:00,8.574,8.598,8.52,8.543,45399650,388333472.88
2026-05-21 15:00:00,8.544,8.549,8.484,8.505,55772181,474769986.13
2026-05-22 09:45:00,8.553,8.581,8.52,8.566,154087532,1318321561.28
2026-05-22 10:00:00,8.567,8.623,8.555,8.593,75791471,651073999.71
2026-05-22 10:15:00,8.595,8.613,8.569,8.582,57750251,495959155.59
2026-05-22 10:30:00,8.58,8.58,8.511,8.517,84608759,722220366.82
2026-05-22 10:45:00,8.519,8.576,8.51,8.559,32171763,275014954.04
2026-05-22 11:00:00,8.558,8.579,8.549,8.575,9912199,84924416.97
2026-05-22 11:15:00,8.575,8.576,8.543,8.567,15209800,130226307.6
2026-05-22 11:30:00,8.567,8.593,8.545,8.591,10517207,90199072.97
2026-05-22 13:15:00,8.591,8.636,8.589,8.627,63866532,550359195.09
2026-05-22 13:30:00,8.627,8.631,8.599,8.63,21834067,188209657.54
2026-05-22 13:45:00,8.63,8.682,8.63,8.658,45394025,392960943.08
2026-05-22 14:00:00,8.658,8.677,8.644,8.651,20032205,173425476.09
2026-05-22 14:15:00,8.651,8.684,8.649,8.662,24054898,208435691.17
2026-05-22 14:30:00,8.661,8.671,8.638,8.663,21015590,181938967.83
2026-05-22 14:45:00,8.663,8.667,8.645,8.646,54824657,474379482.14
2026-05-22 15:00:00,8.647,8.666,8.645,8.66,101866526,881858515.58
2026-05-25 09:45:00,8.708,8.73,8.672,8.704,91767108,798557373.82
2026-05-25 10:00:00,8.704,8.709,8.619,8.627,118289954,1023405252.02
2026-05-25 10:15:00,8.628,8.691,8.627,8.689,96961962,840563248.58
2026-05-25 10:30:00,8.69,8.707,8.682,8.698,37888695,329467462.16
2026-05-25 10:45:00,8.698,8.703,8.676,8.687,50319542,437209727.26
2026-05-25 11:00:00,8.687,8.733,8.679,8.733,22652262,197414463.33
2026-05-25 11:15:00,8.733,8.742,8.696,8.719,16290631,142038011.69
2026-05-25 11:30:00,8.719,8.719,8.685,8.705,17696774,154015024.12
2026-05-25 13:15:00,8.705,8.755,8.7,8.749,36051177,314895014.04
2026-05-25 13:30:00,8.749,8.762,8.73,8.734,14124354,123475102.67
2026-05-25 13:45:00,8.735,8.735,8.684,8.688,15039378,130877680.48
2026-05-25 14:00:00,8.688,8.728,8.688,8.722,14465630,126034212.31
2026-05-25 14:15:00,8.724,8.757,8.722,8.753,14460869,126445838.54
2026-05-25 14:30:00,8.751,8.773,8.748,8.764,13003854,113935434.13
2026-05-25 14:45:00,8.762,8.782,8.757,8.776,17693699,155203229.73
2026-05-25 15:00:00,8.776,8.79,8.774,8.788,31807620,279398134.08
2026-05-26 09:45:00,8.743,8.748,8.67,8.67,30505776,265278228.1
2026-05-26 10:00:00,8.67,8.683,8.631,8.676,24558914,212762058.29
2026-05-26 10:15:00,8.678,8.71,8.653,8.68,19677391,170819431.27
2026-05-26 10:30:00,8.68,8.729,8.677,8.724,15226550,132623250.5
2026-05-26 10:45:00,8.725,8.739,8.663,8.666,17926561,155769864.05
2026-05-26 11:00:00,8.669,8.67,8.64,8.668,15644445,135470464.07
2026-05-26 11:15:00,8.668,8.668,8.619,8.626,14495779,125209707.08
2026-05-26 11:30:00,8.627,8.668,8.623,8.649,4740171,40986678.58
2026-05-26 13:15:00,8.65,8.7,8.644,8.697,7088068,61526792.93
2026-05-26 13:30:00,8.697,8.7,8.663,8.684,5596470,48590418.03
2026-05-26 13:45:00,8.685,8.712,8.669,8.67,5436461,47208415.17
2026-05-26 14:00:00,8.67,8.67,8.637,8.646,8536568,73849849.77
2026-05-26 14:15:00,8.646,8.675,8.617,8.673,7460923,64574288.57
2026-05-26 14:30:00,8.67,8.709,8.653,8.709,8343462,72507465.93
2026-05-26 14:45:00,8.709,8.751,8.708,8.744,19647825,171610652.83
2026-05-26 15:00:00,8.745,8.769,8.741,8.753,36516539,319677954.59
2026-05-27 09:45:00,8.74,8.821,8.738,8.775,47058954,413083498.21
2026-05-27 10:00:00,8.775,8.793,8.752,8.756,16215547,142161700.55
2026-05-27 10:15:00,8.756,8.786,8.748,8.756,15749274,138016137.82
2026-05-27 10:30:00,8.754,8.792,8.753,8.785,9385537,82373729.74
2026-05-27 10:45:00,8.786,8.805,8.742,8.757,25222780,221153335.04
2026-05-27 11:00:00,8.758,8.76,8.74,8.75,12144723,106266326.25
2026-05-27 11:15:00,8.75,8.753,8.73,8.731,9209206,80470042.03
2026-05-27 11:30:00,8.73,8.731,8.655,8.675,25792285,224057579.8
2026-05-27 13:15:00,8.675,8.695,8.657,8.675,17646057,153091308.51
2026-05-27 13:30:00,8.675,8.698,8.656,8.689,13117919,113876654.84
2026-05-27 13:45:00,8.69,8.69,8.6,8.607,20297884,175218100.65
2026-05-27 14:00:00,8.607,8.63,8.581,8.588,22273966,191548682.94
2026-05-27 14:15:00,8.588,8.632,8.58,8.601,24534056,211099195.84
2026-05-27 14:30:00,8.601,8.66,8.598,8.649,17676672,152649847.17
2026-05-27 14:45:00,8.649,8.669,8.621,8.621,21665317,187123342.93
2026-05-27 15:00:00,8.621,8.628,8.598,8.619,32251858,277849756.67
2026-05-28 09:45:00,8.575,8.612,8.555,8.588,38998777,334804500.54
2026-05-28 10:00:00,8.589,8.6,8.532,8.539,25910602,221717021.31
2026-05-28 10:15:00,8.539,8.585,8.538,8.56,22260839,190575042.68
2026-05-28 10:30:00,8.561,8.57,8.524,8.55,16820174,143778847.35
2026-05-28 10:45:00,8.552,8.597,8.55,8.559,12497101,107083492.77
2026-05-28 11:00:00,8.56,8.572,8.543,8.544,5635977,48204511.28
2026-05-28 11:15:00,8.544,8.577,8.535,8.576,8796390,75320555.44
2026-05-28 11:30:00,8.576,8.605,8.573,8.604,14268547,122623892.92
2026-05-28 13:15:00,8.603,8.604,8.506,8.533,36385927,311014775.35
2026-05-28 13:30:00,8.533,8.619,8.524,8.604,15816901,135745916.68
2026-05-28 13:45:00,8.604,8.67,8.6,8.67,43089217,372578096.33
2026-05-28 14:00:00,8.669,8.694,8.659,8.665,40241283,348999233.7
2026-05-28 14:15:00,8.666,8.684,8.648,8.648,14734970,127604840.2
2026-05-28 14:30:00,8.648,8.665,8.646,8.653,10823965,93677809.09
2026-05-28 14:45:00,8.653,8.668,8.649,8.65,11167778,96664563.78
2026-05-28 15:00:00,8.65,8.652,8.642,8.648,14773106,127747971.95
2026-05-29 09:45:00,8.66,8.681,8.616,8.633,36854355,318544475.05
2026-05-29 10:00:00,8.633,8.641,8.562,8.576,32277941,277364347.01
2026-05-29 10:15:00,8.575,8.587,8.515,8.536,34855871,297878273.57
2026-05-29 10:30:00,8.537,8.557,8.508,8.524,22809994,194561645.49
2026-05-29 10:45:00,8.523,8.579,8.509,8.576,18278919,156370059.07
2026-05-29 11:00:00,8.577,8.582,8.531,8.541,8876432,75905328.84
2026-05-29 11:15:00,8.544,8.544,8.513,8.523,6815400,58112644.0
2026-05-29 11:30:00,8.523,8.546,8.508,8.515,10530001,89747198.52
2026-05-29 13:15:00,8.515,8.552,8.513,8.548,5226785,44624548.07
2026-05-29 13:30:00,8.549,8.579,8.54,8.541,8133775,69570888.83
2026-05-29 13:45:00,8.541,8.541,8.513,8.515,4634925,39503465.78
2026-05-29 14:00:00,8.515,8.529,8.461,8.464,19676064,166944844.35
2026-05-29 14:15:00,8.464,8.466,8.416,8.441,25725574,217149570.13
2026-05-29 14:30:00,8.441,8.441,8.406,8.42,23044328,194087011.86
2026-05-29 14:45:00,8.422,8.452,8.404,8.404,16056838,135198575.96
2026-05-29 15:00:00,8.404,8.447,8.387,8.444,54147522,456247020.37
2026-06-01 09:45:00,8.434,8.488,8.393,8.436,128641620,1085606631.18
2026-06-01 10:00:00,8.434,8.487,8.405,8.48,24920150,210758015.27
2026-06-01 10:15:00,8.483,8.529,8.477,8.511,21213849,180437928.31
2026-06-01 10:30:00,8.512,8.532,8.491,8.491,13879475,118040308.38
2026-06-01 10:45:00,8.492,8.5,8.437,8.438,15883399,134347083.21
2026-06-01 11:00:00,8.438,8.458,8.403,8.413,20549798,173125198.22
2026-06-01 11:15:00,8.413,8.424,8.373,8.374,20904220,175393373.87
2026-06-01 11:30:00,8.374,8.42,8.358,8.42,13784469,115780349.95
2026-06-01 13:15:00,8.421,8.479,8.42,8.471,17452332,147588554.28
2026-06-01 13:30:00,8.472,8.479,8.415,8.417,9966010,84083226.37
2026-06-01 13:45:00,8.417,8.439,8.397,8.4,5798301,48775308.01
2026-06-01 14:00:00,8.4,8.424,8.394,8.408,4912394,41306683.68
2026-06-01 14:15:00,8.408,8.414,8.379,8.382,5436414,45620574.15
2026-06-01 14:30:00,8.382,8.384,8.365,8.378,26135124,218899086.92
2026-06-01 14:45:00,8.378,8.389,8.354,8.358,36903915,308775056.8
2026-06-01 15:00:00,8.358,8.384,8.357,8.369,41987914,351438840.18
2026-06-02 09:45:00,8.368,8.4,8.317,8.319,92440688,771448354.92
2026-06-02 10:00:00,8.32,8.328,8.25,8.262,77783282,644045574.96
2026-06-02 10:15:00,8.262,8.317,8.238,8.31,50377745,417547543.14
2026-06-02 10:30:00,8.31,8.361,8.291,8.361,18849415,157160139.13
2026-06-02 10:45:00,8.362,8.379,8.341,8.376,16405449,137237049.37
2026-06-02 11:00:00,8.375,8.399,8.356,8.389,17569250,147253740.67
2026-06-02 11:15:00,8.392,8.404,8.347,8.347,11377500,95184165.0
2026-06-02 11:30:00,8.346,8.378,8.342,8.375,7731306,64672374.69
2026-06-02 13:15:00,8.375,8.429,8.375,8.428,20349112,171149597.99
2026-06-02 13:30:00,8.429,8.457,8.424,8.454,27955006,236080025.67
2026-06-02 13:45:00,8.454,8.48,8.434,8.44,25984074,219600070.73
2026-06-02 14:00:00,8.442,8.452,8.424,8.44,22868381,192978644.47
2026-06-02 14:15:00,8.441,8.453,8.392,8.398,11401112,95932756.74
2026-06-02 14:30:00,8.398,8.427,8.395,8.424,4775249,40185312.08
2026-06-02 14:45:00,8.424,8.425,8.413,8.414,6624100,55757257.73
2026-06-02 15:00:00,8.414,8.418,8.403,8.405,46317755,389470562.54
2026-06-03 09:45:00,8.4,8.47,8.38,8.47,33971483,286719316.52
2026-06-03 10:00:00,8.47,8.528,8.467,8.512,33605951,285728997.39
2026-06-03 10:15:00,8.512,8.513,8.459,8.46,24710576,209479789.61
2026-06-03 10:30:00,8.46,8.51,8.456,8.496,20515211,174119434.16
2026-06-03 10:45:00,8.496,8.528,8.48,8.523,19230374,163656892.86
2026-06-03 11:00:00,8.521,8.531,8.508,8.528,13765941,117317937.85
2026-06-03 11:15:00,8.53,8.565,8.528,8.535,20968576,179127555.24
2026-06-03 11:30:00,8.536,8.544,8.52,8.529,6262715,53427221.67
2026-06-03 13:15:00,8.529,8.545,8.513,8.522,13704757,116855894.69
2026-06-03 13:30:00,8.522,8.542,8.509,8.515,7495638,63877827.04
2026-06-03 13:45:00,8.516,8.529,8.502,8.522,9366368,79779600.5
2026-06-03 14:00:00,8.521,8.525,8.494,8.505,6295020,53558030.16
2026-06-03 14:15:00,8.505,8.525,8.476,8.487,17898241,152063455.54
2026-06-03 14:30:00,8.487,8.487,8.435,8.442,16479725,139330581.63
2026-06-03 14:45:00,8.442,8.45,8.387,8.423,39460200,332254884.0
2026-06-03 15:00:00,8.424,8.459,8.424,8.456,43006878,363250427.21
2026-06-04 09:45:00,8.371,8.45,8.371,8.435,84919070,714905343.97
2026-06-04 10:00:00,8.436,8.483,8.413,8.481,24932225,210901691.28
2026-06-04 10:15:00,8.482,8.485,8.442,8.452,15328992,129678162.66
2026-06-04 10:30:00,8.451,8.46,8.423,8.457,10072638,85080215.64
2026-06-04 10:45:00,8.457,8.461,8.433,8.443,5228368,44157053.34
2026-06-04 11:00:00,8.443,8.468,8.436,8.467,6776574,57309486.32
2026-06-04 11:15:00,8.468,8.481,8.445,8.455,4125490,34903020.56
2026-06-04 11:30:00,8.456,8.469,8.436,8.445,5971073,50455566.85
2026-06-04 13:15:00,8.444,8.462,8.432,8.459,9036809,76370072.86
2026-06-04 13:30:00,8.459,8.47,8.45,8.462,8199502,69373253.25
2026-06-04 13:45:00,8.463,8.48,8.447,8.48,11275359,95491015.37
2026-06-04 14:00:00,8.479,8.489,8.45,8.468,11238103,95175494.31
2026-06-04 14:15:00,8.47,8.487,8.465,8.467,12822322,108643534.31
2026-06-04 14:30:00,8.468,8.472,8.402,8.432,33626133,283647640.57
2026-06-04 14:45:00,8.433,8.455,8.422,8.441,12969722,109455807.2
2026-06-04 15:00:00,8.44,8.456,8.438,8.446,39407520,332862185.6
2026-06-05 09:45:00,8.415,8.415,8.32,8.358,90614845,757932768.53
2026-06-05 10:00:00,8.358,8.411,8.33,8.393,62356332,522421349.5
2026-06-05 10:15:00,8.393,8.453,8.378,8.449,22571399,190201655.57
2026-06-05 10:30:00,8.45,8.454,8.426,8.446,9098875,76812702.75
2026-06-05 10:45:00,8.446,8.464,8.422,8.443,7752848,65457295.66
2026-06-05 11:00:00,8.444,8.5,8.441,8.468,14056172,119051091.45
2026-06-05 11:15:00,8.468,8.481,8.448,8.47,4740854,40137650.25
2026-06-05 11:30:00,8.47,8.493,8.435,8.458,4936040,41768770.48
2026-06-05 13:15:00,8.46,8.484,8.449,8.451,5668836,47965911.01
2026-06-05 13:30:00,8.451,8.471,8.425,8.425,8903552,75148946.73
2026-06-05 13:45:00,8.426,8.456,8.411,8.446,16530844,139481751.39
2026-06-05 14:00:00,8.444,8.448,8.413,8.414,7964038,67097020.15
2026-06-05 14:15:00,8.414,8.414,8.37,8.383,70313288,589858173.03
2026-06-05 14:30:00,8.384,8.385,8.332,8.342,35309751,294942350.1
2026-06-05 14:45:00,8.342,8.351,8.314,8.327,22845856,190321211.05
2026-06-05 15:00:00,8.327,8.353,8.326,8.34,48382125,403490795.13
2026-06-08 09:45:00,8.16,8.227,8.121,8.209,125237622,1025153427.82
2026-06-08 10:00:00,8.209,8.213,8.174,8.206,36513240,299323370.44
2026-06-08 10:15:00,8.206,8.219,8.18,8.215,12987243,106555999.73
2026-06-08 10:30:00,8.218,8.233,8.158,8.204,21012264,172265544.36
2026-06-08 10:45:00,8.205,8.229,8.193,8.226,19318702,158722455.63
2026-06-08 11:00:00,8.226,8.23,8.177,8.182,9209030,75480279.56
2026-06-08 11:15:00,8.182,8.188,8.144,8.144,20619510,168227708.92
2026-06-08 11:30:00,8.145,8.168,8.128,8.128,11511659,93720253.14
2026-06-08 13:15:00,8.129,8.129,8.096,8.103,21687092,175867858.06
2026-06-08 13:30:00,8.103,8.106,8.061,8.063,23040807,186092917.87
2026-06-08 13:45:00,8.063,8.064,7.994,7.995,21719919,174143070.57
2026-06-08 14:00:00,7.994,8.048,7.983,8.039,35381912,283880873.95
2026-06-08 14:15:00,8.038,8.059,8.02,8.022,25390649,203980010.52
2026-06-08 14:30:00,8.025,8.108,8.024,8.101,13983921,112957452.53
2026-06-08 14:45:00,8.101,8.105,8.04,8.07,16567965,133731090.82
2026-06-08 15:00:00,8.071,8.086,8.046,8.073,54606834,440586138.99
2026-06-09 09:45:00,8.12,8.144,8.077,8.094,64971648,526595207.04
2026-06-09 10:00:00,8.098,8.106,8.058,8.105,26800156,216804328.65
2026-06-09 10:15:00,8.107,8.126,8.086,8.109,41118752,333349722.46
2026-06-09 10:30:00,8.109,8.11,8.076,8.106,11061019,89564757.85
2026-06-09 10:45:00,8.107,8.115,8.086,8.106,11286730,91448848.7
2026-06-09 11:00:00,8.106,8.117,8.095,8.104,15188389,123106955.64
2026-06-09 11:15:00,8.104,8.145,8.098,8.137,19509373,158546171.25
2026-06-09 11:30:00,8.137,8.15,8.11,8.147,24770200,201522090.47
2026-06-09 13:15:00,8.144,8.208,8.143,8.178,27201316,222407026.72
2026-06-09 13:30:00,8.177,8.197,8.173,8.189,12274893,100486365.73
2026-06-09 13:45:00,8.189,8.209,8.187,8.196,11870928,97309953.79
2026-06-09 14:00:00,8.194,8.222,8.194,8.203,10032720,82331844.56
2026-06-09 14:15:00,8.204,8.245,8.203,8.232,17800565,146439314.73
2026-06-09 14:30:00,8.233,8.27,8.228,8.265,13996681,115533270.53
2026-06-09 14:45:00,8.267,8.28,8.261,8.274,13619737,112657924.55
2026-06-09 15:00:00,8.274,8.285,8.266,8.267,40771567,337289583.27
2026-06-10 09:45:00,8.184,8.235,8.182,8.206,27410759,224978372.95
2026-06-10 10:00:00,8.206,8.24,8.201,8.217,37479560,308056996.83
2026-06-10 10:15:00,8.217,8.221,8.152,8.155,35553960,290689176.96
2026-06-10 10:30:00,8.155,8.169,8.13,8.13,23962395,195125782.48
2026-06-10 10:45:00,8.131,8.139,8.105,8.126,18446375,149846052.92
2026-06-10 11:00:00,8.126,8.15,8.11,8.126,13571782,110320491.95
2026-06-10 11:15:00,8.126,8.145,8.114,8.137,4309273,35043008.04
2026-06-10 11:30:00,8.137,8.154,8.116,8.144,8398002,68342940.28
2026-06-10 13:15:00,8.145,8.146,8.092,8.105,19883886,161344478.97
2026-06-10 13:30:00,8.105,8.125,8.1,8.124,7059598,57298050.57
2026-06-10 13:45:00,8.124,8.124,8.098,8.106,7518246,60967962.9
2026-06-10 14:00:00,8.106,8.142,8.078,8.141,16464462,133696919.59
2026-06-10 14:15:00,8.141,8.169,8.121,8.134,9779199,79615718.79
2026-06-10 14:30:00,8.133,8.182,8.129,8.154,10031937,81810446.24
2026-06-10 14:45:00,8.154,8.179,8.141,8.154,10680409,87130776.62
2026-06-10 15:00:00,8.154,8.175,8.15,8.171,28734279,234624966.13
2026-06-11 09:45:00,8.133,8.179,8.096,8.155,31997202,260563881.62
2026-06-11 10:00:00,8.154,8.192,8.134,8.143,18692361,152461127.1
2026-06-11 10:15:00,8.143,8.143,8.104,8.115,10706089,86940580.07
2026-06-11 10:30:00,8.116,8.119,8.084,8.092,11290088,91430895.99
2026-06-11 10:45:00,8.093,8.104,8.075,8.079,11856058,95868084.99
2026-06-11 11:00:00,8.079,8.115,8.068,8.113,6064026,49110525.23
2026-06-11 11:15:00,8.114,8.114,8.072,8.087,3957920,32023530.72
2026-06-11 11:30:00,8.087,8.094,8.069,8.076,7224785,58373854.54
2026-06-11 13:15:00,8.076,8.138,8.076,8.13,10962530,88957276.77
2026-06-11 13:30:00,8.13,8.153,8.12,8.122,11797729,95935199.65
2026-06-11 13:45:00,8.121,8.153,8.111,8.114,8546015,69444917.89
2026-06-11 14:00:00,8.114,8.149,8.108,8.133,7069358,57473880.54
2026-06-11 14:15:00,8.133,8.134,8.081,8.086,8529405,69091023.64
2026-06-11 14:30:00,8.088,8.109,8.078,8.088,7336078,59361097.82
2026-06-11 14:45:00,8.088,8.114,8.088,8.111,11431351,92643478.95
2026-06-11 15:00:00,8.112,8.139,8.111,8.135,14097054,114585553.93
2026-06-12 09:45:00,8.297,8.297,8.224,8.244,57747881,476708757.66
2026-06-12 10:00:00,8.245,8.287,8.244,8.286,21324034,176399517.26
2026-06-12 10:15:00,8.287,8.317,8.27,8.312,22599068,187564731.38
2026-06-12 10:30:00,8.313,8.314,8.278,8.278,14387800,119274862.0
2026-06-12 10:45:00,8.278,8.322,8.272,8.32,12262674,101837420.01
2026-06-12 11:00:00,8.322,8.352,8.318,8.346,27127840,226210015.15
2026-06-12 11:15:00,8.346,8.37,8.336,8.34,23810002,198781770.03
2026-06-12 11:30:00,8.34,8.349,8.328,8.332,7697809,64171501.76
2026-06-12 13:15:00,8.333,8.336,8.285,8.3,13933391,115744679.04
2026-06-12 13:30:00,8.3,8.313,8.289,8.296,8215216,68180815.99
2026-06-12 13:45:00,8.295,8.299,8.266,8.286,9433776,78146255.79
2026-06-12 14:00:00,8.287,8.297,8.25,8.259,7196497,59505434.86
2026-06-12 14:15:00,8.259,8.27,8.25,8.266,7522349,62149647.44
2026-06-12 14:30:00,8.267,8.275,8.252,8.255,6703236,55373198.18
2026-06-12 14:45:00,8.255,8.259,8.225,8.226,23121076,190440595.99
2026-06-12 15:00:00,8.226,8.248,8.211,8.245,50275111,413998780.71
2026-06-15 09:45:00,8.322,8.419,8.312,8.405,200096476,1676541673.58
2026-06-15 10:00:00,8.405,8.455,8.404,8.44,147258638,1241832094.25
2026-06-15 10:15:00,8.441,8.476,8.435,8.457,72695912,614716631.87
2026-06-15 10:30:00,8.457,8.469,8.436,8.465,50359661,425874866.52
2026-06-15 10:45:00,8.465,8.476,8.443,8.449,50103700,423676887.2
2026-06-15 11:00:00,8.448,8.463,8.428,8.447,23543900,198851779.4
2026-06-15 11:15:00,8.446,8.453,8.429,8.439,14722335,124261414.84
2026-06-15 11:30:00,8.44,8.454,8.43,8.438,25254144,213161811.46
2026-06-15 13:15:00,8.439,8.465,8.432,8.441,35936411,303518927.31
2026-06-15 13:30:00,8.442,8.466,8.442,8.466,14028395,118652164.91
2026-06-15 13:45:00,8.466,8.493,8.464,8.491,27491213,233198796.14
2026-06-15 14:00:00,8.492,8.498,8.479,8.49,17396800,147681435.2
2026-06-15 14:15:00,8.49,8.5,8.479,8.487,13841327,117494411.13
2026-06-15 14:30:00,8.488,8.503,8.486,8.495,16640700,141357199.6
2026-06-15 14:45:00,8.495,8.518,8.488,8.512,31354435,266700824.11
2026-06-15 15:00:00,8.512,8.55,8.51,8.546,36051755,307713746.18
2026-06-16 09:45:00,8.55,8.579,8.525,8.566,53390669,456846157.74
2026-06-16 10:00:00,8.567,8.594,8.564,8.575,29207946,250536024.81
2026-06-16 10:15:00,8.575,8.6,8.554,8.586,26788300,229843614.0
2026-06-16 10:30:00,8.586,8.602,8.577,8.598,14889901,127938992.69
2026-06-16 10:45:00,8.597,8.645,8.592,8.644,16743115,144442853.11
2026-06-16 11:00:00,8.644,8.644,8.612,8.616,15515291,133803869.58
2026-06-16 11:15:00,8.619,8.637,8.614,8.636,6619705,57121434.44
2026-06-16 11:30:00,8.636,8.641,8.623,8.639,16783400,144913470.07
2026-06-16 13:15:00,8.639,8.668,8.633,8.65,20369323,176201433.72
2026-06-16 13:30:00,8.652,8.652,8.608,8.617,13244768,114244953.85
2026-06-16 13:45:00,8.617,8.62,8.58,8.593,14752619,126838100.62
2026-06-16 14:00:00,8.594,8.625,8.59,8.615,14855057,127902040.77
2026-06-16 14:15:00,8.616,8.64,8.603,8.635,14129904,121884551.9
2026-06-16 14:30:00,8.634,8.657,8.63,8.639,18592978,160680515.88
2026-06-16 14:45:00,8.639,8.643,8.62,8.627,16102642,138965800.46
2026-06-16 15:00:00,8.628,8.635,8.623,8.634,27549345,237769213.58
2026-06-17 09:45:00,8.602,8.633,8.58,8.621,33411709,287719363.44
2026-06-17 10:00:00,8.621,8.664,8.615,8.653,12726983,110012041.05
2026-06-17 10:15:00,8.652,8.717,8.651,8.712,14279659,124137835.57
2026-06-17 10:30:00,8.714,8.714,8.685,8.7,9258382,80544837.27
2026-06-17 10:45:00,8.7,8.708,8.675,8.683,7507358,65228931.21
2026-06-17 11:00:00,8.683,8.692,8.674,8.689,3855318,33483436.83
2026-06-17 11:15:00,8.69,8.705,8.68,8.684,4691870,40770786.34
2026-06-17 11:30:00,8.686,8.689,8.655,8.662,12522488,108553274.31
2026-06-17 13:15:00,8.662,8.677,8.645,8.672,12220429,105885943.81
2026-06-17 13:30:00,8.673,8.704,8.663,8.702,10374766,90153258.28
2026-06-17 13:45:00,8.701,8.728,8.7,8.715,11270641,98216122.55
2026-06-17 14:00:00,8.715,8.718,8.697,8.715,6091118,53053637.78
2026-06-17 14:15:00,8.716,8.721,8.695,8.703,11120407,96817970.14
2026-06-17 14:30:00,8.704,8.716,8.701,8.71,4447185,38730534.17
2026-06-17 14:45:00,8.711,8.743,8.708,8.742,20471377,178735592.59
2026-06-17 15:00:00,8.742,8.766,8.741,8.764,24392713,213606987.74
2026-06-18 09:45:00,8.726,8.767,8.722,8.766,36053968,315532309.95
2026-06-18 10:00:00,8.765,8.82,8.753,8.811,21309006,187405604.77
2026-06-18 10:15:00,8.811,8.836,8.795,8.819,18645809,164393882.68
2026-06-18 10:30:00,8.818,8.837,8.797,8.834,10089437,89015739.51
2026-06-18 10:45:00,8.834,8.834,8.805,8.813,9547135,84180271.67
2026-06-18 11:00:00,8.814,8.827,8.786,8.797,16178925,142428469.75
2026-06-18 11:15:00,8.797,8.806,8.759,8.77,11139332,97784769.41
2026-06-18 11:30:00,8.769,8.799,8.763,8.788,15415039,135395425.88
2026-06-18 13:15:00,8.786,8.803,8.777,8.801,26972524,237187385.21
2026-06-18 13:30:00,8.799,8.85,8.798,8.842,11413468,100780922.44
2026-06-18 13:45:00,8.841,8.85,8.81,8.81,12337479,108857689.71
2026-06-18 14:00:00,8.812,8.838,8.8,8.83,7385575,65160466.37
2026-06-18 14:15:00,8.833,8.844,8.811,8.836,5663142,50007431.57
2026-06-18 14:30:00,8.835,8.851,8.831,8.842,8351214,73835866.71
2026-06-18 14:45:00,8.842,8.863,8.804,8.828,20273901,179052335.67
2026-06-18 15:00:00,8.828,8.833,8.812,8.827,22184968,195760157.63
2026-06-22 09:45:00,8.84,8.877,8.807,8.87,43778222,387495635.66
2026-06-22 10:00:00,8.871,8.9,8.852,8.854,35558987,315360802.71
2026-06-22 10:15:00,8.855,8.861,8.822,8.833,28392096,250948272.51
2026-06-22 10:30:00,8.833,8.842,8.771,8.781,21342514,187771438.17
2026-06-22 10:45:00,8.777,8.823,8.772,8.808,19442968,171117561.37
2026-06-22 11:00:00,8.807,8.807,8.748,8.77,21196185,185996523.38
2026-06-22 11:15:00,8.77,8.794,8.751,8.775,27704028,243056672.32
2026-06-22 11:30:00,8.775,8.824,8.774,8.822,23034773,202859567.55
2026-06-22 13:15:00,8.822,8.868,8.811,8.866,30107944,266405124.49
2026-06-22 13:30:00,8.867,8.877,8.837,8.841,12000530,106224691.38
2026-06-22 13:45:00,8.841,8.879,8.826,8.865,16786151,148669344.02
2026-06-22 14:00:00,8.865,8.92,8.865,8.912,14355486,127749469.91
2026-06-22 14:15:00,8.916,8.969,8.912,8.959,18674678,167076119.17
2026-06-22 14:30:00,8.959,8.966,8.95,8.966,8610299,77154019.24
2026-06-22 14:45:00,8.966,8.998,8.963,8.991,19834870,178196472.08
2026-06-22 15:00:00,8.991,9.01,8.982,9.008,29289009,263601081.0
2026-06-23 09:45:00,8.98,9.005,8.933,8.939,44406314,397836167.13
2026-06-23 10:00:00,8.938,8.94,8.872,8.92,69952709,623325272.33
2026-06-23 10:15:00,8.92,8.964,8.916,8.947,31744203,283867244.63
2026-06-23 10:30:00,8.947,9.017,8.936,9.008,36842356,331102253.37
2026-06-23 10:45:00,9.008,9.028,8.989,9.007,13523723,121821696.78
2026-06-23 11:00:00,9.008,9.009,8.972,8.979,7493055,67337587.6
2026-06-23 11:15:00,8.98,8.988,8.933,8.933,10909521,97654758.98
2026-06-23 11:30:00,8.934,8.943,8.905,8.935,8634695,77087678.73
2026-06-23 13:15:00,8.935,8.935,8.89,8.895,10206200,90903221.33
2026-06-23 13:30:00,8.895,8.9,8.876,8.878,12937289,114943500.34
2026-06-23 13:45:00,8.88,8.898,8.874,8.897,8176197,72683665.93
2026-06-23 14:00:00,8.897,8.906,8.838,8.838,19284389,170872542.8
2026-06-23 14:15:00,8.838,8.851,8.813,8.832,17874959,157871637.89
2026-06-23 14:30:00,8.832,8.834,8.758,8.759,18859753,165657783.77
2026-06-23 14:45:00,8.759,8.795,8.758,8.784,20577081,180646194.1
2026-06-23 15:00:00,8.784,8.825,8.782,8.812,91923703,809510769.85
2026-06-24 09:45:00,8.776,8.855,8.756,8.776,53921789,474278082.11
2026-06-24 10:00:00,8.776,8.888,8.757,8.879,39324466,347680712.06
2026-06-24 10:15:00,8.879,8.887,8.84,8.862,25341016,224597424.81
2026-06-24 10:30:00,8.863,8.902,8.862,8.897,26882870,238908065.69
2026-06-24 10:45:00,8.897,8.901,8.858,8.858,13512476,119887191.23
2026-06-24 11:00:00,8.858,8.863,8.808,8.826,18351732,162088614.27
2026-06-24 11:15:00,8.827,8.849,8.81,8.835,7720285,68180410.26
2026-06-24 11:30:00,8.835,8.891,8.825,8.888,5817121,51586229.03
2026-06-24 13:15:00,8.888,8.925,8.888,8.92,16558869,147556081.66
2026-06-24 13:30:00,8.92,8.994,8.918,8.987,17982935,161240989.52
2026-06-24 13:45:00,8.988,8.995,8.964,8.971,11936178,107147091.18
2026-06-24 14:00:00,8.971,8.987,8.946,8.965,8486482,76089797.61
2026-06-24 14:15:00,8.966,8.988,8.953,8.985,9965055,89439690.31
2026-06-24 14:30:00,8.986,8.989,8.977,8.979,5298063,47585435.85
2026-06-24 14:45:00,8.979,8.988,8.966,8.97,8862292,79536116.6
2026-06-24 15:00:00,8.971,8.987,8.968,8.986,12746805,114470557.84
2026-06-25 09:45:00,8.983,9.061,8.94,9.052,37359634,336896726.2
2026-06-25 10:00:00,9.051,9.068,8.99,9.012,19791866,178588604.21
2026-06-25 10:15:00,9.011,9.047,8.972,9.002,15711992,141517911.94
2026-06-25 10:30:00,9.003,9.027,8.958,9.002,20391920,183438915.01
2026-06-25 10:45:00,9.002,9.006,8.959,8.976,11673312,104830232.86
2026-06-25 11:00:00,8.976,9.006,8.97,8.997,9805909,88164927.82
2026-06-25 11:15:00,8.998,9.026,8.989,9.014,10099707,90994993.5
2026-06-25 11:30:00,9.014,9.06,9.01,9.045,12583373,113732719.63
2026-06-25 13:15:00,9.043,9.058,9.028,9.034,8352482,75506437.28
2026-06-25 13:30:00,9.034,9.06,9.029,9.058,5349294,48405761.41
2026-06-25 13:45:00,9.059,9.084,9.057,9.072,7397066,67098785.69
2026-06-25 14:00:00,9.072,9.074,9.019,9.031,4827007,43642579.29
2026-06-25 14:15:00,9.032,9.075,9.031,9.07,8021818,72666975.32
2026-06-25 14:30:00,9.07,9.08,9.055,9.079,6043438,54822040.58
2026-06-25 14:45:00,9.079,9.08,9.051,9.062,10697643,96967002.03
2026-06-25 15:00:00,9.062,9.087,9.056,9.087,10557217,95824339.64
2026-06-26 09:45:00,9.006,9.066,9.006,9.066,31291980,283067251.08
2026-06-26 10:00:00,9.065,9.065,8.948,8.987,35471670,319245030.0
2026-06-26 10:15:00,8.989,9.009,8.97,8.98,24643818,221457563.15
2026-06-26 10:30:00,8.979,8.998,8.929,8.936,17317762,155069013.54
2026-06-26 10:45:00,8.936,8.94,8.901,8.918,25402888,226585293.33
2026-06-26 11:00:00,8.918,8.918,8.795,8.834,26402191,233632988.16
2026-06-26 11:15:00,8.834,8.878,8.818,8.836,23496897,207806557.07
2026-06-26 11:30:00,8.836,8.878,8.822,8.871,12618279,111760097.1
2026-06-26 13:15:00,8.871,8.885,8.841,8.878,18838709,167061671.41
2026-06-26 13:30:00,8.88,8.931,8.88,8.89,14480640,128882522.88
2026-06-26 13:45:00,8.89,8.939,8.884,8.939,20060101,178949474.32
2026-06-26 14:00:00,8.938,8.965,8.918,8.938,7313118,65381712.63
2026-06-26 14:15:00,8.938,8.938,8.868,8.872,15919590,141567607.34
2026-06-26 14:30:00,8.873,8.893,8.858,8.878,15305700,135858495.1
2026-06-26 14:45:00,8.876,8.911,8.862,8.892,14074584,125099594.12
2026-06-26 15:00:00,8.893,8.893,8.839,8.857,32364861,286849763.04
2026-06-29 09:45:00,8.84,8.975,8.839,8.969,45504327,406247463.35
2026-06-29 10:00:00,8.97,8.979,8.874,8.894,21766206,194060237.29
2026-06-29 10:15:00,8.894,8.922,8.769,8.773,25127996,221662428.71
2026-06-29 10:30:00,8.772,8.852,8.77,8.845,25610659,225945770.58
2026-06-29 10:45:00,8.844,8.846,8.734,8.798,12469373,109639040.33
2026-06-29 11:00:00,8.8,8.843,8.795,8.83,5901500,52066967.33
2026-06-29 11:15:00,8.831,8.854,8.795,8.83,8747530,77208615.62
2026-06-29 11:30:00,8.831,8.857,8.793,8.807,4062057,35823280.68
2026-06-29 13:15:00,8.812,8.815,8.756,8.769,4337603,38084154.34
2026-06-29 13:30:00,8.769,8.853,8.768,8.85,3964722,34983385.35
2026-06-29 13:45:00,8.851,8.913,8.838,8.913,24396992,216840464.9
2026-06-29 14:00:00,8.913,8.95,8.891,8.94,11089828,98998894.56
2026-06-29 14:15:00,8.941,8.972,8.895,8.9,45738038,408090021.05
2026-06-29 14:30:00,8.9,8.926,8.894,8.903,20088932,178945509.95
2026-06-29 14:45:00,8.922,8.95,8.91,8.934,10636255,94995938.82
2026-06-29 15:00:00,8.938,8.977,8.934,8.974,15065520,135012168.4
2026-06-30 09:45:00,8.944,8.985,8.909,8.98,30115499,269774640.04
2026-06-30 10:00:00,8.98,9.007,8.967,9.005,14170364,127434083.45
2026-06-30 10:15:00,9.005,9.04,8.993,9.025,12857601,115966989.29
2026-06-30 10:30:00,9.026,9.05,9.008,9.04,10204222,92171335.92
2026-06-30 10:45:00,9.043,9.07,9.029,9.068,15730333,142448652.2
2026-06-30 11:00:00,9.068,9.096,9.055,9.07,11483000,104192914.33
2026-06-30 11:15:00,9.07,9.11,9.065,9.11,8581489,78048642.45
2026-06-30 11:30:00,9.109,9.15,9.101,9.148,9958447,90950496.45
2026-06-30 13:15:00,9.148,9.159,9.104,9.12,12950567,118208458.72
2026-06-30 13:30:00,9.12,9.131,9.107,9.127,5379593,49070854.15
2026-06-30 13:45:00,9.127,9.144,9.11,9.111,4845143,44195779.4
2026-06-30 14:00:00,9.112,9.15,9.111,9.146,4745854,43356540.19
2026-06-30 14:15:00,9.146,9.165,9.146,9.155,9853851,90215290.52
2026-06-30 14:30:00,9.155,9.16,9.136,9.154,11683063,106900026.45
2026-06-30 14:45:00,9.154,9.17,9.15,9.165,13260392,121487291.37
2026-06-30 15:00:00,9.166,9.203,9.163,9.197,26993676,248008897.2
2026-07-01 09:45:00,9.201,9.246,9.17,9.246,31706314,292353352.62
2026-07-01 10:00:00,9.246,9.258,9.219,9.225,29593977,273270783.62
2026-07-01 10:15:00,9.228,9.268,9.22,9.221,27431232,253364002.5
2026-07-01 10:30:00,9.221,9.286,9.219,9.258,16691791,154471397.84
2026-07-01 10:45:00,9.259,9.268,9.204,9.237,12133647,112070408.24
2026-07-01 11:00:00,9.234,9.302,9.226,9.288,14132816,131039469.95
2026-07-01 11:15:00,9.289,9.305,9.273,9.285,9835790,91351538.92
2026-07-01 11:30:00,9.286,9.296,9.238,9.285,9464775,87766858.58
2026-07-01 13:15:00,9.285,9.29,9.208,9.209,12977143,119852567.03
2026-07-01 13:30:00,9.209,9.258,9.2,9.223,10686602,98605276.65
2026-07-01 13:45:00,9.223,9.243,9.182,9.183,10277400,94579486.4
2026-07-01 14:00:00,9.182,9.198,9.125,9.166,16079765,147338886.7
2026-07-01 14:15:00,9.167,9.199,9.158,9.163,13300429,122009268.69
2026-07-01 14:30:00,9.163,9.166,9.135,9.147,7680830,70274473.95
2026-07-01 14:45:00,9.147,9.157,9.1,9.147,15723969,143633215.49
2026-07-01 15:00:00,9.146,9.184,9.144,9.183,14353065,131622390.4
2026-07-02 09:45:00,9.091,9.091,8.9,8.941,75608268,678760624.59
2026-07-02 10:00:00,8.937,9.025,8.912,9.004,33494622,300792870.43
2026-07-02 10:15:00,9.007,9.047,8.999,9.042,7300735,65920769.89
2026-07-02 10:30:00,9.042,9.043,9.002,9.018,10635500,95942845.5
2026-07-02 10:45:00,9.018,9.079,9.01,9.072,9350829,84659288.82
2026-07-02 11:00:00,9.073,9.082,9.033,9.034,7665588,69371016.2
2026-07-02 11:15:00,9.034,9.07,9.008,9.068,5252923,47531949.25
2026-07-02 11:30:00,9.068,9.082,9.016,9.025,5221915,47211333.51
2026-07-02 13:15:00,9.025,9.039,9.001,9.017,6493537,58565210.2
2026-07-02 13:30:00,9.017,9.017,8.956,8.961,19814000,177890092.0
2026-07-02 13:45:00,8.961,8.966,8.929,8.93,45197304,404139226.6
2026-07-02 14:00:00,8.929,8.944,8.91,8.928,27466025,245198360.52
2026-07-02 14:15:00,8.928,8.959,8.906,8.936,16985086,151739096.63
2026-07-02 14:30:00,8.935,8.935,8.891,8.898,21654046,192894241.77
2026-07-02 14:45:00,8.898,8.918,8.841,8.844,46352967,411042660.37
2026-07-02 15:00:00,8.844,8.854,8.813,8.849,75798349,669956340.69
2026-07-03 09:45:00,8.798,8.894,8.798,8.88,49668884,439933861.88
2026-07-03 10:00:00,8.88,8.885,8.79,8.849,39761197,351541996.41
2026-07-03 10:15:00,8.849,8.89,8.838,8.841,15742957,139424874.84
2026-07-03 10:30:00,8.842,8.866,8.813,8.857,8739921,77307514.55
2026-07-03 10:45:00,8.857,8.912,8.851,8.912,12811223,113913124.51
2026-07-03 11:00:00,8.911,8.952,8.911,8.938,23625811,211065120.2
2026-07-03 11:15:00,8.94,8.959,8.919,8.933,29636649,264862732.11
2026-07-03 11:30:00,8.934,8.947,8.914,8.936,9093499,81226164.23
2026-07-03 13:15:00,8.937,9.014,8.937,8.967,23376658,209750960.01
2026-07-03 13:30:00,8.971,8.978,8.918,8.931,12064647,107886095.02
2026-07-03 13:45:00,8.929,8.975,8.925,8.964,5586066,50021359.01
2026-07-03 14:00:00,8.964,8.978,8.945,8.974,4523631,40557367.67
2026-07-03 14:15:00,8.974,8.991,8.95,8.951,6851299,61415044.24
2026-07-03 14:30:00,8.95,8.96,8.916,8.921,7035649,62844762.08
2026-07-03 14:45:00,8.921,8.932,8.895,8.918,15830695,141130645.92
2026-07-03 15:00:00,8.918,8.928,8.898,8.901,15786430,140641304.87
2026-07-06 09:45:00,8.93,8.944,8.857,8.929,30063167,267862817.97
2026-07-06 10:00:00,8.929,8.966,8.918,8.918,57571388,514342780.39
2026-07-06 10:15:00,8.919,8.919,8.87,8.871,26617983,236545142.26
2026-07-06 10:30:00,8.871,8.875,8.799,8.8,24238832,213899612.79
2026-07-06 10:45:00,8.8,8.81,8.753,8.754,43348539,380267833.62
2026-07-06 11:00:00,8.754,8.766,8.727,8.763,45305646,396515013.79
2026-07-06 11:15:00,8.762,8.831,8.754,8.825,14163900,124689533.0
2026-07-06 11:30:00,8.825,8.865,8.806,8.864,14391844,127295860.18
2026-07-06 13:15:00,8.864,8.889,8.84,8.841,8644187,76558682.86
2026-07-06 13:30:00,8.841,8.856,8.816,8.84,3836800,33907080.53
2026-07-06 13:45:00,8.836,8.876,8.812,8.876,5172776,45803207.22
2026-07-06 14:00:00,8.876,8.883,8.857,8.868,3922160,34786944.43
2026-07-06 14:15:00,8.868,8.868,8.821,8.823,8308238,73422668.62
2026-07-06 14:30:00,8.822,8.826,8.798,8.814,10157102,89511154.23
2026-07-06 14:45:00,8.814,8.834,8.8,8.808,17486264,154123930.9
2026-07-06 15:00:00,8.808,8.816,8.801,8.81,46734283,411682298.95
2026-07-07 09:45:00,8.76,8.816,8.735,8.809,36863903,323910827.69
2026-07-07 10:00:00,8.809,8.817,8.77,8.78,11730551,103099812.74
2026-07-07 10:15:00,8.78,8.801,8.745,8.768,9426996,82687324.25
2026-07-07 10:30:00,8.767,8.77,8.717,8.728,11963484,104540911.02
2026-07-07 10:45:00,8.728,8.773,8.72,8.757,11429750,100010312.5
2026-07-07 11:00:00,8.758,8.76,8.713,8.716,13129200,114613539.6
2026-07-07 11:15:00,8.716,8.738,8.701,8.711,19515324,170108574.2
2026-07-07 11:30:00,8.711,8.711,8.675,8.701,22889022,199035305.64
2026-07-07 13:15:00,8.702,8.702,8.621,8.623,38226877,330611516.88
2026-07-07 13:30:00,8.623,8.662,8.613,8.659,33368838,288462481.56
2026-07-07 13:45:00,8.66,8.704,8.655,8.703,12592373,109394141.71
2026-07-07 14:00:00,8.704,8.711,8.678,8.683,5340260,46410419.57
2026-07-07 14:15:00,8.683,8.69,8.628,8.636,14806000,128091641.33
2026-07-07 14:30:00,8.635,8.649,8.626,8.647,10834044,93613362.86
2026-07-07 14:45:00,8.649,8.683,8.638,8.669,12732348,110304574.84
2026-07-07 15:00:00,8.67,8.671,8.645,8.657,12446884,107760972.71
2026-07-08 09:45:00,8.661,8.709,8.58,8.585,62103243,535619769.79
2026-07-08 10:00:00,8.586,8.618,8.531,8.544,53957044,462106110.5
2026-07-08 10:15:00,8.545,8.56,8.502,8.534,65752070,560996661.24
2026-07-08 10:30:00,8.538,8.596,8.536,8.596,18997966,162926556.42
2026-07-08 10:45:00,8.597,8.622,8.586,8.616,37134434,319653207.87
2026-07-08 11:00:00,8.616,8.625,8.583,8.592,11129410,95712926.0
2026-07-08 11:15:00,8.592,8.664,8.59,8.66,12922754,111626749.05
2026-07-08 11:30:00,8.658,8.713,8.652,8.686,60803885,528000669.38
2026-07-08 13:15:00,8.686,8.69,8.598,8.64,25466761,220100726.4
2026-07-08 13:30:00,8.64,8.645,8.606,8.606,11230513,96795791.55
2026-07-08 13:45:00,8.609,8.612,8.58,8.589,9858700,84722381.57
2026-07-08 14:00:00,8.591,8.641,8.566,8.627,10107053,87035202.4
2026-07-08 14:15:00,8.627,8.632,8.586,8.597,13610954,117122259.17
2026-07-08 14:30:00,8.598,8.615,8.587,8.595,18191679,156430247.72
2026-07-08 14:45:00,8.595,8.599,8.568,8.572,35840515,307499671.86
2026-07-08 15:00:00,8.572,8.575,8.544,8.551,100212369,857483837.41
2026-07-09 09:45:00,8.562,8.657,8.562,8.636,72350551,623541165.37
2026-07-09 10:00:00,8.635,8.638,8.546,8.547,47720516,409298865.73
2026-07-09 10:15:00,8.547,8.587,8.53,8.579,32031732,274362461.82
2026-07-09 10:30:00,8.579,8.59,8.556,8.563,13861958,118792359.41
2026-07-09 10:45:00,8.563,8.569,8.514,8.532,26213400,223818747.0
2026-07-09 11:00:00,8.532,8.532,8.479,8.484,30248503,257061861.33
2026-07-09 11:15:00,8.486,8.501,8.453,8.465,33024000,279812352.0
2026-07-09 11:30:00,8.465,8.512,8.444,8.502,29259930,248299765.98
2026-07-09 13:15:00,8.502,8.585,8.502,8.583,22994347,196754962.5
2026-07-09 13:30:00,8.583,8.6,8.547,8.586,13244525,113607120.61
2026-07-09 13:45:00,8.587,8.634,8.556,8.632,13567281,116778109.99
2026-07-09 14:00:00,8.632,8.709,8.632,8.709,81534431,707990642.52
2026-07-09 14:15:00,8.71,8.752,8.695,8.75,84590032,738668356.1
2026-07-09 14:30:00,8.75,8.77,8.724,8.758,18626010,162990004.84
2026-07-09 14:45:00,8.76,8.801,8.745,8.801,31054298,272729196.47
2026-07-09 15:00:00,8.801,8.815,8.791,8.804,43930659,386736234.73
2026-07-10 09:45:00,8.806,8.903,8.806,8.889,62401354,553250404.56
2026-07-10 10:00:00,8.889,8.933,8.871,8.894,46046970,409787335.02
2026-07-10 10:15:00,8.894,8.901,8.842,8.87,26014318,230773014.98
2026-07-10 10:30:00,8.873,8.903,8.871,8.891,28276178,251328095.46
2026-07-10 10:45:00,8.891,8.901,8.853,8.876,18220837,161740296.44
2026-07-10 11:00:00,8.876,8.9,8.862,8.893,24350673,216355729.6
2026-07-10 11:15:00,8.895,8.895,8.865,8.868,28450267,252524569.89
2026-07-10 11:30:00,8.869,8.882,8.851,8.874,14499544,128596455.74
2026-07-10 13:15:00,8.876,8.913,8.864,8.902,33887900,301365094.7
2026-07-10 13:30:00,8.903,8.914,8.893,8.905,17496046,155784793.58
2026-07-10 13:45:00,8.905,8.916,8.831,8.838,21574419,191185309.7
2026-07-10 14:00:00,8.838,8.858,8.806,8.807,17272400,152405900.13
2026-07-10 14:15:00,8.807,8.807,8.766,8.783,21605506,189811572.05
2026-07-10 14:30:00,8.783,8.813,8.765,8.768,24402440,214302228.08
2026-07-10 14:45:00,8.768,8.778,8.7,8.705,21805100,190307644.43
2026-07-10 15:00:00,8.706,8.721,8.661,8.698,28902277,251257128.05
2026-07-13 09:45:00,8.61,8.636,8.53,8.579,72975586,626252153.86
2026-07-13 10:00:00,8.579,8.583,8.477,8.481,66514675,566283771.39
2026-07-13 10:15:00,8.481,8.505,8.457,8.505,55783767,473548398.06
2026-07-13 10:30:00,8.505,8.52,8.473,8.517,13836505,117656414.18
2026-07-13 10:45:00,8.517,8.517,8.434,8.435,20914667,176979912.15
2026-07-13 11:00:00,8.435,8.457,8.423,8.428,24588373,207427514.63
2026-07-13 11:15:00,8.428,8.434,8.373,8.378,59473919,499283550.0
2026-07-13 11:30:00,8.379,8.424,8.378,8.398,56942319,478315479.6
2026-07-13 13:15:00,8.398,8.399,8.356,8.359,89650700,750495893.27
2026-07-13 13:30:00,8.36,8.365,8.294,8.315,107370415,893822914.74
2026-07-13 13:45:00,8.316,8.41,8.315,8.37,32410600,271114669.0
2026-07-13 14:00:00,8.37,8.391,8.32,8.354,12174342,101716627.41
2026-07-13 14:15:00,8.353,8.354,8.297,8.301,34744000,288977429.33
2026-07-13 14:30:00,8.302,8.32,8.288,8.304,89627993,744270853.87
2026-07-13 14:45:00,8.304,8.319,8.266,8.297,95123310,788952733.14
2026-07-13 15:00:00,8.297,8.339,8.276,8.292,63742858,529214454.74
2026-07-14 09:45:00,8.293,8.338,8.212,8.253,191389422,1582343944.62
2026-07-14 10:00:00,8.253,8.305,8.224,8.278,78811328,651690871.23
2026-07-14 10:15:00,8.279,8.283,8.24,8.282,24175070,199887537.12
2026-07-14 10:30:00,8.283,8.329,8.246,8.265,19764221,163647749.88
2026-07-14 10:45:00,8.269,8.288,8.237,8.238,13864200,114439728.2
2026-07-14 11:00:00,8.239,8.246,8.191,8.2,48416863,397615417.91
2026-07-14 11:15:00,8.202,8.218,8.125,8.142,67875240,553975083.8
2026-07-14 11:30:00,8.142,8.184,8.116,8.182,59255082,483560972.51
2026-07-14 13:15:00,8.183,8.396,8.181,8.361,55187765,458757494.52
2026-07-14 13:30:00,8.361,8.391,8.31,8.385,34801105,291006840.01
2026-07-14 13:45:00,8.386,8.419,8.346,8.362,44361815,371559775.17
2026-07-14 14:00:00,8.361,8.361,8.303,8.323,11927061,99340491.07
2026-07-14 14:15:00,8.323,8.369,8.321,8.369,47013580,392704433.74
2026-07-14 14:30:00,8.37,8.37,8.326,8.351,23059040,192519924.96
2026-07-14 14:45:00,8.352,8.411,8.348,8.396,51970567,435773204.3
2026-07-14 15:00:00,8.396,8.418,8.392,8.413,83629900,703132322.57
2026-07-15 09:45:00,8.269,8.322,8.187,8.233,61677406,508674126.42
2026-07-15 10:00:00,8.233,8.288,8.231,8.257,42461130,350672318.96
2026-07-15 10:15:00,8.26,8.291,8.211,8.234,28203233,232545057.16
2026-07-15 10:30:00,8.236,8.285,8.228,8.274,28279984,233658654.47
2026-07-15 10:45:00,8.274,8.286,8.224,8.235,18871368,155657333.72
2026-07-15 11:00:00,8.235,8.25,8.193,8.193,11663194,95778149.13
2026-07-15 11:15:00,8.193,8.214,8.18,8.212,15568500,127692837.0
2026-07-15 11:30:00,8.211,8.211,8.151,8.19,14582000,119339088.0
2026-07-15 13:15:00,8.19,8.198,8.115,8.127,17328134,141166531.65
2026-07-15 13:30:00,8.127,8.211,8.127,8.199,12103259,98992555.36
2026-07-15 13:45:00,8.201,8.215,8.17,8.197,11137117,91257536.7
2026-07-15 14:00:00,8.198,8.198,8.153,8.161,10492600,85731537.07
2026-07-15 14:15:00,8.161,8.161,8.128,8.145,13486230,109840847.94
2026-07-15 14:30:00,8.144,8.157,8.116,8.143,13704191,111533842.49
2026-07-15 14:45:00,8.143,8.168,8.113,8.167,16834559,137190432.81
2026-07-15 15:00:00,8.167,8.178,8.14,8.151,27983062,228239181.36
2026-07-16 09:45:00,8.061,8.071,7.952,8.055,116603442,935859225.49
2026-07-16 10:00:00,8.055,8.136,8.049,8.115,37939210,307307601.0
2026-07-16 10:15:00,8.115,8.15,8.09,8.123,19909100,161681801.1
2026-07-16 10:30:00,8.122,8.158,8.109,8.116,13961901,113477677.36
2026-07-16 10:45:00,8.115,8.133,8.075,8.128,22409619,181786829.33
2026-07-16 11:00:00,8.132,8.155,8.119,8.123,15805042,128531869.89
2026-07-16 11:15:00,8.124,8.134,8.086,8.088,8659200,70162611.2
2026-07-16 11:30:00,8.087,8.1,8.041,8.078,19475600,157226518.8
2026-07-16 13:15:00,8.089,8.094,8.043,8.077,13359103,107825773.35
2026-07-16 13:30:00,8.076,8.104,8.038,8.044,28131300,226794540.6
2026-07-16 13:45:00,8.045,8.045,8.003,8.019,25221500,202335280.17
2026-07-16 14:00:00,8.018,8.026,7.99,8.003,48716501,390040545.84
2026-07-16 14:15:00,8.003,8.024,7.971,7.975,35813846,286152629.54
2026-07-16 14:30:00,7.975,7.983,7.955,7.965,28692779,228614498.81
2026-07-16 14:45:00,7.965,7.97,7.925,7.937,41611690,330563265.36
2026-07-16 15:00:00,7.937,7.956,7.911,7.956,98462535,781890990.44
2026-07-17 09:45:00,7.915,7.928,7.782,7.799,141944425,1112323829.11
2026-07-17 10:00:00,7.798,7.857,7.759,7.828,46176859,360856760.8
2026-07-17 10:15:00,7.83,7.843,7.764,7.791,21012657,163884716.16
2026-07-17 10:30:00,7.793,7.819,7.748,7.75,24847157,193120386.59
2026-07-17 10:45:00,7.75,7.753,7.708,7.708,26401290,203897162.67
2026-07-17 11:00:00,7.71,7.728,7.668,7.715,34819932,268241149.48
2026-07-17 11:15:00,7.715,7.781,7.7,7.728,26649077,206166142.7
2026-07-17 11:30:00,7.728,7.738,7.681,7.701,20091149,154835788.29
2026-07-17 13:15:00,7.701,7.714,7.623,7.628,42457843,325014788.17
2026-07-17 13:30:00,7.629,7.635,7.563,7.594,57170096,434340276.01
2026-07-17 13:45:00,7.599,7.614,7.498,7.5,56862399,428590855.4
2026-07-17 14:00:00,7.5,7.599,7.485,7.567,58818764,444101274.45
2026-07-17 14:15:00,7.566,7.697,7.565,7.685,57629624,440808993.98
2026-07-17 14:30:00,7.679,7.686,7.605,7.609,36414239,277962024.37
2026-07-17 14:45:00,7.611,7.621,7.527,7.533,47510416,359194581.77
2026-07-17 15:00:00,7.533,7.535,7.489,7.505,50997002,382970486.02
2026-07-20 09:45:00,7.614,7.64,7.567,7.603,137105635,1042459844.78
2026-07-20 10:00:00,7.603,7.604,7.5,7.58,133941073,1012773099.98
2026-07-20 10:15:00,7.581,7.62,7.522,7.523,45568921,344273198.16
2026-07-20 10:30:00,7.523,7.525,7.439,7.453,56702748,423701833.97
2026-07-20 10:45:00,7.453,7.498,7.418,7.495,149245200,1114911392.4
2026-07-20 11:00:00,7.495,7.57,7.495,7.57,61320013,462659498.08
2026-07-20 11:15:00,7.569,7.603,7.534,7.537,56965247,430543336.83
2026-07-20 11:30:00,7.54,7.559,7.475,7.496,40859609,306855663.59
2026-07-20 13:15:00,7.497,7.511,7.433,7.44,63419360,473192984.75
2026-07-20 13:30:00,7.44,7.44,7.387,7.389,35401819,262162270.3
2026-07-20 13:45:00,7.389,7.406,7.267,7.269,98443690,720017148.66
2026-07-20 14:00:00,7.271,7.348,7.239,7.279,119187258,868716194.48
2026-07-20 14:15:00,7.279,7.394,7.25,7.316,37541772,274805771.04
2026-07-20 14:30:00,7.315,7.35,7.244,7.278,41683351,303899417.69
2026-07-20 14:45:00,7.277,7.357,7.226,7.337,48687218,355741272.85
2026-07-20 15:00:00,7.338,7.428,7.337,7.426,44715360,330759517.92
2026-07-21 09:45:00,7.423,7.5,7.408,7.44,111968850,834093286.6
2026-07-21 10:00:00,7.44,7.474,7.338,7.37,55332102,409125562.19
2026-07-21 10:15:00,7.371,7.376,7.277,7.346,120073802,880501190.07
2026-07-21 10:30:00,7.35,7.459,7.31,7.451,128689388,953159400.45
2026-07-21 10:45:00,7.452,7.543,7.445,7.477,105053665,786676861.41
2026-07-21 11:00:00,7.475,7.591,7.474,7.572,77352086,583673056.93
2026-07-21 11:15:00,7.572,7.653,7.572,7.614,71644010,545425848.13
2026-07-21 11:30:00,7.613,7.683,7.611,7.679,37264112,285356148.33
2026-07-21 13:15:00,7.68,7.72,7.677,7.685,90076222,693046452.07
2026-07-21 13:30:00,7.685,7.692,7.632,7.685,45030202,345366639.27
2026-07-21 13:45:00,7.683,7.7,7.651,7.691,33622492,258243153.55
2026-07-21 14:00:00,7.691,7.737,7.685,7.702,33811919,260622271.65
2026-07-21 14:15:00,7.702,7.756,7.7,7.753,30915580,239173232.07
2026-07-21 14:30:00,7.754,7.771,7.736,7.751,43810120,339645256.99
2026-07-21 14:45:00,7.753,7.799,7.746,7.798,97700000,760203700.0
2026-07-21 15:00:00,7.799,7.805,7.779,7.792,104434849,813756343.41
2026-07-22 09:45:00,7.714,7.846,7.713,7.804,108295369,843368235.32
2026-07-22 10:00:00,7.802,7.843,7.786,7.832,138735133,1084954985.1
2026-07-22 10:15:00,7.832,7.843,7.806,7.835,96767323,757494604.44
2026-07-22 10:30:00,7.835,7.883,7.822,7.875,78113109,613969036.74
2026-07-22 10:45:00,7.876,7.876,7.795,7.814,68680793,537656141.2
2026-07-22 11:00:00,7.814,7.848,7.809,7.827,29949260,234442807.28
2026-07-22 11:15:00,7.826,7.829,7.782,7.822,28230600,220509216.6
2026-07-22 11:30:00,7.823,7.887,7.823,7.881,19706195,154962948.75
2026-07-22 13:15:00,7.882,7.883,7.807,7.821,16652015,130501841.56
2026-07-22 13:30:00,7.821,7.821,7.769,7.776,25982300,202367473.93
2026-07-22 13:45:00,7.776,7.803,7.761,7.787,26889218,209296709.84
2026-07-22 14:00:00,7.787,7.804,7.738,7.749,29498164,229013912.57
2026-07-22 14:15:00,7.746,7.769,7.711,7.725,21335820,165032567.7
2026-07-22 14:30:00,7.726,7.792,7.72,7.753,16647127,129098469.88
2026-07-22 14:45:00,7.754,7.789,7.743,7.765,17273300,134138690.03
2026-07-22 15:00:00,7.764,7.772,7.74,7.74,23367895,181116764.85
2026-07-23 09:45:00,7.741,7.794,7.719,7.764,43774422,339645740.3
2026-07-23 10:00:00,7.765,7.803,7.732,7.751,18925163,146897115.21
2026-07-23 10:15:00,7.754,7.757,7.713,7.735,21456102,165962948.97
2026-07-23 10:30:00,7.735,7.747,7.69,7.702,22289544,171919252.87
2026-07-23 10:45:00,7.702,7.739,7.7,7.717,14730054,113696376.81
2026-07-23 11:00:00,7.715,7.732,7.702,7.708,7440663,57397274.38
2026-07-23 11:15:00,7.709,7.717,7.661,7.709,15047351,115799397.51
2026-07-23 11:30:00,7.71,7.715,7.675,7.691,7155633,55053055.09
2026-07-23 13:15:00,7.689,7.757,7.689,7.726,11702698,90391639.35
2026-07-23 13:30:00,7.725,7.755,7.697,7.745,9010573,69672753.96
2026-07-23 13:45:00,7.747,7.787,7.733,7.749,25890364,200814293.31
2026-07-23 14:00:00,7.75,7.751,7.715,7.718,10589600,81836428.8
2026-07-23 14:15:00,7.718,7.73,7.707,7.715,9433700,72803007.47
2026-07-23 14:30:00,7.716,7.726,7.708,7.722,3908191,30166023.6
2026-07-23 14:45:00,7.722,7.742,7.718,7.74,10253735,79295550.67
2026-07-23 15:00:00,7.741,7.742,7.724,7.737,18539945,143394114.61
2026-07-24 09:45:00,7.651,7.706,7.608,7.703,50849584,390134958.31
2026-07-24 10:00:00,7.703,7.712,7.667,7.68,17966820,138098967.46
2026-07-24 10:15:00,7.683,7.69,7.643,7.657,15472200,118568626.0
2026-07-24 10:30:00,7.655,7.665,7.628,7.651,11215500,85776144.0
2026-07-24 10:45:00,7.651,7.652,7.597,7.608,20026377,152580966.36
2026-07-24 11:00:00,7.609,7.636,7.599,7.602,13915631,105930421.72
2026-07-24 11:15:00,7.602,7.606,7.585,7.586,16047333,121836701.25
2026-07-24 11:30:00,7.586,7.596,7.547,7.594,23248343,176199191.6
2026-07-24 13:15:00,7.596,7.699,7.594,7.66,31757456,242976295.86
2026-07-24 13:30:00,7.66,7.674,7.636,7.654,19327700,147947100.93
2026-07-24 13:45:00,7.654,7.654,7.576,7.577,17725866,134757941.95
2026-07-24 14:00:00,7.577,7.589,7.56,7.565,35757430,270731421.67
2026-07-24 14:15:00,7.565,7.589,7.552,7.589,15766830,119460015.3
2026-07-24 14:30:00,7.589,7.602,7.56,7.592,10603994,80427759.83
2026-07-24 14:45:00,7.593,7.6,7.56,7.565,13478560,102100092.0
2026-07-24 15:00:00,7.566,7.566,7.541,7.545,27495815,207611733.79
2026-07-27 09:45:00,7.544,7.594,7.484,7.55,87002541,656231165.92
2026-07-27 10:00:00,7.55,7.695,7.536,7.674,72074230,550286746.05
2026-07-27 10:15:00,7.678,7.69,7.658,7.666,45805057,351385860.6
2026-07-27 10:30:00,7.666,7.688,7.65,7.681,30849102,236705159.65
2026-07-27 10:45:00,7.681,7.687,7.6,7.634,20988209,160356912.83
2026-07-27 11:00:00,7.634,7.649,7.611,7.615,6240000,47580000.0
2026-07-27 11:15:00,7.617,7.662,7.61,7.646,12169421,92966263.49
2026-07-27 11:30:00,7.646,7.651,7.623,7.636,17137659,130874589.23
2026-07-27 13:15:00,7.636,7.661,7.577,7.59,29067757,221186252.27
2026-07-27 13:30:00,7.588,7.603,7.568,7.578,12575700,95361533.1
2026-07-27 13:45:00,7.578,7.594,7.543,7.586,13946200,105633167.53
2026-07-27 14:00:00,7.587,7.616,7.577,7.598,5815433,44179844.5
2026-07-27 14:15:00,7.605,7.636,7.597,7.621,8720155,66430140.79
2026-07-27 14:30:00,7.621,7.674,7.616,7.67,39183225,299882282.0
2026-07-27 14:45:00,7.671,7.739,7.67,7.731,130045689,1003085747.82
2026-07-27 15:00:00,7.732,7.738,7.725,7.726,59245750,457949898.92
2026-07-28 09:45:00,7.608,7.647,7.576,7.624,211046248,1607257876.02
2026-07-28 10:00:00,7.624,7.627,7.577,7.59,190024917,1443809319.37
2026-07-28 10:15:00,7.59,7.621,7.554,7.566,80297090,608678707.9
2026-07-28 10:30:00,7.568,7.595,7.544,7.553,53645122,405771702.81
2026-07-28 10:45:00,7.552,7.552,7.51,7.511,52609750,395853295.58
2026-07-28 11:00:00,7.51,7.537,7.487,7.495,32408990,243272681.94
2026-07-28 11:15:00,7.495,7.511,7.475,7.51,20051700,150361014.4
2026-07-28 11:30:00,7.51,7.542,7.495,7.515,13666954,102739048.87
2026-07-28 13:15:00,7.515,7.52,7.474,7.506,14923500,111926250.0
2026-07-28 13:30:00,7.506,7.51,7.475,7.478,10431200,78105348.53
2026-07-28 13:45:00,7.477,7.513,7.457,7.491,12065700,90335895.9
2026-07-28 14:00:00,7.494,7.498,7.462,7.467,8284069,61928938.49
2026-07-28 14:15:00,7.467,7.478,7.453,7.453,7677802,57286639.99
2026-07-28 14:30:00,7.453,7.468,7.435,7.459,8807137,65648399.2
2026-07-28 14:45:00,7.459,7.46,7.43,7.431,25514865,189839100.56
2026-07-28 15:00:00,7.431,7.47,7.429,7.463,57620900,429506188.6
2026-07-29 09:45:00,7.46,7.524,7.42,7.431,107475603,801588872.38
2026-07-29 10:00:00,7.433,7.436,7.364,7.38,98038050,724827983.0
2026-07-29 10:15:00,7.38,7.425,7.342,7.405,59618422,440619884.19
2026-07-29 10:30:00,7.405,7.507,7.364,7.491,48501149,361527564.65
2026-07-29 10:45:00,7.492,7.507,7.442,7.443,44853152,334783926.53
2026-07-29 11:00:00,7.442,7.443,7.379,7.384,20883880,154582479.76
2026-07-29 11:15:00,7.384,7.447,7.363,7.404,14008319,103726932.76
2026-07-29 11:30:00,7.404,7.425,7.388,7.403,7885398,58394000.66
2026-07-29 13:15:00,7.403,7.553,7.375,7.549,68103343,510252946.87
2026-07-29 13:30:00,7.544,7.551,7.484,7.535,32264700,242738093.0
2026-07-29 13:45:00,7.534,7.593,7.512,7.574,56270126,425383395.85
2026-07-29 14:00:00,7.573,7.581,7.506,7.528,29194280,220076214.07
2026-07-29 14:15:00,7.529,7.551,7.489,7.515,52838749,397259327.9
2026-07-29 14:30:00,7.515,7.536,7.504,7.524,16531000,124335161.33
2026-07-29 14:45:00,7.524,7.54,7.511,7.52,16229200,122103091.07
2026-07-29 15:00:00,7.52,7.552,7.519,7.54,28777950,216899409.15
2026-07-30 09:45:00,7.49,7.557,7.488,7.511,67231909,505494313.13
2026-07-30 10:00:00,7.509,7.523,7.462,7.476,28552515,213772679.8
2026-07-30 10:15:00,7.477,7.485,7.407,7.411,66706632,495919337.83
2026-07-30 10:30:00,7.411,7.435,7.381,7.385,98160020,726416868.01
2026-07-30 10:45:00,7.385,7.398,7.342,7.359,57055383,420288969.64
2026-07-30 11:00:00,7.359,7.374,7.318,7.33,60042509,440752044.4
2026-07-30 11:15:00,7.33,7.349,7.287,7.29,102543415,749455639.1
2026-07-30 11:30:00,7.289,7.299,7.255,7.263,52412822,381163512.52
2026-07-30 13:15:00,7.263,7.31,7.22,7.281,79190554,575741724.43
2026-07-30 13:30:00,7.281,7.374,7.244,7.361,41971125,307494452.12
2026-07-30 13:45:00,7.359,7.359,7.273,7.319,44210421,323487650.46
2026-07-30 14:00:00,7.32,7.373,7.302,7.34,19331476,141860814.71
2026-07-30 14:15:00,7.34,7.387,7.329,7.354,19140955,140813625.62
2026-07-30 14:30:00,7.357,7.444,7.347,7.405,40224100,297604707.87
2026-07-30 14:45:00,7.405,7.418,7.35,7.36,25139417,185428339.79
2026-07-30 15:00:00,7.36,7.366,7.327,7.336,99693870,732052087.41
2026-07-31 09:45:00,7.6,7.642,7.555,7.613,429785229,3267800357.83
2026-07-31 10:00:00,7.61,7.679,7.61,7.671,103701413,793661480.83
2026-07-31 10:15:00,7.671,7.677,7.588,7.588,41102305,313103658.72
2026-07-31 10:30:00,7.59,7.607,7.556,7.565,36669572,277808677.47
2026-07-31 10:45:00,7.567,7.59,7.547,7.584,29588358,224092360.71
2026-07-31 11:00:00,7.584,7.598,7.554,7.583,20406028,154643682.19
2026-07-31 11:15:00,7.583,7.586,7.521,7.525,44555876,336129528.54
2026-07-31 11:30:00,7.525,7.586,7.525,7.57,22238000,168126692.67
2026-07-31 13:15:00,7.571,7.613,7.57,7.587,29036256,220385183.04
2026-07-31 13:30:00,7.587,7.636,7.585,7.6,12884974,98015997.22
2026-07-31 13:45:00,7.603,7.603,7.563,7.566,25025400,189625797.6
2026-07-31 14:00:00,7.566,7.577,7.547,7.566,21135237,159852842.51
2026-07-31 14:15:00,7.566,7.578,7.541,7.553,10952648,82772811.82
2026-07-31 14:30:00,7.551,7.582,7.54,7.575,21394122,161860795.68
2026-07-31 14:45:00,7.575,7.575,7.512,7.517,82697579,623098691.91
2026-07-31 15:00:00,7.517,7.52,7.491,7.5,62463757,468707211.28
2026-08-03 09:45:00,7.461,7.52,7.44,7.443,80758260,603075766.26
2026-08-03 10:00:00,7.445,7.476,7.42,7.463,39671450,295671316.85
2026-08-03 10:15:00,7.465,7.491,7.454,7.487,20511946,153374657.56
2026-08-03 10:30:00,7.487,7.489,7.44,7.442,11584100,86382633.7
2026-08-03 10:45:00,7.441,7.491,7.439,7.476,14919723,111430437.85
2026-08-03 11:00:00,7.478,7.481,7.445,7.47,6953370,51909224.84
2026-08-03 11:15:00,7.47,7.485,7.44,7.448,13617500,101554775.83
2026-08-03 11:30:00,7.447,7.466,7.441,7.456,9011094,67171698.37
2026-08-03 13:15:00,7.464,7.475,7.441,7.448,6444100,48038617.47
2026-08-03 13:30:00,7.446,7.452,7.432,7.44,4988094,37118070.15
2026-08-03 13:45:00,7.44,7.447,7.429,7.441,5899800,43888612.2
2026-08-03 14:00:00,7.441,7.449,7.43,7.433,3847354,28614054.15
2026-08-03 14:15:00,7.433,7.453,7.417,7.453,17945100,133529489.1
2026-08-03 14:30:00,7.452,7.462,7.432,7.442,18763445,139700102.51
2026-08-03 14:45:00,7.442,7.448,7.424,7.425,14742215,109569055.95
2026-08-03 15:00:00,7.427,7.435,7.42,7.42,29857462,221691655.35
2026-08-04 09:45:00,7.47,7.522,7.464,7.502,92278466,691719381.14
2026-08-04 10:00:00,7.501,7.565,7.5,7.528,73159923,550967380.11
2026-08-04 10:15:00,7.528,7.539,7.511,7.525,38392700,288905067.5
2026-08-04 10:30:00,7.525,7.546,7.515,7.537,23841391,179589251.27
2026-08-04 10:45:00,7.537,7.574,7.53,7.557,49515139,374020854.96
2026-08-04 11:00:00,7.557,7.569,7.549,7.549,15096391,114063298.27
2026-08-04 11:15:00,7.549,7.569,7.532,7.565,15545235,117449432.17
2026-08-04 11:30:00,7.565,7.608,7.555,7.595,16635359,126195833.37
2026-08-04 13:15:00,7.595,7.626,7.591,7.602,20554426,156343815.63
2026-08-04 13:30:00,7.604,7.622,7.589,7.622,13070430,99479042.73
2026-08-04 13:45:00,7.623,7.655,7.623,7.65,23309947,178150154.94
2026-08-04 14:00:00,7.649,7.66,7.643,7.656,20634035,157912269.85
2026-08-04 14:15:00,7.655,7.665,7.637,7.637,15654907,119702637.22
2026-08-04 14:30:00,7.638,7.638,7.614,7.623,19616502,149575827.75
2026-08-04 14:45:00,7.623,7.626,7.594,7.595,70007908,532410140.34
2026-08-04 15:00:00,7.595,7.615,7.595,7.601,157488617,1197490947.46
2026-08-05 09:45:00,7.6,7.714,7.575,7.704,51487510,394617439.14
2026-08-05 10:00:00,7.703,7.73,7.695,7.718,42679277,329242169.2
2026-08-05 10:15:00,7.718,7.722,7.664,7.684,19644020,151062513.8
2026-08-05 10:30:00,7.684,7.713,7.661,7.709,57545335,442772989.27
2026-08-05 10:45:00,7.709,7.743,7.695,7.736,35900900,277322485.53
2026-08-05 11:00:00,7.735,7.756,7.734,7.748,16263300,125975521.8
2026-08-05 11:15:00,7.749,7.792,7.748,7.791,24586513,191209311.6
2026-08-05 11:30:00,7.792,7.817,7.789,7.809,33247709,259498368.74
2026-08-05 13:15:00,7.81,7.824,7.784,7.817,64331709,502323427.78
2026-08-05 13:30:00,7.817,7.85,7.813,7.829,27088100,212117881.73
2026-08-05 13:45:00,7.83,7.844,7.814,7.838,32764994,256615433.01
2026-08-05 14:00:00,7.84,7.854,7.834,7.84,10606200,83180891.2
2026-08-05 14:15:00,7.84,7.841,7.798,7.802,20626234,161166517.06
2026-08-05 14:30:00,7.802,7.807,7.777,7.805,38800485,302501514.56
2026-08-05 14:45:00,7.805,7.811,7.793,7.801,15884244,123923576.94
2026-08-05 15:00:00,7.8,7.816,7.8,7.815,44435065,347052669.34
2026-08-06 09:45:00,7.75,7.793,7.723,7.79,145794755,1132630853.34
2026-08-06 10:00:00,7.791,7.824,7.775,7.824,78814498,615357328.88
2026-08-06 10:15:00,7.824,7.837,7.801,7.833,62892280,492048234.63
2026-08-06 10:30:00,7.836,7.865,7.823,7.859,56558343,443926434.21
2026-08-06 10:45:00,7.86,7.87,7.829,7.869,30973597,243328578.03
2026-08-06 11:00:00,7.869,7.872,7.851,7.851,25850525,203133425.45
2026-08-06 11:15:00,7.85,7.851,7.805,7.806,23453967,183425657.92
2026-08-06 11:30:00,7.806,7.816,7.771,7.799,19753874,153988032.45
2026-08-06 13:15:00,7.798,7.826,7.782,7.795,7947273,61996676.67
2026-08-06 13:30:00,7.795,7.809,7.771,7.773,9957900,77515612.9
2026-08-06 13:45:00,7.773,7.792,7.757,7.788,17751683,138090342.06
2026-08-06 14:00:00,7.789,7.8,7.778,7.799,8626300,67219005.03
2026-08-06 14:15:00,7.799,7.804,7.768,7.785,6778700,52776698.63
2026-08-06 14:30:00,7.786,7.816,7.775,7.816,18357800,143233674.87
2026-08-06 14:45:00,7.815,7.837,7.808,7.817,41351886,323399316.44
2026-08-06 15:00:00,7.817,7.839,7.815,7.832,39090519,306026643.08
2026-08-07 09:45:00,7.82,7.868,7.8,7.804,52476023,410572403.95
2026-08-07 10:00:00,7.804,7.852,7.767,7.846,55517181,434236884.06
2026-08-07 10:15:00,7.847,7.899,7.846,7.891,25171629,198318874.35
2026-08-07 10:30:00,7.891,7.922,7.89,7.904,16347015,129228602.58
2026-08-07 10:45:00,7.905,7.94,7.905,7.923,21699905,171921114.01
2026-08-07 11:00:00,7.923,7.931,7.906,7.906,12991694,102820596.88
2026-08-07 11:15:00,7.906,7.925,7.897,7.912,7992000,63227376.0
2026-08-07 11:30:00,7.912,7.94,7.895,7.929,19146562,151666299.79
2026-08-07 13:15:00,7.929,7.964,7.922,7.949,23860201,189569296.94
2026-08-07 13:30:00,7.949,7.98,7.944,7.98,19557940,155837665.92
2026-08-07 13:45:00,7.98,7.99,7.976,7.983,9504400,75873625.2
2026-08-07 14:00:00,7.982,7.993,7.96,7.963,13711928,109311490.02
2026-08-07 14:15:00,7.963,7.98,7.942,7.958,15258744,121459602.24
2026-08-07 14:30:00,7.958,7.958,7.926,7.948,17993859,142943215.9
2026-08-07 14:45:00,7.949,7.986,7.944,7.983,28168025,224527327.28
2026-08-07 15:00:00,7.984,7.989,7.977,7.987,30671746,244893443.98
2026-08-10 09:45:00,8.002,8.027,7.962,7.964,46513182,371376749.48
2026-08-10 10:00:00,7.964,8.026,7.961,8.008,76180988,609320935.69
2026-08-10 10:15:00,8.008,8.008,7.965,7.99,20723365,165531331.83
2026-08-10 10:30:00,7.991,7.996,7.97,7.988,21950304,175265860.67
2026-08-10 10:45:00,7.988,7.988,7.961,7.963,6744000,53754176.0
2026-08-10 11:00:00,7.963,7.968,7.943,7.958,14024345,111582363.6
2026-08-10 11:15:00,7.958,7.989,7.956,7.968,13705238,109244452.1
2026-08-10 11:30:00,7.965,7.973,7.941,7.944,9225417,73366666.26
2026-08-10 13:15:00,7.943,7.95,7.928,7.929,11766448,93374609.18
2026-08-10 13:30:00,7.929,7.939,7.922,7.925,5410300,42896465.27
2026-08-10 13:45:00,7.927,7.963,7.924,7.95,8375800,66551314.87
2026-08-10 14:00:00,7.95,7.97,7.948,7.951,4987115,39679149.31
2026-08-10 14:15:00,7.951,8.004,7.951,7.994,13197669,105356991.63
2026-08-10 14:30:00,7.998,8.017,7.985,8.015,14602550,116903147.78
2026-08-10 14:45:00,8.015,8.032,7.998,8.032,15607474,125182346.46
2026-08-10 15:00:00,8.032,8.04,8.024,8.037,39213420,315027545.14
2026-08-11 09:45:00,7.993,8.011,7.959,7.98,29587612,236207769.13
2026-08-11 10:00:00,7.98,8.015,7.976,7.995,21647038,173075284.49
2026-08-11 10:15:00,7.995,8.019,7.979,8.018,7831635,62694848.72
2026-08-11 10:30:00,8.019,8.036,8.013,8.031,7612900,61106210.67
2026-08-11 10:45:00,8.032,8.076,8.024,8.064,9678231,77954924.63
2026-08-11 11:00:00,8.064,8.085,8.055,8.084,7512753,60662976.22
2026-08-11 11:15:00,8.083,8.093,8.06,8.07,7698400,62159447.73
2026-08-11 11:30:00,8.07,8.075,8.05,8.07,4751931,38324323.52
2026-08-11 13:15:00,8.068,8.075,8.042,8.058,16316400,131482990.0
2026-08-11 13:30:00,8.059,8.076,8.037,8.038,10888830,87658711.11
2026-08-11 13:45:00,8.039,8.07,8.032,8.048,9930086,79937192.3
2026-08-11 14:00:00,8.048,8.052,8.039,8.04,12492300,100483897.1
2026-08-11 14:15:00,8.04,8.043,8.024,8.024,18186700,146045263.23
2026-08-11 14:30:00,8.024,8.025,7.986,7.992,13763273,110119947.27
2026-08-11 14:45:00,7.992,7.998,7.97,7.988,21694300,173236216.93
2026-08-11 15:00:00,7.988,7.997,7.98,7.989,19433704,155249383.35
2026-08-12 09:45:00,7.982,8.037,7.973,8.036,25718988,206146261.82
2026-08-12 10:00:00,8.036,8.043,8.007,8.022,13865382,111255825.17
2026-08-12 10:15:00,8.026,8.045,8.006,8.032,7912636,63520004.26
2026-08-12 10:30:00,8.033,8.049,8.028,8.034,8995703,72298465.01
2026-08-12 10:45:00,8.034,8.065,8.033,8.057,8050768,64822100.35
2026-08-12 11:00:00,8.058,8.077,8.05,8.054,6157600,49632308.53
2026-08-12 11:15:00,8.054,8.086,8.053,8.076,7678484,61978163.35
2026-08-12 11:30:00,8.076,8.082,8.066,8.073,4535751,36620141.66
2026-08-12 13:15:00,8.073,8.076,8.041,8.049,8099019,65240297.72
2026-08-12 13:30:00,8.048,8.052,8.019,8.021,13897394,111605338.75
2026-08-12 13:45:00,8.021,8.044,8.02,8.025,7364500,59134480.17
2026-08-12 14:00:00,8.024,8.053,8.02,8.042,7503137,60312716.25
2026-08-12 14:15:00,8.042,8.042,8.022,8.034,9064300,72810500.47
2026-08-12 14:30:00,8.034,8.05,8.029,8.046,6043230,48597641.25
2026-08-12 14:45:00,8.047,8.066,8.041,8.061,23517783,189459259.85
2026-08-12 15:00:00,8.061,8.067,8.05,8.053,22467943,181016727.44
2026-08-13 09:45:00,8.085,8.137,8.085,8.132,33316714,270465084.25
2026-08-13 10:00:00,8.133,8.145,8.11,8.128,22018312,178957500.5
2026-08-13 10:15:00,8.126,8.149,8.125,8.143,12898975,104984757.53
2026-08-13 10:30:00,8.144,8.144,8.128,8.128,9215984,74956669.87
2026-08-13 10:45:00,8.128,8.129,8.098,8.118,24393299,197951621.38
2026-08-13 11:00:00,8.117,8.121,8.097,8.112,25190993,204298953.23
2026-08-13 11:15:00,8.112,8.129,8.103,8.108,10299027,83559439.06
2026-08-13 11:30:00,8.107,8.123,8.102,8.12,42402026,344092440.99
2026-08-13 13:15:00,8.12,8.139,8.11,8.128,11063479,89898142.53
2026-08-13 13:30:00,8.128,8.129,8.111,8.126,5209479,42311388.44
2026-08-13 13:45:00,8.125,8.132,8.103,8.105,6242293,50645803.87
2026-08-13 14:00:00,8.104,8.111,8.075,8.076,13593660,109936459.64
2026-08-13 14:15:00,8.076,8.099,8.066,8.082,18439694,149035753.47
2026-08-13 14:30:00,8.082,8.087,8.058,8.064,29984045,241961248.47
2026-08-13 14:45:00,8.064,8.067,7.991,8.008,46523371,373210482.16
2026-08-13 15:00:00,8.008,8.014,7.979,7.98,40096364,320410044.72
2026-08-14 09:45:00,8.0,8.024,7.988,7.992,32583345,260710204.46
2026-08-14 10:00:00,7.994,8.012,7.99,8.002,13308920,106489105.23
2026-08-14 10:15:00,8.002,8.009,7.973,7.991,13705417,109519987.25
2026-08-14 10:30:00,7.992,7.997,7.973,7.981,17844589,142465250.38
2026-08-14 10:45:00,7.98,8.004,7.979,7.989,9136500,73006726.0
2026-08-14 11:00:00,7.99,7.99,7.95,7.956,11690773,93120903.87
2026-08-14 11:15:00,7.955,7.956,7.93,7.933,16450559,130611954.94
2026-08-14 11:30:00,7.933,7.967,7.93,7.965,10217400,81269199.6
2026-08-14 13:15:00,7.965,7.968,7.927,7.929,8446261,67074574.02
2026-08-14 13:30:00,7.93,7.941,7.91,7.941,9426800,74760808.53
2026-08-14 13:45:00,7.941,7.982,7.933,7.965,13643292,108600604.32
2026-08-14 14:00:00,7.965,7.996,7.951,7.996,14178259,113156685.08
2026-08-14 14:15:00,7.996,8.003,7.97,8.002,11622700,92884744.17
2026-08-14 14:30:00,8.001,8.014,7.993,8.01,18415075,147424952.09
2026-08-14 14:45:00,8.01,8.011,7.981,7.987,19114059,152778673.59
2026-08-14 15:00:00,7.987,8.003,7.985,7.998,34894585,278993838.6
2026-08-17 09:45:00,8.005,8.035,7.998,8.028,30902308,247846810.93
2026-08-17 10:00:00,8.028,8.058,8.024,8.036,20039200,161101808.53
2026-08-17 10:15:00,8.036,8.072,8.025,8.071,20408550,164411278.8
2026-08-17 10:30:00,8.072,8.073,8.055,8.056,7317209,58986460.82
2026-08-17 10:45:00,8.057,8.1,8.056,8.1,9822139,79415267.86
2026-08-17 11:00:00,8.1,8.124,8.099,8.123,15962900,129544254.47
2026-08-17 11:15:00,8.124,8.136,8.112,8.116,11412425,92684107.57
2026-08-17 11:30:00,8.113,8.145,8.111,8.141,18344777,149185841.49
2026-08-17 13:15:00,8.14,8.164,8.132,8.16,26184623,213457046.7
2026-08-17 13:30:00,8.159,8.166,8.13,8.135,10274566,83672640.65
2026-08-17 13:45:00,8.135,8.158,8.133,8.155,8573555,69863041.84
2026-08-17 14:00:00,8.154,8.165,8.142,8.163,10267523,83748762.6
2026-08-17 14:15:00,8.163,8.179,8.161,8.177,11789955,96351442.24
2026-08-17 14:30:00,8.178,8.19,8.171,8.178,26205536,214352549.3
2026-08-17 14:45:00,8.179,8.188,8.164,8.188,19153839,156678403.02
2026-08-17 15:00:00,8.188,8.198,8.187,8.197,32479024,266133122.66
2026-08-18 09:45:00,8.194,8.223,8.18,8.192,70607621,578864812.83
2026-08-18 10:00:00,8.19,8.192,8.14,8.153,27416921,223767770.23
2026-08-18 10:15:00,8.153,8.181,8.15,8.168,14266528,116505223.16
2026-08-18 10:30:00,8.168,8.168,8.14,8.142,15479300,126156295.0
2026-08-18 10:45:00,8.144,8.157,8.136,8.143,14967781,121917565.51
2026-08-18 11:00:00,8.143,8.144,8.09,8.096,19741179,160100961.69
2026-08-18 11:15:00,8.097,8.113,8.075,8.097,23709831,191931081.94
2026-08-18 11:30:00,8.098,8.132,8.095,8.123,13318956,108105526.2
2026-08-18 13:15:00,8.123,8.128,8.093,8.095,11002234,89176773.98
2026-08-18 13:30:00,8.095,8.13,8.094,8.108,8816300,71506070.53
2026-08-18 13:45:00,8.11,8.126,8.098,8.124,12518608,101601022.53
2026-08-18 14:00:00,8.124,8.154,8.115,8.135,9265519,75371908.56
2026-08-18 14:15:00,8.135,8.151,8.127,8.141,8720000,70977893.33
2026-08-18 14:30:00,8.141,8.178,8.126,8.177,10429863,85111158.7
2026-08-18 14:45:00,8.177,8.2,8.172,8.188,21369219,174942672.88
2026-08-18 15:00:00,8.19,8.19,8.179,8.185,25626285,209742600.63
2026-08-19 09:45:00,8.085,8.085,8.023,8.043,47312083,380878038.84
2026-08-19 10:00:00,8.043,8.044,8.003,8.006,23670800,189784584.13
2026-08-19 10:15:00,8.006,8.018,7.941,7.945,21845462,174064641.22
2026-08-19 10:30:00,7.946,7.969,7.92,7.926,30255299,240176648.56
2026-08-19 10:45:00,7.926,7.942,7.897,7.906,35675589,282372286.94
2026-08-19 11:00:00,7.906,7.956,7.906,7.93,16753588,132867121.9
2026-08-19 11:15:00,7.931,7.936,7.901,7.906,6112800,48378736.8
2026-08-19 11:30:00,7.906,7.918,7.88,7.88,12981834,102461288.48
2026-08-19 13:15:00,7.88,7.884,7.835,7.842,24804400,194805489.47
2026-08-19 13:30:00,7.842,7.883,7.819,7.86,35284273,277122680.14
2026-08-19 13:45:00,7.86,7.888,7.849,7.872,17631900,138757175.7
2026-08-19 14:00:00,7.87,7.87,7.836,7.837,5149200,40409205.2
2026-08-19 14:15:00,7.837,7.846,7.821,7.836,12190500,95504440.5
2026-08-19 14:30:00,7.836,7.837,7.817,7.82,25026846,195826727.67
2026-08-19 14:45:00,7.82,7.823,7.781,7.784,104068695,811319546.22
2026-08-19 15:00:00,7.784,7.832,7.784,7.804,62928103,491258724.09
2026-08-20 09:45:00,7.855,7.908,7.836,7.899,62415772,491898699.13
2026-08-20 10:00:00,7.899,7.926,7.896,7.925,34374207,272094764.54
2026-08-20 10:15:00,7.925,7.931,7.894,7.9,30475900,241013575.83
2026-08-20 10:30:00,7.899,7.901,7.87,7.886,17913703,141261490.62
2026-08-20 10:45:00,7.886,7.886,7.86,7.876,7427930,58487520.82
2026-08-20 11:00:00,7.877,7.908,7.877,7.892,10282200,81150549.8
2026-08-20 11:15:00,7.895,7.898,7.866,7.867,6744815,53128907.76
2026-08-20 11:30:00,7.867,7.89,7.857,7.89,5805700,45743110.3
2026-08-20 13:15:00,7.886,7.904,7.857,7.857,6341200,49922153.87
2026-08-20 13:30:00,7.857,7.889,7.854,7.86,5840900,45954254.23
2026-08-20 13:45:00,7.86,7.867,7.831,7.855,6943700,54514988.7
2026-08-20 14:00:00,7.855,7.867,7.825,7.83,8227800,64511437.2
2026-08-20 14:15:00,7.83,7.856,7.818,7.84,12121900,95011452.2
2026-08-20 14:30:00,7.843,7.846,7.828,7.84,12371019,96964046.92
2026-08-20 14:45:00,7.84,7.867,7.838,7.861,12451803,97813063.17
2026-08-20 15:00:00,7.862,7.868,7.856,7.863,50467222,396790121.77
2026-08-21 09:45:00,7.838,7.84,7.768,7.838,48072210,375700345.22
2026-08-21 10:00:00,7.838,7.885,7.838,7.885,64204288,505244943.7
2026-08-21 10:15:00,7.885,7.895,7.863,7.875,14290562,112576283.92
2026-08-21 10:30:00,7.874,7.885,7.855,7.867,12808741,100791982.93
2026-08-21 10:45:00,7.87,7.883,7.846,7.867,18497519,145489152.77
2026-08-21 11:00:00,7.868,7.89,7.859,7.876,10017830,78890411.25
2026-08-21 11:15:00,7.875,7.88,7.834,7.839,35273063,276928817.61
2026-08-21 11:30:00,7.839,7.856,7.832,7.846,11035948,86573333.41
2026-08-21 13:15:00,7.851,7.853,7.813,7.83,18435873,144389757.34
2026-08-21 13:30:00,7.83,7.85,7.824,7.843,3844115,30134017.48
2026-08-21 13:45:00,7.844,7.85,7.826,7.826,2791200,21866260.8
2026-08-21 14:00:00,7.828,7.84,7.823,7.831,4623400,36207386.53
2026-08-21 14:15:00,7.832,7.862,7.821,7.858,4871790,38228936.13
2026-08-21 14:30:00,7.861,7.888,7.855,7.885,17794330,140148143.08
2026-08-21 14:45:00,7.886,7.898,7.868,7.871,9869800,77764154.2
2026-08-21 15:00:00,7.872,7.873,7.86,7.866,9558310,75188852.56
2026-08-24 09:45:00,7.859,7.875,7.768,7.769,97925802,764212958.81
2026-08-24 10:00:00,7.769,7.795,7.743,7.748,62822598,487629005.68
2026-08-24 10:15:00,7.75,7.791,7.735,7.78,31322764,243336112.59
2026-08-24 10:30:00,7.78,7.784,7.759,7.76,9282359,72102270.59
2026-08-24 10:45:00,7.763,7.77,7.728,7.728,8146000,63066332.0
2026-08-24 11:00:00,7.729,7.731,7.705,7.709,10132430,78171697.45
2026-08-24 11:15:00,7.709,7.716,7.686,7.716,18965400,146147372.4
2026-08-24 11:30:00,7.716,7.727,7.694,7.707,6695197,51615505.41
2026-08-24 13:15:00,7.706,7.711,7.68,7.691,8898400,68464289.6
2026-08-24 13:30:00,7.691,7.697,7.677,7.679,5585215,42918653.8
2026-08-24 13:45:00,7.679,7.685,7.652,7.658,18050519,138357228.14
2026-08-24 14:00:00,7.658,7.658,7.63,7.646,13227422,101119232.05
2026-08-24 14:15:00,7.646,7.69,7.64,7.686,17754341,136211304.15
2026-08-24 14:30:00,7.686,7.708,7.675,7.689,6578800,50595357.87
2026-08-24 14:45:00,7.689,7.704,7.675,7.701,8825018,67893805.15
2026-08-24 15:00:00,7.701,7.74,7.701,7.74,28216600,218029668.2
2026-08-25 09:45:00,7.663,7.701,7.625,7.627,98370945,752636100.2
2026-08-25 10:00:00,7.629,7.686,7.594,7.661,43044812,329163677.36
2026-08-25 10:15:00,7.661,7.715,7.653,7.692,23297461,179079816.89
2026-08-25 10:30:00,7.692,7.729,7.675,7.675,10973700,84420674.1
2026-08-25 10:45:00,7.676,7.682,7.639,7.647,8360884,64010927.9
2026-08-25 11:00:00,7.647,7.65,7.631,7.633,4512017,34462785.85
2026-08-25 11:15:00,7.633,7.665,7.63,7.662,5048100,38629743.9
2026-08-25 11:30:00,7.662,7.683,7.641,7.68,4393000,33685524.0
2026-08-25 13:15:00,7.68,7.769,7.672,7.766,73737700,570410267.97
2026-08-25 13:30:00,7.767,7.777,7.747,7.749,27218600,211152825.93
2026-08-25 13:45:00,7.747,7.75,7.709,7.712,13725209,106008939.25
2026-08-25 14:00:00,7.713,7.721,7.702,7.709,8371400,64549074.93
2026-08-25 14:15:00,7.709,7.733,7.708,7.724,5011475,38696939.46
2026-08-25 14:30:00,7.724,7.739,7.716,7.731,10766324,83209329.42
2026-08-25 14:45:00,7.73,7.749,7.725,7.729,8685662,67177805.13
2026-08-25 15:00:00,7.73,7.737,7.726,7.726,32757169,253201997.31
2026-08-26 09:45:00,7.732,7.769,7.722,7.743,72420915,560875846.37
2026-08-26 10:00:00,7.745,7.78,7.726,7.726,65046559,503720552.9
2026-08-26 10:15:00,7.726,7.755,7.708,7.751,32214498,249275785.52
2026-08-26 10:30:00,7.751,7.781,7.75,7.774,25860593,200893706.62
2026-08-26 10:45:00,7.775,7.863,7.77,7.844,84590000,661973143.33
2026-08-26 11:00:00,7.844,7.849,7.822,7.83,37475117,293567574.87
2026-08-26 11:15:00,7.83,7.838,7.815,7.829,12028000,94147165.33
2026-08-26 11:30:00,7.83,7.842,7.821,7.825,4779900,37423430.4
2026-08-26 13:15:00,7.824,7.825,7.791,7.796,15652200,122149768.8
2026-08-26 13:30:00,7.796,7.801,7.778,7.8,23362718,182065661.37
2026-08-26 13:45:00,7.8,7.813,7.781,7.792,28117100,219182166.87
2026-08-26 14:00:00,7.79,7.802,7.787,7.79,6010923,46843122.94
2026-08-26 14:15:00,7.79,7.792,7.772,7.788,4503300,35053687.2
2026-08-26 14:30:00,7.789,7.802,7.781,7.801,4249654,33124636.38
2026-08-26 14:45:00,7.801,7.811,7.79,7.79,10556993,82312874.42
2026-08-26 15:00:00,7.79,7.794,7.784,7.789,9167366,71404613.77
2026-08-27 09:45:00,7.799,7.828,7.782,7.809,30148335,235347952.46
2026-08-27 10:00:00,7.809,7.85,7.809,7.821,13239002,103617255.65
2026-08-27 10:15:00,7.82,7.861,7.818,7.859,11935449,93645532.85
2026-08-27 10:30:00,7.859,7.864,7.837,7.844,12395400,97283231.0
2026-08-27 10:45:00,7.844,7.888,7.835,7.883,16882525,132842961.72
2026-08-27 11:00:00,7.883,7.92,7.878,7.901,34135551,269659474.38
2026-08-27 11:15:00,7.901,7.916,7.892,7.916,14418608,114022352.06
2026-08-27 11:30:00,7.916,7.94,7.907,7.93,49853945,395125750.09
2026-08-27 13:15:00,7.93,7.931,7.906,7.92,24446009,193587945.27
2026-08-27 13:30:00,7.922,7.926,7.904,7.912,10823200,85654804.8
2026-08-27 13:45:00,7.909,7.919,7.895,7.919,7670089,60678074.08
2026-08-27 14:00:00,7.919,7.93,7.911,7.922,5329946,42218502.27
2026-08-27 14:15:00,7.922,7.93,7.917,7.926,5457578,43247667.26
2026-08-27 14:30:00,7.926,7.955,7.926,7.955,19536057,155220484.88
2026-08-27 14:45:00,7.955,7.975,7.954,7.974,68374198,544782818.26
2026-08-27 15:00:00,7.974,7.979,7.97,7.973,92270660,735766242.84
2026-08-28 09:45:00,7.96,8.004,7.952,7.986,39799586,317627229.34
2026-08-28 10:00:00,7.987,8.0,7.98,7.99,13263050,105971769.5
2026-08-28 10:15:00,7.991,7.996,7.964,7.97,21750374,173495483.27
2026-08-28 10:30:00,7.97,7.982,7.96,7.971,35066615,279515988.17
2026-08-28 10:45:00,7.97,7.973,7.943,7.946,21946840,174565165.36
2026-08-28 11:00:00,7.946,7.949,7.925,7.934,16061750,127466048.0
2026-08-28 11:15:00,7.934,7.948,7.927,7.93,8772086,69606502.41
2026-08-28 11:30:00,7.931,7.949,7.931,7.942,6302595,50046806.03
