datetime,open,high,low,close,volume,amount
2022-08-16 11:30:00,7.415,7.429,7.39,7.398,23756500,175932720.17
2022-08-16 14:00:00,7.398,7.405,7.364,7.398,28680900,211923170.1
2022-08-16 15:00:00,7.399,7.42,7.374,7.393,23557428,174222885.01
2022-08-17 10:30:00,7.395,7.407,7.353,7.357,27262500,200988237.5
2022-08-17 11:30:00,7.356,7.428,7.354,7.415,42679500,315785620.5
2022-08-17 14:00:00,7.414,7.441,7.392,7.435,27287957,202549408.83
2022-08-17 15:00:00,7.442,7.451,7.429,7.441,34076633,253541508.4
2022-08-18 10:30:00,7.431,7.431,7.387,7.394,34012500,251828550.0
2022-08-18 11:30:00,7.393,7.411,7.38,7.403,15595200,115373289.6
2022-08-18 14:00:00,7.403,7.42,7.391,7.408,8610400,63771492.53
2022-08-18 15:00:00,7.408,7.43,7.395,7.413,22629200,167742716.53
2022-08-19 10:30:00,7.4,7.423,7.347,7.352,39006400,287633193.6
2022-08-19 11:30:00,7.352,7.385,7.337,7.378,28482000,209817400.0
2022-08-19 14:00:00,7.379,7.388,7.348,7.361,24854600,183070698.73
2022-08-19 15:00:00,7.361,7.361,7.311,7.314,27046058,198211543.73
2022-08-22 10:30:00,7.308,7.37,7.275,7.365,29380400,215554201.33
2022-08-22 11:30:00,7.364,7.406,7.363,7.392,24683100,182334059.7
2022-08-22 14:00:00,7.392,7.4,7.373,7.391,11410624,84301690.11
2022-08-22 15:00:00,7.391,7.418,7.389,7.408,23240960,172099308.8
2022-08-23 10:30:00,7.4,7.406,7.365,7.371,28471200,210136436.8
2022-08-23 11:30:00,7.374,7.409,7.36,7.404,27821860,205631367.26
2022-08-23 14:00:00,7.405,7.407,7.374,7.389,36472300,269530297.0
2022-08-23 15:00:00,7.39,7.414,7.379,7.413,22242900,164641945.8
2022-08-24 10:30:00,7.409,7.415,7.283,7.295,51950900,380852047.9
2022-08-24 11:30:00,7.295,7.302,7.224,7.225,43066400,312245755.47
2022-08-24 14:00:00,7.226,7.26,7.22,7.229,17887800,129442083.4
2022-08-24 15:00:00,7.228,7.233,7.178,7.199,44989486,324074264.15
2022-08-25 10:30:00,7.196,7.233,7.14,7.196,49163286,353467638.58
2022-08-25 11:30:00,7.194,7.212,7.167,7.205,25429000,182953178.67
2022-08-25 14:00:00,7.205,7.234,7.156,7.158,34869200,250453840.53
2022-08-25 15:00:00,7.157,7.24,7.151,7.235,33507151,241541882.51
2022-08-26 10:30:00,7.228,7.291,7.228,7.285,27692020,201265601.36
2022-08-26 11:30:00,7.287,7.303,7.247,7.248,14402200,104646385.2
2022-08-26 14:00:00,7.246,7.255,7.227,7.237,14048300,101705009.23
2022-08-26 15:00:00,7.237,7.247,7.195,7.218,42040600,303533132.0
2022-08-29 10:30:00,6.2,6.29,6.199,6.256,118454951,740146018.83
2022-08-29 11:30:00,6.256,6.308,6.254,6.289,24693712,155167054.97
2022-08-29 14:00:00,6.288,6.309,6.263,6.3,27744121,174529017.17
2022-08-29 15:00:00,6.3,6.31,6.291,6.299,27135729,170955092.7
2022-08-30 10:30:00,6.3,6.31,6.275,6.288,73486103,462301073.97
2022-08-30 11:30:00,6.286,6.29,6.247,6.266,34810358,218179720.49
2022-08-30 14:00:00,6.266,6.272,6.243,6.257,21333086,133488230.13
2022-08-30 15:00:00,6.257,6.304,6.256,6.293,53905432,338759703.17
2022-08-31 10:30:00,6.27,6.286,6.169,6.187,96867844,601936782.62
2022-08-31 11:30:00,6.187,6.198,6.139,6.149,42050323,259114090.33
2022-08-31 14:00:00,6.152,6.25,6.149,6.199,60013858,372045910.36
2022-08-31 15:00:00,6.199,6.21,6.143,6.158,35078844,216448160.43
2022-09-01 10:30:00,6.15,6.207,6.14,6.169,40413112,249429727.26
2022-09-01 11:30:00,6.169,6.192,6.141,6.176,24197992,149293544.64
2022-09-01 14:00:00,6.176,6.177,6.154,6.16,8004469,49336878.76
2022-09-01 15:00:00,6.16,6.17,6.113,6.136,25476832,156419256.2
2022-09-02 10:30:00,6.12,6.18,6.118,6.16,74211165,456596561.19
2022-09-02 11:30:00,6.159,6.174,6.146,6.169,34399932,212006780.92
2022-09-02 14:00:00,6.169,6.172,6.127,6.137,18880492,116026916.84
2022-09-02 15:00:00,6.139,6.16,6.121,6.141,44186972,271337466.06
2022-09-05 10:30:00,6.136,6.185,6.112,6.162,45937782,282655172.65
2022-09-05 11:30:00,6.162,6.182,6.136,6.161,29676861,182799571.47
2022-09-05 14:00:00,6.161,6.168,6.145,6.151,15595282,95983762.28
2022-09-05 15:00:00,6.151,6.179,6.142,6.174,69107252,426046208.58
2022-09-06 10:30:00,6.18,6.23,6.18,6.217,42487563,263805278.67
2022-09-06 11:30:00,6.218,6.276,6.203,6.265,48405559,302437932.63
2022-09-06 14:00:00,6.265,6.279,6.26,6.261,21451273,134427977.47
2022-09-06 15:00:00,6.261,6.288,6.252,6.281,52499637,329365222.66
2022-09-07 10:30:00,6.264,6.306,6.253,6.297,39436403,247870938.32
2022-09-07 11:30:00,6.298,6.314,6.281,6.284,18069821,113713383.55
2022-09-07 14:00:00,6.284,6.307,6.276,6.287,29427785,185100767.65
2022-09-07 15:00:00,6.288,6.303,6.28,6.299,16764189,105513805.57
2022-09-08 10:30:00,6.305,6.308,6.274,6.295,47646085,299805048.85
2022-09-08 11:30:00,6.294,6.296,6.274,6.276,52461696,329564374.27
2022-09-08 14:00:00,6.276,6.304,6.27,6.283,16883427,106123594.31
2022-09-08 15:00:00,6.283,6.283,6.271,6.279,28166202,176818027.42
2022-09-09 10:30:00,6.275,6.298,6.256,6.272,35731242,224225453.96
2022-09-09 11:30:00,6.272,6.327,6.272,6.31,60635668,382186615.4
2022-09-09 14:00:00,6.309,6.321,6.306,6.319,22906267,144660711.53
2022-09-09 15:00:00,6.32,6.326,6.311,6.316,43235783,273149265.07
2022-09-13 10:30:00,6.331,6.351,6.292,6.31,68051496,429926667.9
2022-09-13 11:30:00,6.31,6.336,6.294,6.315,45461967,287092321.6
2022-09-13 14:00:00,6.316,6.321,6.301,6.309,30141611,190203612.61
2022-09-13 15:00:00,6.308,6.311,6.285,6.296,28260841,177967936.06
2022-09-14 10:30:00,6.23,6.277,6.215,6.267,71455145,446809021.68
2022-09-14 11:30:00,6.266,6.273,6.232,6.233,19817259,123778599.71
2022-09-14 14:00:00,6.236,6.255,6.218,6.249,49160843,306796434.22
2022-09-14 15:00:00,6.249,6.27,6.246,6.254,59984042,375300156.11
2022-09-15 10:30:00,6.264,6.278,6.172,6.186,56142974,348760154.49
2022-09-15 11:30:00,6.185,6.191,6.134,6.14,55642254,342478073.37
2022-09-15 14:00:00,6.14,6.142,6.074,6.081,33487253,204238756.05
2022-09-15 15:00:00,6.081,6.121,6.061,6.109,39429977,240404569.77
2022-09-16 10:30:00,6.09,6.109,6.071,6.078,55721264,339119612.7
2022-09-16 11:30:00,6.079,6.087,6.043,6.074,33939072,205942288.9
2022-09-16 14:00:00,6.072,6.075,6.012,6.013,34384018,207450241.93
2022-09-16 15:00:00,6.013,6.013,5.949,5.956,81691387,487915424.09
2022-09-19 10:30:00,5.95,5.961,5.881,5.883,63792932,376909906.57
2022-09-19 11:30:00,5.883,5.944,5.879,5.914,32701622,193342889.8
2022-09-19 14:00:00,5.912,5.925,5.879,5.882,36983067,218027507.65
2022-09-19 15:00:00,5.882,5.929,5.877,5.918,25595664,151219182.91
2022-09-20 10:30:00,5.927,5.985,5.927,5.985,43242475,257970191.69
2022-09-20 11:30:00,5.986,6.008,5.963,5.964,39955126,238865061.6
2022-09-20 14:00:00,5.964,5.972,5.933,5.953,21354378,127115494.11
2022-09-20 15:00:00,5.953,5.955,5.931,5.949,40125774,238547726.43
2022-09-21 10:30:00,5.93,5.943,5.876,5.938,44135997,261240966.24
2022-09-21 11:30:00,5.936,5.96,5.916,5.923,16637700,98711474.1
2022-09-21 14:00:00,5.925,5.994,5.919,5.987,33663689,200860011.03
2022-09-21 15:00:00,5.987,6.002,5.972,5.98,27032114,161778191.59
2022-09-22 10:30:00,5.941,6.017,5.933,5.981,53780611,321446711.95
2022-09-22 11:30:00,5.982,6.015,5.971,5.974,38365283,229680160.89
2022-09-22 14:00:00,5.974,5.99,5.963,5.964,25182437,150397907.91
2022-09-22 15:00:00,5.964,5.993,5.963,5.969,23651248,141316206.8
2022-09-23 10:30:00,5.958,5.983,5.877,5.887,73372546,434047524.62
2022-09-23 11:30:00,5.887,5.901,5.834,5.844,52113034,305365008.23
2022-09-23 14:00:00,5.844,5.961,5.843,5.901,37833350,223279820.58
2022-09-23 15:00:00,5.902,5.943,5.887,5.897,42359454,250302013.69
2022-09-26 10:30:00,5.858,5.909,5.824,5.907,108415394,637482516.72
2022-09-26 11:30:00,5.907,5.931,5.882,5.888,106112869,626101298.06
2022-09-26 14:00:00,5.888,5.899,5.857,5.858,51423257,301923082.93
2022-09-26 15:00:00,5.858,5.865,5.8,5.807,73832799,430002221.38
2022-09-27 10:30:00,5.814,5.869,5.814,5.832,59155105,345367221.36
2022-09-27 11:30:00,5.831,5.844,5.813,5.84,33883893,197622158.61
2022-09-27 14:00:00,5.84,5.887,5.832,5.881,56980581,334286075.2
2022-09-27 15:00:00,5.882,5.925,5.863,5.914,90404273,533445480.22
2022-09-28 10:30:00,5.895,5.91,5.82,5.828,66539802,389435281.17
2022-09-28 11:30:00,5.828,5.848,5.792,5.82,51694316,300860919.12
2022-09-28 14:00:00,5.822,5.827,5.779,5.817,31870915,185095650.68
2022-09-28 15:00:00,5.818,5.838,5.773,5.776,53820944,311928251.11
2022-09-29 10:30:00,5.81,5.866,5.81,5.833,65257761,380866045.78
2022-09-29 11:30:00,5.833,5.836,5.804,5.81,41205338,239677716.03
2022-09-29 14:00:00,5.81,5.842,5.78,5.789,63408867,368003927.78
2022-09-29 15:00:00,5.789,5.8,5.747,5.791,72541803,419243260.14
2022-09-30 10:30:00,5.783,5.815,5.731,5.757,63702069,367412299.97
2022-09-30 11:30:00,5.758,5.788,5.729,5.755,22826449,131419475.71
2022-09-30 14:00:00,5.754,5.787,5.737,5.764,29348889,169127864.34
2022-09-30 15:00:00,5.765,5.765,5.711,5.712,40429795,231635772.15
2022-10-10 10:30:00,5.721,5.769,5.689,5.721,65879018,377245216.74
2022-10-10 11:30:00,5.721,5.74,5.694,5.728,25703563,147041516.07
2022-10-10 14:00:00,5.727,5.73,5.672,5.675,32769659,186535822.25
2022-10-10 15:00:00,5.675,5.687,5.625,5.647,44253934,250167488.9
2022-10-11 10:30:00,5.65,5.681,5.62,5.629,107128181,604560034.78
2022-10-11 11:30:00,5.631,5.714,5.629,5.702,67817154,385314463.31
2022-10-11 14:00:00,5.702,5.71,5.664,5.707,41912136,238633731.67
2022-10-11 15:00:00,5.707,5.707,5.673,5.682,51377213,292199336.07
2022-10-12 10:30:00,5.683,5.689,5.627,5.647,63672805,360027263.74
2022-10-12 11:30:00,5.648,5.664,5.597,5.605,40511908,227757946.78
2022-10-12 14:00:00,5.604,5.759,5.591,5.746,80264135,457398550.65
2022-10-12 15:00:00,5.746,5.825,5.728,5.817,132067745,764672243.55
2022-10-13 10:30:00,5.79,5.845,5.786,5.826,59405157,345678608.58
2022-10-13 11:30:00,5.826,5.873,5.811,5.865,28267318,165354387.86
2022-10-13 14:00:00,5.868,5.877,5.839,5.852,38053947,222843913.63
2022-10-13 15:00:00,5.854,5.854,5.823,5.832,36306059,211894262.34
2022-10-14 10:30:00,5.89,5.966,5.866,5.953,92065273,545793626.77
2022-10-14 11:30:00,5.953,5.981,5.947,5.951,70139053,418005376.2
2022-10-14 14:00:00,5.95,6.009,5.947,5.977,51053182,305178904.27
2022-10-14 15:00:00,5.978,6.0,5.974,5.982,41609007,249043776.56
2022-10-17 10:30:00,5.954,5.995,5.951,5.974,55426007,331078015.15
2022-10-17 11:30:00,5.975,5.988,5.965,5.986,14431984,86298453.66
2022-10-17 14:00:00,5.987,6.024,5.979,6.02,43960484,264099934.38
2022-10-17 15:00:00,6.02,6.031,6.001,6.005,46623606,280316660.47
2022-10-18 10:30:00,6.035,6.035,5.992,6.024,48348428,290912491.28
2022-10-18 11:30:00,6.024,6.05,6.009,6.045,30562439,184434131.89
2022-10-18 14:00:00,6.046,6.074,6.029,6.029,61788476,373449548.94
2022-10-18 15:00:00,6.03,6.04,6.015,6.036,42907158,258744465.13
2022-10-19 10:30:00,6.02,6.042,6.003,6.033,30672238,184830906.19
2022-10-19 11:30:00,6.033,6.044,6.024,6.024,22027878,132842789.59
2022-10-19 14:00:00,6.024,6.026,5.976,5.996,33596279,201555276.48
2022-10-19 15:00:00,5.996,6.005,5.972,5.984,44359933,265582918.87
2022-10-20 10:30:00,5.963,5.967,5.881,5.937,87780273,520390718.44
2022-10-20 11:30:00,5.938,5.982,5.93,5.953,53522437,318726112.33
2022-10-20 14:00:00,5.953,6.052,5.953,5.987,67503797,404842771.87
2022-10-20 15:00:00,5.987,5.989,5.941,5.965,34391932,205147874.38
2022-10-21 10:30:00,5.97,5.99,5.924,5.953,66753064,397558998.16
2022-10-21 11:30:00,5.955,5.999,5.949,5.979,58053167,346906374.94
2022-10-21 14:00:00,5.979,5.998,5.96,5.967,28996333,173253089.68
2022-10-21 15:00:00,5.967,5.972,5.936,5.963,50325671,299790022.15
2022-10-24 10:30:00,5.96,6.08,5.936,5.99,101917567,611709237.13
2022-10-24 11:30:00,5.99,6.004,5.948,5.966,42912947,256304728.12
2022-10-24 14:00:00,5.968,5.976,5.893,5.894,62381046,369358173.37
2022-10-24 15:00:00,5.894,5.933,5.86,5.911,79900375,471518746.33
2022-10-25 10:30:00,5.89,5.908,5.808,5.847,135275450,791947576.12
2022-10-25 11:30:00,5.847,5.94,5.791,5.933,53244247,313502126.34
2022-10-25 14:00:00,5.934,5.937,5.865,5.887,41119379,242453565.04
2022-10-25 15:00:00,5.887,5.902,5.852,5.852,32418643,190254209.55
2022-10-26 10:30:00,5.88,6.0,5.873,5.994,128816112,767185824.37
2022-10-26 11:30:00,5.994,6.031,5.986,6.011,45568995,273839280.62
2022-10-26 14:00:00,6.011,6.016,5.95,5.954,41536969,248114161.49
2022-10-26 15:00:00,5.954,5.989,5.948,5.988,43070370,257345460.75
2022-10-27 10:30:00,6.011,6.036,5.983,6.009,91050130,547150581.21
2022-10-27 11:30:00,6.009,6.036,5.993,6.008,51116771,307331066.18
2022-10-27 14:00:00,6.008,6.033,5.973,6.019,35150096,211193493.47
2022-10-27 15:00:00,6.02,6.02,5.963,5.969,34331158,205437649.47
2022-10-28 10:30:00,5.943,5.952,5.872,5.873,77415281,456672742.62
2022-10-28 11:30:00,5.873,5.906,5.854,5.883,27690760,162849359.56
2022-10-28 14:00:00,5.886,5.886,5.825,5.839,39634155,231859806.75
2022-10-28 15:00:00,5.839,5.859,5.754,5.777,93698330,543137986.23
2022-10-31 10:30:00,5.769,5.816,5.746,5.781,81660583,472079830.32
2022-10-31 11:30:00,5.782,5.875,5.776,5.843,55130538,321484543.92
2022-10-31 14:00:00,5.843,5.868,5.8,5.818,28330378,165128329.9
2022-10-31 15:00:00,5.818,5.822,5.793,5.811,30958126,179825434.56
2022-11-01 10:30:00,5.824,5.892,5.79,5.889,97741935,572474513.3
2022-11-01 11:30:00,5.889,5.921,5.825,5.829,67316632,394363269.13
2022-11-01 14:00:00,5.829,5.887,5.821,5.868,19547738,114523681.03
2022-11-01 15:00:00,5.867,5.965,5.864,5.962,181171194,1074405570.82
2022-11-02 10:30:00,5.95,5.979,5.935,5.976,83509101,497992605.63
2022-11-02 11:30:00,5.977,6.007,5.967,5.998,37340471,223694314.94
2022-11-02 14:00:00,5.999,6.035,5.996,6.028,55748151,335585286.3
2022-11-02 15:00:00,6.028,6.032,5.99,6.004,79884949,480002030.22
2022-11-03 10:30:00,5.967,6.018,5.961,5.993,92494046,554100998.24
2022-11-03 11:30:00,5.991,6.025,5.978,5.983,59481545,356611689.46
2022-11-03 14:00:00,5.983,6.005,5.974,5.998,25655431,153735894.36
2022-11-03 15:00:00,5.999,6.02,5.985,6.006,54586538,327719378.64
2022-11-04 10:30:00,6.0,6.093,5.999,6.084,73818239,447240104.02
2022-11-04 11:30:00,6.085,6.142,6.071,6.131,69341418,423999657.26
2022-11-04 14:00:00,6.13,6.175,6.129,6.144,108445930,666870172.21
2022-11-04 15:00:00,6.143,6.16,6.135,6.157,85227695,524207142.71
2022-11-07 10:30:00,6.154,6.179,6.104,6.135,77564958,476197132.15
2022-11-07 11:30:00,6.134,6.173,6.127,6.164,41706700,256690836.27
2022-11-07 14:00:00,6.164,6.166,6.127,6.129,37218674,228547470.81
2022-11-07 15:00:00,6.128,6.154,6.123,6.142,48413040,297239927.92
2022-11-08 10:30:00,6.134,6.145,6.109,6.119,51733824,316835182.78
2022-11-08 11:30:00,6.119,6.14,6.116,6.134,24203324,148366376.12
2022-11-08 14:00:00,6.134,6.135,6.114,6.119,32218101,197260693.06
2022-11-08 15:00:00,6.119,6.15,6.113,6.147,68414825,419838976.08
2022-11-09 10:30:00,6.155,6.196,6.126,6.195,53764946,331855168.36
2022-11-09 11:30:00,6.193,6.195,6.134,6.136,30524433,187877885.12
2022-11-09 14:00:00,6.136,6.149,6.123,6.128,29664017,181939304.27
2022-11-09 15:00:00,6.129,6.148,6.127,6.129,27203271,166882999.83
2022-11-10 10:30:00,6.106,6.108,6.067,6.093,51703145,314837684.29
2022-11-10 11:30:00,6.093,6.122,6.086,6.09,27435890,167340638.41
2022-11-10 14:00:00,6.089,6.102,6.075,6.098,45967178,280016725.98
2022-11-10 15:00:00,6.098,6.136,6.087,6.108,75385390,460629861.36
2022-11-11 10:30:00,6.27,6.279,6.161,6.173,203322693,1261481761.6
2022-11-11 11:30:00,6.173,6.208,6.166,6.2,63387189,392451216.16
2022-11-11 14:00:00,6.2,6.236,6.175,6.224,67639619,420154766.69
2022-11-11 15:00:00,6.224,6.242,6.137,6.142,91373161,564107438.29
2022-11-14 10:30:00,6.152,6.21,6.14,6.163,92408846,570254988.67
2022-11-14 11:30:00,6.163,6.193,6.162,6.182,58003512,358403700.65
2022-11-14 14:00:00,6.182,6.187,6.12,6.121,47074607,289163619.27
2022-11-14 15:00:00,6.12,6.145,6.119,6.135,61709697,378465571.7
2022-11-15 10:30:00,6.14,6.207,6.127,6.206,78957389,487956664.02
2022-11-15 11:30:00,6.206,6.239,6.2,6.224,83439126,519074802.85
2022-11-15 14:00:00,6.222,6.24,6.216,6.234,34073565,212278309.95
2022-11-15 15:00:00,6.234,6.25,6.225,6.242,101260097,631761745.18
2022-11-16 10:30:00,6.238,6.27,6.228,6.266,50775094,317581287.94
2022-11-16 11:30:00,6.266,6.266,6.223,6.226,47292171,295024326.76
2022-11-16 14:00:00,6.227,6.229,6.21,6.217,33053846,205550850.33
2022-11-16 15:00:00,6.217,6.23,6.201,6.213,76917231,478014951.59
2022-11-17 10:30:00,6.192,6.2,6.164,6.177,98477332,608622737.54
2022-11-17 11:30:00,6.177,6.2,6.161,6.164,95355818,588822176.15
2022-11-17 14:00:00,6.167,6.197,6.163,6.179,47880208,295883725.37
2022-11-17 15:00:00,6.179,6.228,6.173,6.228,87931264,546023839.02
2022-11-18 10:30:00,6.225,6.245,6.218,6.235,94996036,592078627.04
2022-11-18 11:30:00,6.236,6.244,6.212,6.234,56142373,349766983.79
2022-11-18 14:00:00,6.233,6.267,6.222,6.243,113075079,706040793.28
2022-11-18 15:00:00,6.243,6.249,6.198,6.214,200837502,1249276208.27
2022-11-21 10:30:00,6.165,6.188,6.134,6.185,109402018,674901049.04
2022-11-21 11:30:00,6.186,6.188,6.16,6.184,62875937,388405621.49
2022-11-21 14:00:00,6.182,6.208,6.163,6.207,101129751,626262838.03
2022-11-21 15:00:00,6.207,6.215,6.195,6.206,140561204,872229124.55
2022-11-22 10:30:00,6.185,6.204,6.153,6.171,57793831,356934700.26
2022-11-22 11:30:00,6.171,6.195,6.149,6.195,56552946,349478355.3
2022-11-22 14:00:00,6.195,6.199,6.125,6.127,66139138,406777745.08
2022-11-22 15:00:00,6.127,6.143,6.108,6.139,87011022,533377564.86
2022-11-23 10:30:00,6.101,6.147,6.081,6.085,105927704,646618014.45
2022-11-23 11:30:00,6.084,6.104,6.056,6.083,85535370,520140584.97
2022-11-23 14:00:00,6.084,6.155,6.083,6.128,121082861,741269275.04
2022-11-23 15:00:00,6.129,6.137,6.116,6.13,91456925,560417550.76
2022-11-24 10:30:00,6.14,6.165,6.12,6.134,68099350,418107309.22
2022-11-24 11:30:00,6.134,6.156,6.121,6.133,39690165,243565312.55
2022-11-24 14:00:00,6.135,6.143,6.1,6.13,44363635,271697688.62
2022-11-24 15:00:00,6.131,6.143,6.118,6.129,47221468,289467598.84
2022-11-25 10:30:00,6.11,6.128,6.064,6.105,67111874,409315319.53
2022-11-25 11:30:00,6.106,6.122,6.078,6.092,27795911,169480934.67
2022-11-25 14:00:00,6.092,6.119,6.087,6.097,47519085,289913937.58
2022-11-25 15:00:00,6.099,6.113,6.087,6.094,134809934,822070977.53
2022-11-28 10:30:00,6.021,6.04,5.974,6.022,91435350,549709324.2
2022-11-28 11:30:00,6.021,6.068,6.021,6.06,60184652,364097083.05
2022-11-28 14:00:00,6.055,6.065,6.028,6.034,61819909,373536496.81
2022-11-28 15:00:00,6.034,6.076,6.029,6.071,145436914,881153782.95
2022-11-29 10:30:00,6.087,6.143,6.086,6.13,104929031,642130693.38
2022-11-29 11:30:00,6.13,6.175,6.13,6.174,97165634,598507916.9
2022-11-29 14:00:00,6.174,6.195,6.174,6.181,84477580,522353036.33
2022-11-29 15:00:00,6.181,6.184,6.168,6.172,93913475,579884403.63
2022-11-30 10:30:00,6.169,6.185,6.158,6.176,55791781,344402664.11
2022-11-30 11:30:00,6.175,6.182,6.162,6.174,31508340,194490480.04
2022-11-30 14:00:00,6.173,6.178,6.141,6.141,30389905,186999215.43
2022-11-30 15:00:00,6.143,6.167,6.13,6.16,87386295,537629615.6
2022-12-01 10:30:00,6.24,6.248,6.205,6.22,111572861,694466677.82
2022-12-01 11:30:00,6.22,6.228,6.209,6.21,28649872,178078054.39
2022-12-01 14:00:00,6.21,6.219,6.195,6.2,24602337,152649300.31
2022-12-01 15:00:00,6.2,6.212,6.186,6.187,53816746,333394741.47
2022-12-02 10:30:00,6.194,6.227,6.186,6.204,68016899,422090202.89
2022-12-02 11:30:00,6.203,6.204,6.174,6.175,48751545,301495804.8
2022-12-02 14:00:00,6.178,6.194,6.171,6.183,34234801,211662362.98
2022-12-02 15:00:00,6.184,6.196,6.172,6.175,54037615,334006498.32
2022-12-05 10:30:00,6.216,6.233,6.186,6.223,118122841,734015333.97
2022-12-05 11:30:00,6.223,6.229,6.201,6.211,63145712,392366405.8
2022-12-05 14:00:00,6.211,6.229,6.208,6.222,58786390,365631750.34
2022-12-05 15:00:00,6.222,6.224,6.203,6.219,149421603,928705069.85
2022-12-06 10:30:00,6.214,6.252,6.205,6.249,57529789,358717411.01
2022-12-06 11:30:00,6.249,6.264,6.226,6.227,62019096,386937139.94
2022-12-06 14:00:00,6.228,6.23,6.203,6.222,43830627,272553448.9
2022-12-06 15:00:00,6.221,6.226,6.188,6.217,41640859,258603614.68
2022-12-07 10:30:00,6.207,6.228,6.199,6.225,54035918,335959314.18
2022-12-07 11:30:00,6.226,6.229,6.204,6.22,48960774,304421772.47
2022-12-07 14:00:00,6.22,6.255,6.205,6.207,66235027,412136416.34
2022-12-07 15:00:00,6.207,6.213,6.189,6.207,82254198,510222790.19
2022-12-08 10:30:00,6.207,6.214,6.173,6.191,36098860,223548207.03
2022-12-08 11:30:00,6.191,6.211,6.185,6.206,24864579,154176966.19
2022-12-08 14:00:00,6.208,6.215,6.187,6.209,37343440,231666253.95
2022-12-08 15:00:00,6.209,6.209,6.174,6.195,81573401,505156881.26
2022-12-09 10:30:00,6.19,6.222,6.162,6.184,43365458,268403274.71
2022-12-09 11:30:00,6.184,6.211,6.171,6.208,47936513,297046592.22
2022-12-09 14:00:00,6.207,6.216,6.185,6.196,47465296,294237369.9
2022-12-09 15:00:00,6.196,6.23,6.193,6.207,57469461,356885352.81
2022-12-12 10:30:00,6.195,6.196,6.155,6.161,91061312,561909002.58
2022-12-12 11:30:00,6.162,6.194,6.158,6.179,20926762,129264608.87
2022-12-12 14:00:00,6.179,6.204,6.175,6.19,17947421,111088553.52
2022-12-12 15:00:00,6.19,6.197,6.175,6.183,65212343,403338341.46
2022-12-13 10:30:00,6.181,6.184,6.142,6.152,55133006,339582561.62
2022-12-13 11:30:00,6.153,6.166,6.14,6.145,31332161,192703234.2
2022-12-13 14:00:00,6.146,6.166,6.136,6.162,40023467,246331098.23
2022-12-13 15:00:00,6.162,6.164,6.147,6.147,79271419,487730617.3
2022-12-14 10:30:00,6.149,6.168,6.135,6.15,58111250,357442298.75
2022-12-14 11:30:00,6.15,6.161,6.132,6.141,63482523,390078942.99
2022-12-14 14:00:00,6.14,6.145,6.12,6.12,32007662,196153621.96
2022-12-14 15:00:00,6.12,6.126,6.105,6.123,43548648,266430628.46
2022-12-15 10:30:00,6.118,6.136,6.106,6.116,80667142,493629130.95
2022-12-15 11:30:00,6.115,6.12,6.098,6.108,32627526,199310680.49
2022-12-15 14:00:00,6.109,6.124,6.105,6.117,28726336,175671120.09
2022-12-15 15:00:00,6.117,6.135,6.116,6.12,29227722,178980826.95
2022-12-16 10:30:00,6.109,6.111,6.079,6.096,52713153,321304238.59
2022-12-16 11:30:00,6.095,6.109,6.084,6.085,25906713,157840966.74
2022-12-16 14:00:00,6.086,6.087,6.066,6.083,51407837,312491105.18
2022-12-16 15:00:00,6.084,6.105,6.074,6.097,136160940,829492446.48
2022-12-19 10:30:00,6.094,6.106,6.035,6.04,176437675,1069271123.06
2022-12-19 11:30:00,6.04,6.04,6.001,6.011,144694019,870672143.66
2022-12-19 14:00:00,6.011,6.014,5.968,5.971,99525599,595594359.62
2022-12-19 15:00:00,5.971,5.981,5.942,5.971,201733668,1203274085.06
2022-12-20 10:30:00,5.949,5.957,5.912,5.92,105730717,626947908.24
2022-12-20 11:30:00,5.92,5.949,5.918,5.933,83026279,492622588.73
2022-12-20 14:00:00,5.938,5.938,5.886,5.892,121949214,720150758.41
2022-12-20 15:00:00,5.892,5.918,5.891,5.907,117416287,693382313.5
2022-12-21 10:30:00,5.91,5.92,5.892,5.901,58922085,347895630.54
2022-12-21 11:30:00,5.901,5.913,5.863,5.863,36171100,212674010.97
2022-12-21 14:00:00,5.864,5.872,5.839,5.845,57314488,335404383.78
2022-12-21 15:00:00,5.846,5.881,5.837,5.877,74587017,437452854.7
2022-12-22 10:30:00,5.893,5.902,5.862,5.888,56025730,329655395.32
2022-12-22 11:30:00,5.888,5.889,5.853,5.855,51880197,304311942.2
2022-12-22 14:00:00,5.858,5.868,5.821,5.827,41408984,241773254.58
2022-12-22 15:00:00,5.827,5.827,5.777,5.813,77665164,450898053.8
2022-12-23 10:30:00,5.783,5.831,5.771,5.819,161628748,938578139.64
2022-12-23 11:30:00,5.82,5.833,5.798,5.813,91147808,529994120.92
2022-12-23 14:00:00,5.813,5.82,5.788,5.789,83581724,484690417.48
2022-12-23 15:00:00,5.789,5.794,5.759,5.79,85649822,495141620.98
2022-12-26 10:30:00,5.795,5.859,5.791,5.854,158135487,922667854.82
2022-12-26 11:30:00,5.854,5.878,5.853,5.862,92590183,542979696.51
2022-12-26 14:00:00,5.861,5.865,5.844,5.853,62913308,368294505.03
2022-12-26 15:00:00,5.853,5.872,5.851,5.861,69457634,407114345.42
2022-12-27 10:30:00,5.884,5.889,5.846,5.866,93799860,550323778.62
2022-12-27 11:30:00,5.866,5.883,5.855,5.882,37552495,220558320.63
2022-12-27 14:00:00,5.882,5.904,5.877,5.893,99999399,589129792.64
2022-12-27 15:00:00,5.893,5.905,5.891,5.901,113456061,669277303.84
2022-12-28 10:30:00,5.886,5.889,5.865,5.885,91425607,537552093.96
2022-12-28 11:30:00,5.885,5.905,5.881,5.902,43296272,255274819.71
2022-12-28 14:00:00,5.901,5.903,5.873,5.875,39766837,233974813.3
2022-12-28 15:00:00,5.875,5.887,5.87,5.884,53782175,316257116.39
2022-12-29 10:30:00,5.869,5.878,5.852,5.875,74452028,436909317.65
2022-12-29 11:30:00,5.875,5.922,5.873,5.901,94628902,558184349.93
2022-12-29 14:00:00,5.901,5.914,5.875,5.877,39716822,233879125.82
2022-12-29 15:00:00,5.877,5.9,5.873,5.879,66759445,392812574.38
2022-12-30 10:30:00,5.898,5.903,5.884,5.886,36288163,213773568.23
2022-12-30 11:30:00,5.886,5.886,5.863,5.882,49564169,291288621.21
2022-12-30 14:00:00,5.882,5.889,5.872,5.886,27936597,164332375.75
2022-12-30 15:00:00,5.886,5.89,5.875,5.887,42463749,249856699.12
2023-01-03 10:30:00,5.872,5.932,5.85,5.93,85869965,506976273.36
2023-01-03 11:30:00,5.93,5.953,5.928,5.953,37580684,223404639.49
2023-01-03 14:00:00,5.953,5.972,5.947,5.967,43024961,256514817.48
2023-01-03 15:00:00,5.968,5.99,5.957,5.969,78224878,467158971.42
2023-01-04 10:30:00,5.977,5.982,5.955,5.973,70583388,421382826.36
2023-01-04 11:30:00,5.975,5.985,5.968,5.976,37029856,221302762.74
2023-01-04 14:00:00,5.976,5.98,5.934,5.945,76546252,455679838.16
2023-01-04 15:00:00,5.945,5.97,5.944,5.967,79214667,472145820.21
2023-01-05 10:30:00,5.985,6.023,5.968,6.016,82465121,494983144.62
2023-01-05 11:30:00,6.016,6.042,6.016,6.023,62201229,374886807.18
2023-01-05 14:00:00,6.024,6.036,6.012,6.035,45371848,273486375.79
2023-01-05 15:00:00,6.035,6.04,6.021,6.026,41736807,251631209.4
2023-01-06 10:30:00,6.027,6.05,6.016,6.04,55941268,337624199.47
2023-01-06 11:30:00,6.039,6.068,6.036,6.062,37337804,226092849.15
2023-01-06 14:00:00,6.062,6.071,6.018,6.018,42837419,258552381.94
2023-01-06 15:00:00,6.019,6.043,6.015,6.039,63156060,380978405.94
2023-01-09 10:30:00,6.048,6.091,6.048,6.076,51234671,311079844.09
2023-01-09 11:30:00,6.077,6.087,6.056,6.062,45716511,277423027.59
2023-01-09 14:00:00,6.063,6.064,6.05,6.051,27356321,165642523.66
2023-01-09 15:00:00,6.051,6.068,6.049,6.052,85393913,517174001.77
2023-01-10 10:30:00,6.051,6.067,6.03,6.046,65339111,395149163.62
2023-01-10 11:30:00,6.046,6.061,6.043,6.057,29465890,178376676.1
2023-01-10 14:00:00,6.057,6.071,6.053,6.061,28456465,172493605.34
2023-01-10 15:00:00,6.062,6.073,6.058,6.067,28244728,171332520.05
2023-01-11 10:30:00,6.067,6.088,6.045,6.088,73212906,444670786.74
2023-01-11 11:30:00,6.087,6.089,6.056,6.061,39031668,236870182.54
2023-01-11 14:00:00,6.061,6.065,6.043,6.043,35591087,215337940.05
2023-01-11 15:00:00,6.043,6.047,6.025,6.034,84060834,507335153.47
2023-01-12 10:30:00,6.045,6.073,6.042,6.044,61742972,373730209.52
2023-01-12 11:30:00,6.044,6.05,6.018,6.023,42191553,254429128.44
2023-01-12 14:00:00,6.023,6.05,6.02,6.045,28499747,172090972.3
2023-01-12 15:00:00,6.045,6.056,6.03,6.033,37685601,227608468.17
2023-01-13 10:30:00,6.042,6.056,6.033,6.044,31904717,192842744.45
2023-01-13 11:30:00,6.044,6.063,6.042,6.053,26860148,162575522.46
2023-01-13 14:00:00,6.053,6.061,6.039,6.042,42906548,259470197.94
2023-01-13 15:00:00,6.041,6.086,6.038,6.085,113783809,690629792.69
2023-01-16 10:30:00,6.091,6.172,6.091,6.168,133923219,822779616.46
2023-01-16 11:30:00,6.166,6.197,6.164,6.192,119265320,737576493.99
2023-01-16 14:00:00,6.192,6.198,6.152,6.158,65828117,406115596.48
2023-01-16 15:00:00,6.158,6.162,6.134,6.144,71972421,442390481.08
2023-01-17 10:30:00,6.16,6.166,6.144,6.16,67275471,414192649.79
2023-01-17 11:30:00,6.159,6.165,6.151,6.152,53729872,330761092.03
2023-01-17 14:00:00,6.151,6.153,6.137,6.151,99232664,609983185.61
2023-01-17 15:00:00,6.15,6.162,6.147,6.151,81504120,501522018.4
2023-01-18 10:30:00,6.152,6.195,6.152,6.18,51455282,317770669.87
2023-01-18 11:30:00,6.181,6.188,6.165,6.181,100792329,622695008.56
2023-01-18 14:00:00,6.183,6.195,6.177,6.191,94475774,584584597.59
2023-01-18 15:00:00,6.189,6.196,6.172,6.173,114512249,707723869.57
2023-01-19 10:30:00,6.167,6.185,6.151,6.179,73792070,455420058.68
2023-01-19 11:30:00,6.179,6.208,6.175,6.204,45557539,282259325.8
2023-01-19 14:00:00,6.204,6.227,6.203,6.222,83500272,519149024.45
2023-01-19 15:00:00,6.221,6.237,6.216,6.236,98773015,615322959.11
2023-01-20 10:30:00,6.242,6.278,6.241,6.27,139063551,870955019.91
2023-01-20 11:30:00,6.27,6.28,6.246,6.254,50239835,314501367.1
2023-01-20 14:00:00,6.254,6.277,6.252,6.273,33085793,207359693.33
2023-01-20 15:00:00,6.275,6.28,6.261,6.279,55230611,346480033.01
2023-01-30 10:30:00,6.35,6.382,6.332,6.345,188129182,1195184693.25
2023-01-30 11:30:00,6.345,6.353,6.325,6.348,35144568,222886850.26
2023-01-30 14:00:00,6.348,6.349,6.31,6.317,79074935,500175322.19
2023-01-30 15:00:00,6.317,6.328,6.292,6.298,102098064,643830391.58
2023-01-31 10:30:00,6.296,6.331,6.281,6.323,61769005,389865369.89
2023-01-31 11:30:00,6.323,6.329,6.306,6.308,65950377,416432663.84
2023-01-31 14:00:00,6.308,6.323,6.297,6.315,73075260,461226682.7
2023-01-31 15:00:00,6.316,6.322,6.301,6.304,62867528,396631234.15
2023-02-01 10:30:00,6.318,6.354,6.314,6.324,63487372,401917389.67
2023-02-01 11:30:00,6.324,6.353,6.307,6.346,47452332,300626340.66
2023-02-01 14:00:00,6.346,6.363,6.339,6.353,38135601,242224625.68
2023-02-01 15:00:00,6.354,6.384,6.349,6.377,256579571,1634411867.27
2023-02-02 10:30:00,6.391,6.411,6.359,6.389,136478013,871594083.69
2023-02-02 11:30:00,6.389,6.419,6.374,6.418,91145319,583664241.1
2023-02-02 14:00:00,6.418,6.419,6.377,6.38,56556277,361507722.58
2023-02-02 15:00:00,6.38,6.393,6.377,6.386,54113065,345529957.71
2023-02-03 10:30:00,6.37,6.371,6.304,6.32,110677514,700773126.14
2023-02-03 11:30:00,6.319,6.322,6.291,6.298,54308536,342342908.1
2023-02-03 14:00:00,6.298,6.337,6.286,6.325,26974008,170367834.53
2023-02-03 15:00:00,6.326,6.374,6.324,6.358,66343671,421414998.19
2023-02-06 10:30:00,6.336,6.344,6.298,6.3,113434224,716223690.34
2023-02-06 11:30:00,6.3,6.315,6.283,6.296,64921290,408874284.42
2023-02-06 14:00:00,6.296,6.32,6.293,6.318,46514555,293522346.9
2023-02-06 15:00:00,6.319,6.331,6.303,6.329,79797629,504400812.91
2023-02-07 10:30:00,6.331,6.34,6.291,6.318,138188934,872847370.12
2023-02-07 11:30:00,6.318,6.331,6.308,6.328,69672034,440489822.96
2023-02-07 14:00:00,6.329,6.329,6.284,6.29,230733645,1453852697.14
2023-02-07 15:00:00,6.29,6.333,6.288,6.333,124159408,784439139.74
2023-02-08 10:30:00,6.336,6.341,6.299,6.321,156332059,988070723.57
2023-02-08 11:30:00,6.322,6.333,6.311,6.319,90225284,570314020.16
2023-02-08 14:00:00,6.319,6.321,6.291,6.298,111338910,701806262.7
2023-02-08 15:00:00,6.298,6.306,6.275,6.288,109241685,687093784.76
2023-02-09 10:30:00,6.28,6.352,6.268,6.35,114283830,722654751.7
2023-02-09 11:30:00,6.35,6.354,6.325,6.336,74977579,475232888.23
2023-02-09 14:00:00,6.335,6.375,6.333,6.365,73442166,466920810.71
2023-02-09 15:00:00,6.365,6.382,6.364,6.376,57139616,364207912.38
2023-02-10 10:30:00,6.38,6.382,6.361,6.369,61879660,394214687.31
2023-02-10 11:30:00,6.369,6.372,6.309,6.313,141330150,894808289.7
2023-02-10 14:00:00,6.313,6.336,6.307,6.336,173450622,1097306451.65
2023-02-10 15:00:00,6.337,6.36,6.332,6.36,94694844,601375389.3
2023-02-13 10:30:00,6.338,6.402,6.338,6.386,67538477,430580303.7
2023-02-13 11:30:00,6.387,6.397,6.367,6.375,78087353,498171283.02
2023-02-13 14:00:00,6.375,6.397,6.373,6.382,143117283,913660734.67
2023-02-13 15:00:00,6.382,6.399,6.379,6.395,220695213,1410463106.28
2023-02-14 10:30:00,6.404,6.424,6.397,6.41,56825130,364268025.01
2023-02-14 11:30:00,6.409,6.411,6.39,6.394,43463128,278091580.65
2023-02-14 14:00:00,6.394,6.404,6.381,6.4,41291239,264057473.41
2023-02-14 15:00:00,6.401,6.415,6.392,6.412,90799924,581694579.79
2023-02-15 10:30:00,6.41,6.429,6.382,6.382,64266206,411153763.92
2023-02-15 11:30:00,6.383,6.409,6.377,6.401,59147976,378290738.5
2023-02-15 14:00:00,6.401,6.409,6.384,6.395,78534420,502306150.32
2023-02-15 15:00:00,6.396,6.405,6.383,6.399,68307219,436870203.65
2023-02-16 10:30:00,6.404,6.44,6.388,6.434,80882652,519320547.61
2023-02-16 11:30:00,6.434,6.448,6.429,6.442,39703361,255676410.39
2023-02-16 14:00:00,6.44,6.448,6.399,6.399,27738129,177949343.58
2023-02-16 15:00:00,6.4,6.4,6.267,6.313,161643947,1022667371.35
2023-02-17 10:30:00,6.31,6.33,6.287,6.302,93988912,592725408.71
2023-02-17 11:30:00,6.301,6.314,6.282,6.283,49179701,309487858.39
2023-02-17 14:00:00,6.283,6.296,6.264,6.285,43350291,272312077.96
2023-02-17 15:00:00,6.286,6.3,6.245,6.26,70615962,442644388.47
2023-02-20 10:30:00,6.282,6.288,6.235,6.285,159058155,997188593.08
2023-02-20 11:30:00,6.284,6.291,6.268,6.29,112563255,707234931.17
2023-02-20 14:00:00,6.29,6.341,6.285,6.339,104069787,657894503.49
2023-02-20 15:00:00,6.339,6.364,6.338,6.364,116345921,739417109.93
2023-02-21 10:30:00,6.375,6.413,6.355,6.405,77619620,496066991.42
2023-02-21 11:30:00,6.405,6.407,6.352,6.368,45885486,292550563.57
2023-02-21 14:00:00,6.368,6.387,6.368,6.375,29579057,188615786.8
2023-02-21 15:00:00,6.375,6.4,6.358,6.397,33182751,211871865.14
2023-02-22 10:30:00,6.383,6.394,6.365,6.391,74630837,476393509.52
2023-02-22 11:30:00,6.391,6.413,6.39,6.391,66731840,426950312.32
2023-02-22 14:00:00,6.391,6.401,6.373,6.379,70161984,447937493.18
2023-02-22 15:00:00,6.379,6.396,6.368,6.389,87823292,560693170.56
2023-02-23 10:30:00,6.39,6.408,6.373,6.383,112882931,721096163.23
2023-02-23 11:30:00,6.384,6.402,6.376,6.381,56847927,363049811.13
2023-02-23 14:00:00,6.381,6.384,6.338,6.346,117559700,747209453.2
2023-02-23 15:00:00,6.346,6.381,6.346,6.379,67374127,429083356.82
2023-02-24 10:30:00,6.368,6.393,6.352,6.353,67638643,430587601.34
2023-02-24 11:30:00,6.353,6.355,6.318,6.339,50353111,319104448.78
2023-02-24 14:00:00,6.341,6.358,6.332,6.352,36394164,231005890.3
2023-02-24 15:00:00,6.352,6.366,6.335,6.366,42428442,269661034.54
2023-02-27 10:30:00,6.341,6.356,6.317,6.346,70214729,445137976.95
2023-02-27 11:30:00,6.348,6.361,6.319,6.321,75280699,476802853.9
2023-02-27 14:00:00,6.322,6.346,6.298,6.311,66556036,420523220.79
2023-02-27 15:00:00,6.312,6.334,6.308,6.329,59037128,373331118.43
2023-02-28 10:30:00,6.333,6.364,6.326,6.345,45369260,287867954.7
2023-02-28 11:30:00,6.346,6.36,6.334,6.337,18581614,117875565.34
2023-02-28 14:00:00,6.336,6.343,6.304,6.327,23433407,148208488.14
2023-02-28 15:00:00,6.328,6.378,6.324,6.371,81580087,518658999.78
2023-03-01 10:30:00,6.37,6.417,6.356,6.405,59211971,378522393.28
2023-03-01 11:30:00,6.405,6.42,6.395,6.418,42965097,275449236.87
2023-03-01 14:00:00,6.417,6.432,6.398,6.403,39220739,251444157.73
2023-03-01 15:00:00,6.403,6.418,6.403,6.412,42668527,273547926.6
2023-03-02 10:30:00,6.42,6.431,6.4,6.41,59129009,379233754.06
2023-03-02 11:30:00,6.411,6.411,6.395,6.405,31408769,201131287.09
2023-03-02 14:00:00,6.406,6.411,6.387,6.398,58785413,376148262.65
2023-03-02 15:00:00,6.4,6.406,6.388,6.405,66260686,424046303.5
2023-03-03 10:30:00,6.408,6.418,6.383,6.389,66814781,427391882.46
2023-03-03 11:30:00,6.389,6.391,6.357,6.384,65874548,420103950.78
2023-03-03 14:00:00,6.386,6.4,6.374,6.389,71547419,457021063.43
2023-03-03 15:00:00,6.39,6.409,6.388,6.399,97555402,624224498.93
2023-03-06 10:30:00,6.406,6.408,6.372,6.383,114338206,730354347.19
2023-03-06 11:30:00,6.383,6.402,6.376,6.4,42502677,271705446.5
2023-03-06 14:00:00,6.4,6.421,6.397,6.412,55784737,357580164.17
2023-03-06 15:00:00,6.412,6.414,6.397,6.405,52529929,336471705.22
2023-03-07 10:30:00,6.4,6.407,6.38,6.384,82940094,530014847.36
2023-03-07 11:30:00,6.384,6.401,6.359,6.385,70826876,451993513.67
2023-03-07 14:00:00,6.386,6.387,6.335,6.346,40749560,259004203.36
2023-03-07 15:00:00,6.346,6.351,6.301,6.304,64485853,407464609.82
2023-03-08 10:30:00,6.285,6.326,6.281,6.322,69923873,441196330.67
2023-03-08 11:30:00,6.322,6.324,6.298,6.299,97083434,612305218.24
2023-03-08 14:00:00,6.298,6.315,6.288,6.296,36978415,232951688.36
2023-03-08 15:00:00,6.295,6.319,6.293,6.313,58218465,367261483.38
2023-03-09 10:30:00,6.318,6.322,6.29,6.304,107200905,675937439.66
2023-03-09 11:30:00,6.304,6.306,6.272,6.295,43891608,276122105.93
2023-03-09 14:00:00,6.295,6.317,6.29,6.308,39096366,246502587.63
2023-03-09 15:00:00,6.308,6.317,6.295,6.307,62402142,393528708.17
2023-03-10 10:30:00,6.27,6.284,6.227,6.237,52097568,325575068.29
2023-03-10 11:30:00,6.238,6.27,6.225,6.227,39813517,248462888.42
2023-03-10 14:00:00,6.226,6.261,6.225,6.242,51306792,320291200.19
2023-03-10 15:00:00,6.243,6.247,6.211,6.225,27113066,168851137.36
2023-03-13 10:30:00,6.22,6.255,6.197,6.212,56392197,350834654.94
2023-03-13 11:30:00,6.212,6.242,6.198,6.238,30508505,189945952.13
2023-03-13 14:00:00,6.238,6.245,6.219,6.229,63146633,393466670.22
2023-03-13 15:00:00,6.23,6.266,6.229,6.261,30802064,192574504.13
2023-03-14 10:30:00,6.242,6.26,6.2,6.208,53225732,331205988.33
2023-03-14 11:30:00,6.209,6.212,6.146,6.188,77704960,480372062.72
2023-03-14 14:00:00,6.188,6.212,6.176,6.204,26765307,165873529.25
2023-03-14 15:00:00,6.205,6.229,6.203,6.211,43395944,269676861.33
2023-03-15 10:30:00,6.239,6.274,6.236,6.265,64391392,402982794.93
2023-03-15 11:30:00,6.266,6.267,6.248,6.252,26521012,165906610.73
2023-03-15 14:00:00,6.252,6.256,6.23,6.24,59453743,371110263.81
2023-03-15 15:00:00,6.24,6.249,6.234,6.245,46936007,293005846.37
2023-03-16 10:30:00,6.218,6.229,6.195,6.207,74118357,460299703.09
2023-03-16 11:30:00,6.207,6.234,6.199,6.212,29964760,186230983.4
2023-03-16 14:00:00,6.212,6.219,6.171,6.178,77655082,480633187.53
2023-03-16 15:00:00,6.178,6.189,6.151,6.165,70272329,433463149.38
2023-03-17 10:30:00,6.202,6.238,6.194,6.228,130347968,810764360.96
2023-03-17 11:30:00,6.228,6.26,6.203,6.254,201595845,1257756476.96
2023-03-17 14:00:00,6.255,6.258,6.222,6.237,40445475,252339318.52
2023-03-17 15:00:00,6.237,6.237,6.181,6.201,49441114,306848033.86
2023-03-20 10:30:00,6.21,6.223,6.178,6.208,62275148,386292743.04
2023-03-20 11:30:00,6.208,6.224,6.191,6.199,56169837,348515115.31
2023-03-20 14:00:00,6.2,6.205,6.182,6.193,35409757,219304428.35
2023-03-20 15:00:00,6.195,6.196,6.17,6.183,50652444,313184061.25
2023-03-21 10:30:00,6.199,6.239,6.196,6.227,103216995,642078520.23
2023-03-21 11:30:00,6.227,6.234,6.216,6.222,74173413,461655322.51
2023-03-21 14:00:00,6.221,6.25,6.218,6.226,67453159,420323118.12
2023-03-21 15:00:00,6.227,6.248,6.227,6.247,65409734,408200346.65
2023-03-22 10:30:00,6.255,6.282,6.255,6.279,50234085,315068181.12
2023-03-22 11:30:00,6.28,6.283,6.266,6.274,37305117,234064739.1
2023-03-22 14:00:00,6.275,6.277,6.259,6.273,22623014,141838756.78
2023-03-22 15:00:00,6.273,6.285,6.269,6.283,42603827,267509429.73
2023-03-23 10:30:00,6.275,6.3,6.268,6.295,65201496,409965273.02
2023-03-23 11:30:00,6.296,6.298,6.277,6.283,30129172,189391975.19
2023-03-23 14:00:00,6.283,6.313,6.28,6.295,38580251,242901260.3
2023-03-23 15:00:00,6.298,6.317,6.296,6.317,42093385,265609259.35
2023-03-24 10:30:00,6.32,6.331,6.309,6.314,33869564,213987905.35
2023-03-24 11:30:00,6.314,6.321,6.298,6.319,23592416,148931058.07
2023-03-24 14:00:00,6.318,6.326,6.311,6.312,45865529,289701969.67
2023-03-24 15:00:00,6.313,6.328,6.308,6.325,42316706,267455687.49
2023-03-27 10:30:00,6.323,6.331,6.31,6.318,47321989,299059196.48
2023-03-27 11:30:00,6.318,6.323,6.28,6.282,29428639,185253282.51
2023-03-27 14:00:00,6.284,6.325,6.282,6.325,40161234,253444160.7
2023-03-27 15:00:00,6.326,6.328,6.311,6.32,74792879,472666064.32
2023-03-28 10:30:00,6.321,6.33,6.291,6.316,80509149,508200584.87
2023-03-28 11:30:00,6.317,6.325,6.304,6.322,37322266,235764754.32
2023-03-28 14:00:00,6.322,6.34,6.311,6.315,58425097,369363463.23
2023-03-28 15:00:00,6.317,6.32,6.295,6.304,61998331,390982141.4
2023-03-29 10:30:00,6.315,6.319,6.264,6.279,110793092,696593100.43
2023-03-29 11:30:00,6.279,6.291,6.271,6.288,43145632,271098387.73
2023-03-29 14:00:00,6.288,6.301,6.28,6.287,20159158,126787664.38
2023-03-29 15:00:00,6.287,6.296,6.276,6.279,46286886,290851362.66
2023-03-30 10:30:00,6.279,6.285,6.258,6.267,101870204,638726179.08
2023-03-30 11:30:00,6.267,6.269,6.24,6.264,139494303,872908850.07
2023-03-30 14:00:00,6.264,6.31,6.259,6.308,49861188,313743215.29
2023-03-30 15:00:00,6.308,6.315,6.289,6.314,128576083,810800779.4
2023-03-31 10:30:00,6.312,6.345,6.305,6.332,174068857,1101391681.19
2023-03-31 11:30:00,6.332,6.337,6.321,6.331,86520569,547646361.58
2023-03-31 14:00:00,6.331,6.355,6.326,6.354,36062227,228814830.32
2023-03-31 15:00:00,6.354,6.364,6.344,6.357,52883392,336073956.16
2023-04-03 10:30:00,6.37,6.411,6.366,6.398,82598388,527941363.3
2023-04-03 11:30:00,6.399,6.414,6.388,6.411,34455089,220661874.99
2023-04-03 14:00:00,6.411,6.416,6.403,6.412,25020269,160388264.38
2023-04-03 15:00:00,6.413,6.44,6.409,6.422,138324951,888553376.91
2023-04-04 10:30:00,6.429,6.432,6.417,6.423,49057156,315143170.14
2023-04-04 11:30:00,6.423,6.425,6.401,6.417,30490932,195579001.49
2023-04-04 14:00:00,6.418,6.423,6.397,6.409,44931397,287995277.64
2023-04-04 15:00:00,6.41,6.43,6.396,6.427,37503119,240682516.7
2023-04-06 10:30:00,6.414,6.44,6.406,6.434,43503923,279585211.81
2023-04-06 11:30:00,6.434,6.436,6.416,6.432,25963113,166890890.36
2023-04-06 14:00:00,6.432,6.434,6.415,6.416,25734170,165256261.68
2023-04-06 15:00:00,6.416,6.436,6.408,6.427,150270806,965289567.48
2023-04-07 10:30:00,6.426,6.48,6.422,6.48,58490114,377885129.85
2023-04-07 11:30:00,6.48,6.483,6.461,6.478,32088927,207743713.4
2023-04-07 14:00:00,6.478,6.487,6.468,6.475,30330757,196442202.84
2023-04-07 15:00:00,6.476,6.484,6.473,6.475,44812541,290265765.57
2023-04-10 10:30:00,6.482,6.486,6.456,6.466,114830044,742873831.32
2023-04-10 11:30:00,6.466,6.468,6.442,6.445,41416906,267208071.88
2023-04-10 14:00:00,6.446,6.451,6.433,6.442,19620463,126395022.65
2023-04-10 15:00:00,6.444,6.444,6.419,6.433,120334223,773989722.34
2023-04-11 10:30:00,6.43,6.438,6.417,6.435,89380391,574715914.13
2023-04-11 11:30:00,6.435,6.447,6.414,6.415,74424907,478204835.78
2023-04-11 14:00:00,6.415,6.425,6.407,6.415,121351307,778549535.28
2023-04-11 15:00:00,6.415,6.433,6.413,6.432,50956421,327445961.35
2023-04-12 10:30:00,6.445,6.447,6.423,6.441,78874578,507715658.59
2023-04-12 11:30:00,6.441,6.454,6.433,6.454,28327157,182625181.18
2023-04-12 14:00:00,6.454,6.457,6.439,6.444,86284557,556247777.46
2023-04-12 15:00:00,6.445,6.458,6.441,6.454,164222525,1059399508.78
2023-04-13 10:30:00,6.448,6.461,6.422,6.431,110803998,713356139.12
2023-04-13 11:30:00,6.431,6.455,6.425,6.453,70545920,454621423.79
2023-04-13 14:00:00,6.453,6.455,6.417,6.428,44253616,284698262.93
2023-04-13 15:00:00,6.428,6.44,6.421,6.423,52552035,337804480.98
2023-04-14 10:30:00,6.431,6.465,6.415,6.427,70494388,453678383.04
2023-04-14 11:30:00,6.427,6.445,6.418,6.442,33855446,217859795.01
2023-04-14 14:00:00,6.443,6.454,6.441,6.451,37006154,238640351.76
2023-04-14 15:00:00,6.452,6.456,6.432,6.442,111717154,719830862.27
2023-04-17 10:30:00,6.425,6.466,6.424,6.465,55959478,361031898.9
2023-04-17 11:30:00,6.466,6.469,6.451,6.46,17280843,111634245.78
2023-04-17 14:00:00,6.46,6.466,6.451,6.455,16822979,108631583.06
2023-04-17 15:00:00,6.455,6.476,6.454,6.471,25061573,162073192.59
2023-04-18 10:30:00,6.47,6.47,6.442,6.446,45205766,291697739.41
2023-04-18 11:30:00,6.447,6.453,6.432,6.448,25842248,166536060.19
2023-04-18 14:00:00,6.447,6.472,6.447,6.466,36509779,235914021.97
2023-04-18 15:00:00,6.466,6.469,6.454,6.459,90934993,587500678.11
2023-04-19 10:30:00,6.455,6.469,6.449,6.456,27769802,179337381.32
2023-04-19 11:30:00,6.456,6.461,6.448,6.46,19716368,127295443.93
2023-04-19 14:00:00,6.459,6.465,6.447,6.449,22995104,148402736.18
2023-04-19 15:00:00,6.449,6.451,6.418,6.429,51880398,333729306.87
2023-04-20 10:30:00,6.425,6.428,6.398,6.401,50783327,325470342.74
2023-04-20 11:30:00,6.402,6.41,6.399,6.405,31177241,199679836.19
2023-04-20 14:00:00,6.405,6.413,6.401,6.402,36946378,236653866.55
2023-04-20 15:00:00,6.403,6.426,6.403,6.421,27055075,173603397.92
2023-04-21 10:30:00,6.422,6.422,6.375,6.375,50459412,322469282.29
2023-04-21 11:30:00,6.376,6.387,6.327,6.328,52542454,333504469.69
2023-04-21 14:00:00,6.327,6.336,6.291,6.318,88260193,557363118.8
2023-04-21 15:00:00,6.319,6.324,6.25,6.275,71536355,449462918.46
2023-04-24 10:30:00,6.273,6.281,6.242,6.258,74897431,468882883.87
2023-04-24 11:30:00,6.259,6.273,6.246,6.271,33047728,206988936.37
2023-04-24 14:00:00,6.272,6.273,6.231,6.237,29413030,183743198.41
2023-04-24 15:00:00,6.238,6.242,6.207,6.228,59621865,371185857.54
2023-04-25 10:30:00,6.222,6.241,6.143,6.158,76811858,474748490.35
2023-04-25 11:30:00,6.159,6.179,6.122,6.143,57343822,352549817.66
2023-04-25 14:00:00,6.143,6.146,6.063,6.103,76120675,464640600.2
2023-04-25 15:00:00,6.106,6.143,6.102,6.133,45213935,276980565.81
2023-04-26 10:30:00,6.124,6.17,6.119,6.135,73398915,450767203.32
2023-04-26 11:30:00,6.135,6.163,6.12,6.152,92900715,570874893.68
2023-04-26 14:00:00,6.153,6.186,6.149,6.183,86980018,536898657.77
2023-04-26 15:00:00,6.183,6.187,6.146,6.158,52067470,320926529.26
2023-04-27 10:30:00,6.157,6.183,6.145,6.174,32296603,199183916.24
2023-04-27 11:30:00,6.174,6.177,6.155,6.156,19358359,119299113.73
2023-04-27 14:00:00,6.155,6.215,6.154,6.199,59490949,368209313.68
2023-04-27 15:00:00,6.2,6.203,6.158,6.186,100446405,620993157.84
2023-04-28 10:30:00,6.197,6.235,6.18,6.233,89222098,554604561.17
2023-04-28 11:30:00,6.235,6.245,6.225,6.242,46312341,288865508.26
2023-04-28 14:00:00,6.243,6.247,6.232,6.235,26851379,167498902.2
2023-04-28 15:00:00,6.235,6.28,6.234,6.277,48790584,305607954.65
2023-05-04 10:30:00,6.26,6.273,6.254,6.272,73698153,461817192.75
2023-05-04 11:30:00,6.272,6.274,6.25,6.264,35701663,223587614.81
2023-05-04 14:00:00,6.265,6.268,6.26,6.264,20509232,128469829.25
2023-05-04 15:00:00,6.264,6.279,6.263,6.278,32936916,206624253.04
2023-05-05 10:30:00,6.278,6.281,6.205,6.208,44265683,275834226.0
2023-05-05 11:30:00,6.208,6.223,6.191,6.201,64942961,402971073.0
2023-05-05 14:00:00,6.202,6.216,6.195,6.209,35460013,220088480.69
2023-05-05 15:00:00,6.21,6.224,6.203,6.223,24758408,153914769.73
2023-05-08 10:30:00,6.223,6.247,6.219,6.243,41070085,256126740.09
2023-05-08 11:30:00,6.244,6.263,6.237,6.256,23336698,145901035.9
2023-05-08 14:00:00,6.256,6.284,6.256,6.271,21621200,135572131.07
2023-05-08 15:00:00,6.271,6.275,6.257,6.262,62305750,390324755.17
2023-05-09 10:30:00,6.262,6.28,6.242,6.278,109241491,684580010.27
2023-05-09 11:30:00,6.278,6.291,6.27,6.273,41436680,260139477.04
2023-05-09 14:00:00,6.273,6.281,6.227,6.232,45080405,281602263.23
2023-05-09 15:00:00,6.233,6.239,6.2,6.202,62429799,387917961.05
2023-05-10 10:30:00,6.202,6.214,6.191,6.194,38073021,236040039.19
2023-05-10 11:30:00,6.194,6.197,6.17,6.182,48399875,299256427.12
2023-05-10 14:00:00,6.184,6.233,6.181,6.196,61494661,381471880.4
2023-05-10 15:00:00,6.196,6.199,6.171,6.193,33764002,208920389.71
2023-05-11 10:30:00,6.199,6.211,6.19,6.196,25995308,161144914.29
2023-05-11 11:30:00,6.196,6.212,6.193,6.195,16060738,99576575.6
2023-05-11 14:00:00,6.195,6.2,6.18,6.194,16075213,99527002.09
2023-05-11 15:00:00,6.192,6.196,6.17,6.176,26621884,164540991.04
2023-05-12 10:30:00,6.168,6.206,6.14,6.148,53286427,328493060.31
2023-05-12 11:30:00,6.148,6.166,6.14,6.154,22104764,136017981.15
2023-05-12 14:00:00,6.157,6.16,6.114,6.127,19713542,120916295.45
2023-05-12 15:00:00,6.128,6.138,6.108,6.113,51260921,313699749.55
2023-05-15 10:30:00,6.109,6.132,6.094,6.101,32944837,201260009.23
2023-05-15 11:30:00,6.101,6.108,6.07,6.085,28807500,175370457.5
2023-05-15 14:00:00,6.085,6.149,6.084,6.148,37879992,232090710.98
2023-05-15 15:00:00,6.149,6.191,6.144,6.181,62083774,383181053.13
2023-05-16 10:30:00,6.182,6.186,6.15,6.166,32052292,197677168.86
2023-05-16 11:30:00,6.168,6.172,6.155,6.167,16390277,101040594.28
2023-05-16 14:00:00,6.167,6.168,6.134,6.137,14598112,89724862.39
2023-05-16 15:00:00,6.139,6.152,6.124,6.143,36553955,224429099.05
2023-05-17 10:30:00,6.126,6.165,6.122,6.153,62390173,383491596.71
2023-05-17 11:30:00,6.153,6.169,6.14,6.145,28257475,173821147.88
2023-05-17 14:00:00,6.145,6.148,6.119,6.123,29116978,178487075.14
2023-05-17 15:00:00,6.124,6.147,6.12,6.143,34068497,209067009.92
2023-05-18 10:30:00,6.154,6.179,6.151,6.163,60262232,371476485.46
2023-05-18 11:30:00,6.163,6.175,6.156,6.173,12492233,77052093.14
2023-05-18 14:00:00,6.172,6.174,6.124,6.127,32570721,200038511.48
2023-05-18 15:00:00,6.127,6.157,6.123,6.156,68085980,418411042.43
2023-05-19 10:30:00,6.145,6.146,6.115,6.145,29579490,181480030.98
2023-05-19 11:30:00,6.145,6.191,6.135,6.19,46839162,289091307.86
2023-05-19 14:00:00,6.19,6.192,6.157,6.159,31238731,192722144.45
2023-05-19 15:00:00,6.16,6.166,6.15,6.159,65259457,401889489.36
2023-05-22 10:30:00,6.157,6.175,6.124,6.175,45926296,282814130.77
2023-05-22 11:30:00,6.174,6.177,6.136,6.139,19432632,119523641.89
2023-05-22 14:00:00,6.139,6.146,6.116,6.133,23463194,143868484.54
2023-05-22 15:00:00,6.133,6.16,6.133,6.149,26542256,163164095.05
2023-05-23 10:30:00,6.149,6.153,6.125,6.126,39630699,243121128.13
2023-05-23 11:30:00,6.128,6.154,6.111,6.14,35499618,217790156.43
2023-05-23 14:00:00,6.141,6.141,6.115,6.123,22366623,137025388.04
2023-05-23 15:00:00,6.124,6.127,6.081,6.084,41221325,251340158.97
2023-05-24 10:30:00,6.08,6.082,6.031,6.04,60360461,365241149.51
2023-05-24 11:30:00,6.042,6.099,6.038,6.087,62676461,380738608.42
2023-05-24 14:00:00,6.086,6.099,6.069,6.077,73284341,445690933.85
2023-05-24 15:00:00,6.078,6.08,6.037,6.042,49816689,301540418.52
2023-05-25 10:30:00,6.04,6.069,6.034,6.036,53513514,323560543.48
2023-05-25 11:30:00,6.036,6.036,5.973,5.994,45079807,270523921.81
2023-05-25 14:00:00,5.994,6.019,5.97,5.976,52367776,313595698.61
2023-05-25 15:00:00,5.976,6.03,5.959,6.022,44525902,267318673.64
2023-05-26 10:30:00,6.022,6.032,5.986,6.005,64846081,389573639.29
2023-05-26 11:30:00,6.005,6.033,5.994,6.032,16567273,99729461.04
2023-05-26 14:00:00,6.033,6.078,6.031,6.062,43854666,265627711.96
2023-05-26 15:00:00,6.062,6.088,6.054,6.075,49762263,302173048.36
2023-05-29 10:30:00,6.09,6.106,6.073,6.082,54829254,333745669.1
2023-05-29 11:30:00,6.082,6.087,6.046,6.061,59410829,360306874.28
2023-05-29 14:00:00,6.061,6.078,6.043,6.053,50144535,303775593.03
2023-05-29 15:00:00,6.053,6.068,6.053,6.066,27409994,166168520.29
2023-05-30 10:30:00,6.063,6.065,6.037,6.047,81624998,493804029.57
2023-05-30 11:30:00,6.048,6.06,6.017,6.026,14578845,87973610.34
2023-05-30 14:00:00,6.026,6.05,6.004,6.046,34584991,208662779.03
2023-05-30 15:00:00,6.047,6.107,6.047,6.1,79932249,486361091.08
2023-05-31 10:30:00,6.09,6.104,6.076,6.083,40945710,249263833.91
2023-05-31 11:30:00,6.085,6.085,6.06,6.065,23233520,141027466.4
2023-05-31 14:00:00,6.065,6.095,6.049,6.09,58621628,356302254.98
2023-05-31 15:00:00,6.092,6.099,6.063,6.092,48518446,295218571.09
2023-06-01 10:30:00,6.094,6.124,6.06,6.121,141799104,865210866.24
2023-06-01 11:30:00,6.122,6.138,6.113,6.13,66192070,405558812.89
2023-06-01 14:00:00,6.13,6.144,6.122,6.126,22265210,136500580.77
2023-06-01 15:00:00,6.126,6.129,6.09,6.104,57253659,349686264.62
2023-06-02 10:30:00,6.12,6.156,6.119,6.15,105276132,646570910.7
2023-06-02 11:30:00,6.151,6.169,6.141,6.168,54438481,335304750.64
2023-06-02 14:00:00,6.168,6.171,6.151,6.16,38940772,239901116.03
2023-06-02 15:00:00,6.161,6.168,6.153,6.156,44887298,276460868.38
2023-06-05 10:30:00,6.145,6.155,6.135,6.153,22241701,136734563.85
2023-06-05 11:30:00,6.154,6.154,6.135,6.143,28305158,173906890.75
2023-06-05 14:00:00,6.145,6.147,6.126,6.142,24074405,147776722.69
2023-06-05 15:00:00,6.142,6.153,6.137,6.141,30699106,188605074.23
2023-06-06 10:30:00,6.142,6.143,6.1,6.119,35653265,218221750.64
2023-06-06 11:30:00,6.119,6.124,6.101,6.111,18070368,110446089.22
2023-06-06 14:00:00,6.112,6.112,6.075,6.079,22401986,136398225.43
2023-06-06 15:00:00,6.08,6.08,6.021,6.026,73833543,446126877.99
2023-06-07 10:30:00,6.031,6.065,6.029,6.056,56049356,339098603.8
2023-06-07 11:30:00,6.057,6.06,6.032,6.043,18714552,113129466.84
2023-06-07 14:00:00,6.043,6.057,6.035,6.04,16874979,101992373.08
2023-06-07 15:00:00,6.041,6.052,6.02,6.032,44402121,267951999.53
2023-06-08 10:30:00,6.034,6.034,5.982,6.011,34578503,207782224.53
2023-06-08 11:30:00,6.012,6.012,5.976,6.001,66100529,396360805.39
2023-06-08 14:00:00,6.002,6.048,5.99,6.025,62182746,374402313.67
2023-06-08 15:00:00,6.028,6.03,6.011,6.021,29490679,177553548.03
2023-06-09 10:30:00,6.03,6.05,6.025,6.03,48708719,293957119.17
2023-06-09 11:30:00,6.03,6.042,6.019,6.034,46755082,282011069.6
2023-06-09 14:00:00,6.034,6.063,6.027,6.057,58812277,355755463.57
2023-06-09 15:00:00,6.058,6.08,6.057,6.07,53891442,327067161.5
2023-06-12 10:30:00,6.075,6.105,6.055,6.104,65205687,396972222.46
2023-06-12 11:30:00,6.105,6.107,6.081,6.09,36785679,224122880.25
2023-06-12 14:00:00,6.09,6.112,6.08,6.106,38922168,237399276.69
2023-06-12 15:00:00,6.106,6.114,6.084,6.089,46579061,283930429.5
2023-06-13 10:30:00,6.087,6.099,6.078,6.094,26432260,160981274.15
2023-06-13 11:30:00,6.093,6.108,6.09,6.105,28301754,172669001.15
2023-06-13 14:00:00,6.103,6.112,6.094,6.101,26321497,160622548.53
2023-06-13 15:00:00,6.101,6.113,6.099,6.105,44639399,272553290.49
2023-06-14 10:30:00,6.114,6.125,6.107,6.117,33606858,205550745.81
2023-06-14 11:30:00,6.116,6.123,6.101,6.121,26046553,159274671.59
2023-06-14 14:00:00,6.122,6.131,6.104,6.106,27880317,170450964.7
2023-06-14 15:00:00,6.107,6.124,6.105,6.114,32022909,195798739.93
2023-06-15 10:30:00,6.12,6.141,6.116,6.136,63792447,391111492.56
2023-06-15 11:30:00,6.136,6.143,6.124,6.133,23676767,145217504.27
2023-06-15 14:00:00,6.133,6.18,6.124,6.168,54299618,334340847.9
2023-06-15 15:00:00,6.169,6.174,6.156,6.168,53677227,330973781.68
2023-06-16 10:30:00,6.167,6.195,6.166,6.191,45811072,283295669.25
2023-06-16 11:30:00,6.191,6.21,6.185,6.209,47469144,294371984.99
2023-06-16 14:00:00,6.209,6.231,6.197,6.225,55957560,347925455.56
2023-06-16 15:00:00,6.226,6.227,6.183,6.217,57289214,355708729.73
2023-06-19 10:30:00,6.22,6.225,6.201,6.204,43288930,268824255.3
2023-06-19 11:30:00,6.204,6.21,6.195,6.203,31303521,194165306.26
2023-06-19 14:00:00,6.203,6.214,6.196,6.205,19792278,122811084.99
2023-06-19 15:00:00,6.206,6.213,6.199,6.2,24877121,154337658.68
2023-06-20 10:30:00,6.203,6.204,6.183,6.184,18339458,113527358.17
2023-06-20 11:30:00,6.185,6.204,6.18,6.203,18178857,112630138.35
2023-06-20 14:00:00,6.204,6.216,6.196,6.216,21228732,131816273.23
2023-06-20 15:00:00,6.216,6.216,6.193,6.199,18480123,114626042.93
2023-06-21 10:30:00,6.192,6.192,6.123,6.149,55936344,344269551.87
2023-06-21 11:30:00,6.149,6.152,6.121,6.132,33353012,204620728.62
2023-06-21 14:00:00,6.131,6.133,6.113,6.118,21781632,133332630.02
2023-06-21 15:00:00,6.118,6.118,6.07,6.075,55728290,339255253.42
2023-06-26 10:30:00,6.044,6.059,5.986,5.988,179969032,1081793851.35
2023-06-26 11:30:00,5.988,6.034,5.974,6.021,58529217,351741084.43
2023-06-26 14:00:00,6.023,6.024,5.982,5.983,17522495,105070720.85
2023-06-26 15:00:00,5.983,5.989,5.96,5.974,88302410,527548031.48
2023-06-27 10:30:00,5.973,6.011,5.972,5.986,44343769,265604395.05
2023-06-27 11:30:00,5.986,6.011,5.98,6.008,50037649,300209214.78
2023-06-27 14:00:00,6.009,6.028,6.001,6.026,61635656,370943923.03
2023-06-27 15:00:00,6.027,6.028,6.014,6.018,161279052,970899893.04
2023-06-28 10:30:00,6.013,6.018,5.936,5.966,80052564,478180648.96
2023-06-28 11:30:00,5.966,5.986,5.954,5.97,95301570,568950372.9
2023-06-28 14:00:00,5.97,6.027,5.961,6.017,54180811,325175167.35
2023-06-28 15:00:00,6.017,6.033,6.009,6.033,43486327,262005120.18
2023-06-29 10:30:00,6.018,6.033,6.0,6.013,61879627,372226582.95
2023-06-29 11:30:00,6.014,6.02,6.003,6.012,23163153,139249154.78
2023-06-29 14:00:00,6.011,6.028,6.007,6.028,60571486,364700917.21
2023-06-29 15:00:00,6.028,6.042,6.019,6.02,75929046,457624360.24
2023-06-30 10:30:00,6.011,6.064,6.011,6.059,47920905,289665897.09
2023-06-30 11:30:00,6.059,6.091,6.056,6.091,47875738,291052569.88
2023-06-30 14:00:00,6.091,6.105,6.082,6.097,29869152,182042525.06
2023-06-30 15:00:00,6.097,6.106,6.079,6.094,71479768,435526226.42
2023-07-03 10:30:00,6.104,6.133,6.085,6.103,31255387,190876648.41
2023-07-03 11:30:00,6.104,6.145,6.096,6.141,36858015,225841343.91
2023-07-03 14:00:00,6.139,6.145,6.117,6.124,34505190,211470807.78
2023-07-03 15:00:00,6.125,6.128,6.115,6.128,63587184,389386719.09
2023-07-04 10:30:00,6.119,6.13,6.117,6.125,23263475,142465520.9
2023-07-04 11:30:00,6.126,6.141,6.124,6.14,50251843,308295056.8
2023-07-04 14:00:00,6.14,6.14,6.117,6.12,34009259,208329384.21
2023-07-04 15:00:00,6.121,6.14,6.117,6.138,65888076,404003719.34
2023-07-05 10:30:00,6.132,6.136,6.12,6.133,50018571,306597167.37
2023-07-05 11:30:00,6.133,6.144,6.125,6.125,49552174,303820896.19
2023-07-05 14:00:00,6.125,6.126,6.107,6.116,74377456,454917313.38
2023-07-05 15:00:00,6.116,6.122,6.095,6.108,58285580,356027751.17
2023-07-06 10:30:00,6.1,6.135,6.087,6.126,42555832,260271468.51
2023-07-06 11:30:00,6.127,6.127,6.081,6.083,25344168,154523392.3
2023-07-06 14:00:00,6.083,6.089,6.067,6.08,41163496,250219171.02
2023-07-06 15:00:00,6.08,6.084,6.068,6.071,60705636,368746268.28
2023-07-07 10:30:00,6.07,6.07,6.024,6.046,33549275,202861282.83
2023-07-07 11:30:00,6.046,6.057,6.033,6.041,20464105,123678229.25
2023-07-07 14:00:00,6.043,6.082,6.038,6.064,32080145,194448452.23
2023-07-07 15:00:00,6.064,6.065,6.05,6.056,27559036,166925081.05
2023-07-10 10:30:00,6.078,6.101,6.071,6.082,41078325,249947914.85
2023-07-10 11:30:00,6.082,6.092,6.072,6.073,10999004,66862945.32
2023-07-10 14:00:00,6.076,6.076,6.048,6.061,43042562,260909663.32
2023-07-10 15:00:00,6.062,6.079,6.061,6.076,23405273,142116817.66
2023-07-11 10:30:00,6.089,6.097,6.07,6.078,26319971,160069290.3
2023-07-11 11:30:00,6.077,6.108,6.072,6.107,26497446,161519598.33
2023-07-11 14:00:00,6.107,6.112,6.095,6.104,23595357,144018194.01
2023-07-11 15:00:00,6.104,6.129,6.101,6.127,26754928,163713404.43
2023-07-12 10:30:00,6.129,6.134,6.103,6.114,21917152,134067218.78
2023-07-12 11:30:00,6.114,6.118,6.105,6.11,13997744,85540213.58
2023-07-12 14:00:00,6.109,6.113,6.075,6.091,27621261,168296343.27
2023-07-12 15:00:00,6.091,6.094,6.058,6.064,30517111,185299897.99
2023-07-13 10:30:00,6.089,6.13,6.089,6.118,73194928,447391798.25
2023-07-13 11:30:00,6.118,6.127,6.105,6.118,37014659,226406330.88
2023-07-13 14:00:00,6.119,6.15,6.115,6.143,36773713,225643502.97
2023-07-13 15:00:00,6.144,6.154,6.139,6.15,31029899,190761475.75
2023-07-14 10:30:00,6.155,6.157,6.137,6.146,24746984,152111461.65
2023-07-14 11:30:00,6.147,6.147,6.133,6.145,11002413,67573153.18
2023-07-14 14:00:00,6.145,6.152,6.137,6.141,20913914,128481145.01
2023-07-14 15:00:00,6.141,6.15,6.125,6.126,31971495,196102493.16
2023-07-17 10:30:00,6.119,6.119,6.081,6.096,47577868,290161557.64
2023-07-17 11:30:00,6.095,6.099,6.082,6.083,62340920,379531520.96
2023-07-17 14:00:00,6.083,6.092,6.078,6.092,40915545,249066560.93
2023-07-17 15:00:00,6.092,6.114,6.084,6.11,41288098,251967499.39
2023-07-18 10:30:00,6.111,6.119,6.084,6.087,49893443,304183690.82
2023-07-18 11:30:00,6.088,6.097,6.078,6.095,38656975,235420977.75
2023-07-18 14:00:00,6.096,6.128,6.093,6.112,35302625,215734341.38
2023-07-18 15:00:00,6.112,6.119,6.099,6.102,33301937,203363828.61
2023-07-19 10:30:00,6.094,6.117,6.085,6.091,41056444,250348510.03
2023-07-19 11:30:00,6.091,6.097,6.073,6.077,25356101,154224258.32
2023-07-19 14:00:00,6.079,6.094,6.064,6.088,18031801,109669413.68
2023-07-19 15:00:00,6.087,6.106,6.078,6.095,36042626,219607720.22
2023-07-20 10:30:00,6.105,6.12,6.09,6.103,60366229,368495583.89
2023-07-20 11:30:00,6.103,6.111,6.071,6.075,53284521,324271833.3
2023-07-20 14:00:00,6.076,6.097,6.069,6.072,61641998,374742253.17
2023-07-20 15:00:00,6.072,6.072,6.022,6.026,82860406,500476852.24
2023-07-21 10:30:00,6.025,6.064,6.016,6.061,65370468,395295220.0
2023-07-21 11:30:00,6.061,6.07,6.036,6.04,44026470,266301441.54
2023-07-21 14:00:00,6.04,6.041,6.014,6.027,85641403,516189283.02
2023-07-21 15:00:00,6.028,6.044,6.025,6.031,62412070,376552822.33
2023-07-24 10:30:00,6.0,6.061,6.0,6.051,35115017,212001062.63
2023-07-24 11:30:00,6.052,6.054,6.026,6.036,14417557,87062820.87
2023-07-24 14:00:00,6.036,6.041,6.02,6.022,14403227,86817851.28
2023-07-24 15:00:00,6.022,6.025,6.012,6.02,40902446,246191822.47
2023-07-25 10:30:00,6.07,6.117,6.07,6.092,80805615,492348612.2
2023-07-25 11:30:00,6.092,6.115,6.09,6.111,30677831,187298384.2
2023-07-25 14:00:00,6.111,6.125,6.106,6.115,21147827,129326011.38
2023-07-25 15:00:00,6.116,6.123,6.11,6.118,52636165,321975421.3
2023-07-26 10:30:00,6.117,6.123,6.099,6.112,37567832,229589543.96
2023-07-26 11:30:00,6.112,6.118,6.104,6.109,14329666,87559035.82
2023-07-26 14:00:00,6.109,6.11,6.087,6.095,19512579,118974698.36
2023-07-26 15:00:00,6.095,6.108,6.095,6.107,32928287,200972311.66
2023-07-27 10:30:00,6.112,6.119,6.103,6.11,24303796,148512396.09
2023-07-27 11:30:00,6.11,6.113,6.092,6.104,27805184,169695037.95
2023-07-27 14:00:00,6.104,6.105,6.078,6.079,22598127,137562331.76
2023-07-27 15:00:00,6.079,6.08,6.055,6.064,22935362,139133551.01
2023-07-28 10:30:00,6.04,6.07,6.04,6.066,24738557,149882670.68
2023-07-28 11:30:00,6.067,6.14,6.058,6.139,31321071,191444826.31
2023-07-28 14:00:00,6.139,6.155,6.138,6.149,61824602,380056436.69
2023-07-28 15:00:00,6.15,6.162,6.143,6.156,58049257,357215777.83
2023-07-31 10:30:00,6.166,6.253,6.164,6.231,116551668,724485168.29
2023-07-31 11:30:00,6.231,6.235,6.21,6.22,31933373,198678802.35
2023-07-31 14:00:00,6.22,6.22,6.187,6.191,23513533,145768228.91
2023-07-31 15:00:00,6.192,6.207,6.183,6.194,54950083,340397447.49
2023-08-01 10:30:00,6.196,6.225,6.19,6.221,35214923,218755101.68
2023-08-01 11:30:00,6.221,6.226,6.202,6.217,29583189,183859519.64
2023-08-01 14:00:00,6.217,6.218,6.196,6.196,41071224,254778492.88
2023-08-01 15:00:00,6.197,6.209,6.193,6.202,64697768,401212425.29
2023-08-02 10:30:00,6.197,6.22,6.188,6.2,51827713,321470027.83
2023-08-02 11:30:00,6.2,6.204,6.172,6.174,20481599,126644553.82
2023-08-02 14:00:00,6.175,6.188,6.165,6.18,32696209,201986280.47
2023-08-02 15:00:00,6.18,6.184,6.16,6.18,47073318,290662047.54
2023-08-03 10:30:00,6.176,6.182,6.158,6.169,39824573,245704340.55
2023-08-03 11:30:00,6.17,6.173,6.147,6.155,18416075,113412328.54
2023-08-03 14:00:00,6.155,6.199,6.155,6.19,69999526,432690403.38
2023-08-03 15:00:00,6.19,6.202,6.181,6.199,106067289,656980788.07
2023-08-04 10:30:00,6.23,6.274,6.222,6.236,93843739,585960306.32
2023-08-04 11:30:00,6.236,6.245,6.213,6.244,36956248,230385250.03
2023-08-04 14:00:00,6.244,6.28,6.233,6.27,44829209,280675677.55
2023-08-04 15:00:00,6.271,6.271,6.234,6.241,40202273,251210603.22
2023-08-07 10:30:00,6.234,6.238,6.198,6.205,98296168,610779622.56
2023-08-07 11:30:00,6.205,6.216,6.2,6.21,50398299,312906239.06
2023-08-07 14:00:00,6.207,6.21,6.192,6.198,81191676,503388391.2
2023-08-07 15:00:00,6.198,6.206,6.187,6.2,150854011,934942875.51
2023-08-08 10:30:00,6.19,6.191,6.156,6.164,65881736,406512271.7
2023-08-08 11:30:00,6.163,6.196,6.158,6.189,45228095,279554855.2
2023-08-08 14:00:00,6.189,6.199,6.179,6.179,34744763,214919522.33
2023-08-08 15:00:00,6.179,6.185,6.172,6.179,149006073,920658856.38
2023-08-09 10:30:00,6.165,6.178,6.151,6.153,118002505,726974099.14
2023-08-09 11:30:00,6.153,6.17,6.15,6.153,50394973,310315445.41
2023-08-09 14:00:00,6.153,6.156,6.132,6.137,97765510,600443173.92
2023-08-09 15:00:00,6.137,6.143,6.127,6.14,156025492,957476435.91
2023-08-10 10:30:00,6.137,6.153,6.129,6.147,78524589,482376550.23
2023-08-10 11:30:00,6.147,6.149,6.112,6.113,47381257,290194405.37
2023-08-10 14:00:00,6.112,6.139,6.11,6.122,29119962,178320940.63
2023-08-10 15:00:00,6.123,6.14,6.12,6.136,49921743,306120128.08
2023-08-11 10:30:00,6.136,6.145,6.09,6.093,65141812,397973043.45
2023-08-11 11:30:00,6.092,6.094,6.044,6.069,94267626,572110222.19
2023-08-11 14:00:00,6.069,6.079,6.051,6.052,44525029,269851359.09
2023-08-11 15:00:00,6.052,6.053,6.012,6.014,87313424,526179797.5
2023-08-14 10:30:00,5.97,5.997,5.959,5.977,110652099,661441363.79
2023-08-14 11:30:00,5.978,5.985,5.944,5.974,54594963,325804540.86
2023-08-14 14:00:00,5.974,6.004,5.963,6.001,46186984,276629242.84
2023-08-14 15:00:00,6.001,6.032,5.994,6.02,49410718,297221939.01
2023-08-15 10:30:00,6.01,6.035,5.981,5.987,96718549,580408012.55
2023-08-15 11:30:00,5.988,6.003,5.979,5.985,37855312,226715463.57
2023-08-15 14:00:00,5.986,5.988,5.937,5.966,56077518,334427624.85
2023-08-15 15:00:00,5.967,5.992,5.961,5.989,37832665,226264558.48
2023-08-16 10:30:00,5.966,5.984,5.95,5.957,49877004,297449826.19
2023-08-16 11:30:00,5.957,5.995,5.954,5.98,40513426,242121738.25
2023-08-16 14:00:00,5.979,5.98,5.954,5.96,36456994,217453816.88
2023-08-16 15:00:00,5.96,5.968,5.943,5.945,99836338,594225883.78
2023-08-17 10:30:00,5.922,5.952,5.889,5.951,97047814,575558235.56
2023-08-17 11:30:00,5.951,5.977,5.94,5.971,64815754,386474735.85
2023-08-17 14:00:00,5.972,5.972,5.934,5.95,72678930,432584991.36
2023-08-17 15:00:00,5.95,5.994,5.944,5.98,79557465,475170219.29
2023-08-18 10:30:00,5.975,6.0,5.965,5.97,60375382,360944158.72
2023-08-18 11:30:00,5.97,5.973,5.944,5.949,94512542,562853691.79
2023-08-18 14:00:00,5.949,5.951,5.916,5.942,57261921,339925850.36
2023-08-18 15:00:00,5.942,5.949,5.886,5.888,103920525,613927821.52
2023-08-21 10:30:00,5.871,5.91,5.87,5.908,114999272,678035707.71
2023-08-21 11:30:00,5.908,5.909,5.87,5.886,51321711,302199341.6
2023-08-21 14:00:00,5.886,5.914,5.845,5.856,67160055,394341456.28
2023-08-21 15:00:00,5.856,5.86,5.809,5.81,92655251,539840377.41
2023-08-22 10:30:00,5.83,5.853,5.791,5.822,100266278,583750270.52
2023-08-22 11:30:00,5.822,5.83,5.779,5.781,53555206,310441677.45
2023-08-22 14:00:00,5.78,5.83,5.75,5.765,50680842,293019734.83
2023-08-22 15:00:00,5.766,5.855,5.764,5.839,122462917,712652535.0
2023-08-23 10:30:00,5.834,5.834,5.776,5.782,86364313,500682710.57
2023-08-23 11:30:00,5.783,5.793,5.771,5.783,35940904,207822287.23
2023-08-23 14:00:00,5.783,5.799,5.77,5.794,50585500,292772012.17
2023-08-23 15:00:00,5.793,5.793,5.728,5.738,126821792,729605769.38
2023-08-24 10:30:00,5.742,5.768,5.727,5.744,85435013,490938063.04
2023-08-24 11:30:00,5.744,5.776,5.731,5.773,47966665,276287990.4
2023-08-24 14:00:00,5.771,5.809,5.77,5.776,48212403,278908751.36
2023-08-24 15:00:00,5.776,5.777,5.752,5.752,70960806,408757896.16
2023-08-25 10:30:00,5.734,5.759,5.706,5.735,85701605,491355868.67
2023-08-25 11:30:00,5.735,5.742,5.702,5.712,38106439,217918022.49
2023-08-25 14:00:00,5.713,5.746,5.681,5.721,62904125,359559978.5
2023-08-25 15:00:00,5.722,5.722,5.658,5.686,87364746,496988918.41
2023-08-28 10:30:00,5.989,5.989,5.815,5.831,261683715,1538264104.68
2023-08-28 11:30:00,5.83,5.853,5.823,5.827,44844272,261636430.94
2023-08-28 14:00:00,5.832,5.845,5.764,5.789,96174248,557746522.23
2023-08-28 15:00:00,5.79,5.792,5.728,5.749,113246003,651881741.94
2023-08-29 10:30:00,5.742,5.809,5.739,5.803,451990442,2614162053.05
2023-08-29 11:30:00,5.803,5.88,5.802,5.88,200988296,1176585484.78
2023-08-29 14:00:00,5.88,5.904,5.848,5.894,333969918,1964411057.68
2023-08-29 15:00:00,5.894,5.897,5.852,5.874,195435750,1148054740.75
2023-08-30 10:30:00,5.874,5.923,5.871,5.887,92976757,547974013.51
2023-08-30 11:30:00,5.887,5.898,5.861,5.882,39391652,231636044.31
2023-08-30 14:00:00,5.881,5.889,5.852,5.881,50914679,299072824.45
2023-08-30 15:00:00,5.881,5.898,5.874,5.874,128001792,752906540.54
2023-08-31 10:30:00,5.869,5.886,5.848,5.869,80747565,473799795.57
2023-08-31 11:30:00,5.869,5.871,5.836,5.843,40922653,239397520.05
2023-08-31 14:00:00,5.842,5.855,5.828,5.85,33191297,193981003.43
2023-08-31 15:00:00,5.851,5.854,5.831,5.845,68512837,400343344.2
2023-09-01 10:30:00,5.859,5.883,5.84,5.878,83466356,489697110.65
2023-09-01 11:30:00,5.878,5.882,5.842,5.842,31578663,184903598.09
2023-09-01 14:00:00,5.842,5.858,5.835,5.852,38206183,223442493.58
2023-09-01 15:00:00,5.852,5.857,5.842,5.854,69104100,404328089.1
2023-09-04 10:30:00,5.881,5.93,5.858,5.928,117703812,695080244.46
2023-09-04 11:30:00,5.928,5.94,5.904,5.911,120634801,713956963.92
2023-09-04 14:00:00,5.911,5.921,5.899,5.918,22941000,135642486.0
2023-09-04 15:00:00,5.918,5.938,5.918,5.936,48775075,289268711.47
2023-09-05 10:30:00,5.927,5.93,5.888,5.893,109413322,645939781.98
2023-09-05 11:30:00,5.893,5.905,5.887,5.895,126770911,747399034.29
2023-09-05 14:00:00,5.895,5.907,5.888,5.897,23259258,137167597.51
2023-09-05 15:00:00,5.897,5.897,5.882,5.894,69504147,409448929.98
2023-09-06 10:30:00,5.876,5.884,5.848,5.881,69380650,407333796.15
2023-09-06 11:30:00,5.882,5.882,5.865,5.875,22105689,129848817.19
2023-09-06 14:00:00,5.877,5.909,5.868,5.905,65092948,383657835.51
2023-09-06 15:00:00,5.904,5.914,5.887,5.894,73684781,434617399.93
2023-09-07 10:30:00,5.891,5.891,5.855,5.862,134506248,789462004.93
2023-09-07 11:30:00,5.862,5.862,5.83,5.842,67755654,396009212.41
2023-09-07 14:00:00,5.842,5.845,5.802,5.811,42825541,249216098.26
2023-09-07 15:00:00,5.811,5.827,5.803,5.807,105464198,612993073.51
2023-09-08 10:30:00,5.795,5.82,5.79,5.803,67329138,390800760.0
2023-09-08 11:30:00,5.804,5.808,5.786,5.798,24498359,142025153.24
2023-09-08 14:00:00,5.799,5.824,5.791,5.82,42850208,249031125.49
2023-09-08 15:00:00,5.821,5.833,5.805,5.805,192967282,1121976099.98
2023-09-11 10:30:00,5.814,5.867,5.802,5.858,162634039,950162267.18
2023-09-11 11:30:00,5.858,5.868,5.848,5.86,22525705,131970597.03
2023-09-11 14:00:00,5.861,5.91,5.861,5.892,67519795,397534046.36
2023-09-11 15:00:00,5.892,5.892,5.872,5.877,93702489,551001869.48
2023-09-12 10:30:00,5.874,5.887,5.863,5.88,96022727,564293559.0
2023-09-12 11:30:00,5.88,5.895,5.877,5.891,56704701,333858377.92
2023-09-12 14:00:00,5.891,5.893,5.873,5.883,52889491,311148875.55
2023-09-12 15:00:00,5.883,5.886,5.873,5.877,43850391,257781831.89
2023-09-13 10:30:00,5.875,5.875,5.817,5.823,76466353,446436057.6
2023-09-13 11:30:00,5.822,5.823,5.794,5.796,86113838,499833420.36
2023-09-13 14:00:00,5.796,5.808,5.79,5.795,75573161,438147996.42
2023-09-13 15:00:00,5.795,5.82,5.783,5.818,91165567,529398447.57
2023-09-14 10:30:00,5.813,5.819,5.79,5.797,94370154,547535633.51
2023-09-14 11:30:00,5.798,5.81,5.79,5.804,47727414,276882637.75
2023-09-14 14:00:00,5.804,5.81,5.781,5.783,57150111,330975342.84
2023-09-14 15:00:00,5.785,5.817,5.779,5.813,60442520,350747943.56
2023-09-15 10:30:00,5.821,5.836,5.794,5.832,92987872,541251406.95
2023-09-15 11:30:00,5.832,5.852,5.819,5.834,75646579,441397788.46
2023-09-15 14:00:00,5.834,5.837,5.791,5.793,27571471,160107532.1
2023-09-15 15:00:00,5.793,5.816,5.782,5.816,68058208,395055211.37
2023-09-18 10:30:00,5.8,5.846,5.772,5.837,199003686,1157869779.71
2023-09-18 11:30:00,5.837,5.841,5.806,5.81,129014069,750732867.51
2023-09-18 14:00:00,5.809,5.831,5.796,5.82,73356396,426616347.0
2023-09-18 15:00:00,5.821,5.841,5.82,5.825,173548627,1011557097.24
2023-09-19 10:30:00,5.817,5.824,5.776,5.787,81241506,470848688.27
2023-09-19 11:30:00,5.787,5.808,5.78,5.792,37552700,217555308.67
2023-09-19 14:00:00,5.792,5.796,5.781,5.787,36632746,212030333.85
2023-09-19 15:00:00,5.787,5.805,5.778,5.802,84018517,486887306.01
2023-09-20 10:30:00,5.782,5.798,5.782,5.786,91117700,527449992.73
2023-09-20 11:30:00,5.786,5.787,5.775,5.779,51553803,297998165.94
2023-09-20 14:00:00,5.779,5.786,5.763,5.764,71332388,411659211.15
2023-09-20 15:00:00,5.764,5.774,5.758,5.758,100274296,577914192.61
2023-09-21 10:30:00,5.746,5.775,5.736,5.738,106286086,611109565.8
2023-09-21 11:30:00,5.738,5.739,5.714,5.717,58497205,334799003.28
2023-09-21 14:00:00,5.718,5.728,5.713,5.715,29943467,171236706.62
2023-09-21 15:00:00,5.715,5.74,5.71,5.713,87873965,502726953.76
2023-09-22 10:30:00,5.703,5.762,5.703,5.751,78062620,447975355.31
2023-09-22 11:30:00,5.752,5.764,5.742,5.762,42336927,243691351.81
2023-09-22 14:00:00,5.762,5.78,5.746,5.778,62987654,363312788.27
2023-09-22 15:00:00,5.778,5.813,5.777,5.812,193577367,1122877780.18
2023-09-25 10:30:00,5.8,5.807,5.766,5.768,140153219,810132323.56
2023-09-25 11:30:00,5.768,5.773,5.761,5.773,101689602,586647313.94
2023-09-25 14:00:00,5.773,5.778,5.766,5.773,39960665,230666278.6
2023-09-25 15:00:00,5.773,5.78,5.763,5.779,61259275,353711053.85
2023-09-26 10:30:00,5.772,5.788,5.759,5.775,50689695,292682298.93
2023-09-26 11:30:00,5.776,5.777,5.763,5.764,32342203,186549826.9
2023-09-26 14:00:00,5.763,5.779,5.761,5.768,41986522,242234240.93
2023-09-26 15:00:00,5.769,5.769,5.757,5.759,88594717,510453227.78
2023-09-27 10:30:00,5.758,5.812,5.755,5.787,165151016,955343577.22
2023-09-27 11:30:00,5.787,5.796,5.776,5.792,108615726,628667822.09
2023-09-27 14:00:00,5.793,5.801,5.773,5.792,66358180,384125384.63
2023-09-27 15:00:00,5.792,5.803,5.782,5.782,91538453,529916104.42
2023-09-28 10:30:00,5.79,5.808,5.789,5.791,61000155,353556898.38
2023-09-28 11:30:00,5.791,5.793,5.783,5.788,35433509,205089150.09
2023-09-28 14:00:00,5.789,5.802,5.787,5.8,26363802,152813384.33
2023-09-28 15:00:00,5.8,5.805,5.785,5.792,137538608,796898694.75
2023-10-09 10:30:00,5.79,5.792,5.731,5.766,64790735,373389005.81
2023-10-09 11:30:00,5.766,5.766,5.736,5.738,48386955,278063701.4
2023-10-09 14:00:00,5.738,5.764,5.733,5.752,52733172,303198161.28
2023-10-09 15:00:00,5.752,5.78,5.743,5.758,41597711,239616681.26
2023-10-10 10:30:00,5.766,5.792,5.735,5.741,46846353,269647607.87
2023-10-10 11:30:00,5.741,5.742,5.73,5.738,19966923,114543581.61
2023-10-10 14:00:00,5.739,5.746,5.731,5.735,23248928,133386849.58
2023-10-10 15:00:00,5.735,5.739,5.727,5.731,29569484,169502138.78
2023-10-11 10:30:00,5.755,5.777,5.739,5.774,43913231,253086588.0
2023-10-11 11:30:00,5.776,5.783,5.75,5.759,32293319,186138690.72
2023-10-11 14:00:00,5.76,5.762,5.746,5.752,13457862,77427566.04
2023-10-11 15:00:00,5.752,5.752,5.715,5.724,265609093,1522028639.25
2023-10-12 10:30:00,5.756,5.772,5.741,5.744,60279686,346748847.1
2023-10-12 11:30:00,5.744,5.779,5.744,5.763,35647573,205401315.63
2023-10-12 14:00:00,5.762,5.773,5.752,5.77,31679944,182634877.16
2023-10-12 15:00:00,5.77,5.776,5.767,5.771,96091941,554578622.16
2023-10-13 10:30:00,5.746,5.746,5.723,5.733,67885511,389255520.07
2023-10-13 11:30:00,5.733,5.735,5.725,5.729,38436849,220230332.49
2023-10-13 14:00:00,5.729,5.732,5.723,5.726,26920949,154176274.92
2023-10-13 15:00:00,5.727,5.741,5.725,5.741,36413876,208857854.78
2023-10-16 10:30:00,5.74,5.742,5.684,5.686,95511110,544795371.44
2023-10-16 11:30:00,5.687,5.694,5.681,5.692,19491777,110888719.35
2023-10-16 14:00:00,5.693,5.698,5.681,5.683,20396142,115999658.27
2023-10-16 15:00:00,5.683,5.688,5.661,5.684,58454928,331887596.21
2023-10-17 10:30:00,5.69,5.695,5.664,5.667,42865378,243275308.61
2023-10-17 11:30:00,5.669,5.691,5.657,5.689,39292158,223140165.28
2023-10-17 14:00:00,5.689,5.69,5.672,5.688,26318513,149576882.22
2023-10-17 15:00:00,5.688,5.695,5.673,5.694,90299782,513564960.16
2023-10-18 10:30:00,5.684,5.685,5.64,5.649,72335132,409272176.86
2023-10-18 11:30:00,5.65,5.656,5.639,5.644,31552287,178154729.83
2023-10-18 14:00:00,5.643,5.649,5.63,5.633,25622863,144444619.69
2023-10-18 15:00:00,5.633,5.645,5.616,5.627,66325220,373366771.79
2023-10-19 10:30:00,5.605,5.633,5.59,5.616,93448248,524525016.02
2023-10-19 11:30:00,5.617,5.617,5.587,5.591,30440203,170414403.13
2023-10-19 14:00:00,5.591,5.604,5.564,5.574,49789241,277857157.61
2023-10-19 15:00:00,5.574,5.596,5.549,5.562,84079230,468237231.87
2023-10-20 10:30:00,5.541,5.571,5.533,5.541,73802225,409479345.04
2023-10-20 11:30:00,5.541,5.568,5.536,5.549,33607443,186554916.09
2023-10-20 14:00:00,5.549,5.56,5.523,5.535,47982054,265788591.12
2023-10-20 15:00:00,5.536,5.537,5.504,5.522,88587179,489089815.26
2023-10-23 10:30:00,5.509,5.513,5.433,5.443,97307482,531590774.17
2023-10-23 11:30:00,5.442,5.45,5.43,5.444,36957348,201097249.58
2023-10-23 14:00:00,5.444,5.468,5.407,5.41,51952055,282013071.89
2023-10-23 15:00:00,5.41,5.41,5.357,5.373,319494376,1718879742.88
2023-10-24 10:30:00,5.395,5.455,5.377,5.434,244274175,1324454576.85
2023-10-24 11:30:00,5.435,5.449,5.407,5.417,116992505,634606344.62
2023-10-24 14:00:00,5.417,5.434,5.397,5.427,69951436,379090148.83
2023-10-24 15:00:00,5.427,5.45,5.424,5.44,182449927,992162703.03
2023-10-25 10:30:00,5.482,5.517,5.48,5.496,122258014,672133808.3
2023-10-25 11:30:00,5.496,5.504,5.482,5.487,51653736,283630664.38
2023-10-25 14:00:00,5.487,5.491,5.472,5.484,52057045,285394073.04
2023-10-25 15:00:00,5.484,5.49,5.466,5.466,89983112,492567555.09
2023-10-26 10:30:00,5.446,5.464,5.438,5.444,61971669,337662967.16
2023-10-26 11:30:00,5.444,5.455,5.43,5.435,25029884,136162568.96
2023-10-26 14:00:00,5.434,5.475,5.432,5.465,44051420,240403282.75
2023-10-26 15:00:00,5.465,5.506,5.456,5.491,89526942,490995592.24
2023-10-27 10:30:00,5.47,5.54,5.468,5.539,156019609,860552156.71
2023-10-27 11:30:00,5.54,5.548,5.523,5.538,57902933,320569938.07
2023-10-27 14:00:00,5.538,5.6,5.538,5.596,82326960,459219782.88
2023-10-27 15:00:00,5.596,5.614,5.584,5.594,105485734,590438815.11
2023-10-30 10:30:00,5.575,5.613,5.57,5.589,60694781,339324288.98
2023-10-30 11:30:00,5.589,5.652,5.588,5.645,68595393,386077736.94
2023-10-30 14:00:00,5.647,5.648,5.62,5.642,72138521,406620796.7
2023-10-30 15:00:00,5.642,5.66,5.638,5.64,89334570,504382982.22
2023-10-31 10:30:00,5.638,5.649,5.614,5.614,78751018,443026976.93
2023-10-31 11:30:00,5.614,5.619,5.601,5.611,52864469,296587292.58
2023-10-31 14:00:00,5.61,5.623,5.605,5.612,36695268,205982771.04
2023-10-31 15:00:00,5.612,5.633,5.607,5.625,43985013,247269081.42
2023-11-01 10:30:00,5.653,5.653,5.591,5.596,45889456,257592813.01
2023-11-01 11:30:00,5.596,5.62,5.594,5.607,29718921,166633990.05
2023-11-01 14:00:00,5.606,5.613,5.6,5.606,17856192,100107764.42
2023-11-01 15:00:00,5.606,5.617,5.603,5.614,28246325,158499545.02
2023-11-02 10:30:00,5.62,5.638,5.58,5.583,55862040,312846044.68
2023-11-02 11:30:00,5.584,5.598,5.582,5.588,20273197,113313655.77
2023-11-02 14:00:00,5.589,5.59,5.57,5.572,18925516,105553911.24
2023-11-02 15:00:00,5.572,5.58,5.559,5.564,49833966,277458911.37
2023-11-03 10:30:00,5.565,5.622,5.564,5.619,96420344,540114626.97
2023-11-03 11:30:00,5.62,5.642,5.612,5.617,98535954,554133359.98
2023-11-03 14:00:00,5.618,5.628,5.611,5.623,31190714,175312606.49
2023-11-03 15:00:00,5.624,5.628,5.602,5.605,125624197,704961118.83
2023-11-06 10:30:00,5.64,5.686,5.64,5.677,99425961,563513204.96
2023-11-06 11:30:00,5.677,5.707,5.677,5.706,51249102,291949051.06
2023-11-06 14:00:00,5.706,5.706,5.685,5.692,78479106,446886189.27
2023-11-06 15:00:00,5.692,5.702,5.689,5.701,175751206,1001313204.32
2023-11-07 10:30:00,5.687,5.703,5.677,5.687,60082755,341810793.2
2023-11-07 11:30:00,5.687,5.697,5.683,5.686,22496372,127974361.52
2023-11-07 14:00:00,5.688,5.71,5.683,5.708,45363237,258585571.98
2023-11-07 15:00:00,5.708,5.733,5.705,5.71,71245479,407239157.96
2023-11-08 10:30:00,5.7,5.733,5.688,5.722,77757730,444333588.46
2023-11-08 11:30:00,5.723,5.728,5.713,5.725,31904494,182557514.67
2023-11-08 14:00:00,5.724,5.725,5.69,5.691,41032564,233967679.93
2023-11-08 15:00:00,5.691,5.706,5.678,5.704,59146731,336899779.78
2023-11-09 10:30:00,5.7,5.743,5.69,5.697,62303928,355755428.88
2023-11-09 11:30:00,5.697,5.715,5.68,5.695,53716368,306004243.04
2023-11-09 14:00:00,5.696,5.704,5.686,5.691,64141112,365198111.36
2023-11-09 15:00:00,5.692,5.697,5.68,5.694,31632599,180000032.51
2023-11-10 10:30:00,5.68,5.68,5.647,5.65,77464968,438374253.91
2023-11-10 11:30:00,5.652,5.679,5.647,5.675,38739304,219535635.77
2023-11-10 14:00:00,5.674,5.677,5.661,5.667,28666812,162493046.02
2023-11-10 15:00:00,5.668,5.681,5.662,5.674,57647796,326997514.84
2023-11-13 10:30:00,5.68,5.698,5.658,5.671,103191290,585679364.94
2023-11-13 11:30:00,5.671,5.677,5.659,5.669,32127228,182107837.38
2023-11-13 14:00:00,5.671,5.699,5.663,5.695,39701466,225729301.85
2023-11-13 15:00:00,5.695,5.707,5.685,5.705,51123967,291355487.93
2023-11-14 10:30:00,5.704,5.74,5.695,5.718,64582432,369260818.7
2023-11-14 11:30:00,5.72,5.736,5.709,5.711,42757734,244517228.17
2023-11-14 14:00:00,5.711,5.723,5.699,5.715,66349572,379010871.79
2023-11-14 15:00:00,5.716,5.729,5.706,5.729,66756587,381936686.42
2023-11-15 10:30:00,5.773,5.791,5.749,5.76,91189490,525859392.33
2023-11-15 11:30:00,5.761,5.774,5.752,5.762,37734233,217449806.7
2023-11-15 14:00:00,5.761,5.767,5.748,5.751,24159923,139048410.17
2023-11-15 15:00:00,5.753,5.769,5.747,5.767,65459299,377111021.54
2023-11-16 10:30:00,5.752,5.755,5.73,5.731,59008938,338632625.54
2023-11-16 11:30:00,5.732,5.734,5.715,5.716,29530209,168962012.5
2023-11-16 14:00:00,5.716,5.732,5.715,5.731,44740374,256183381.52
2023-11-16 15:00:00,5.731,5.737,5.705,5.709,38764612,221617286.8
2023-11-17 10:30:00,5.689,5.721,5.687,5.696,61393608,350025423.74
2023-11-17 11:30:00,5.696,5.714,5.69,5.711,38210212,217989259.46
2023-11-17 14:00:00,5.712,5.715,5.697,5.711,39431988,225064643.51
2023-11-17 15:00:00,5.712,5.728,5.709,5.727,67880471,388366801.41
2023-11-20 10:30:00,5.729,5.736,5.702,5.718,97282025,556323473.63
2023-11-20 11:30:00,5.718,5.772,5.713,5.767,57178362,328813700.41
2023-11-20 14:00:00,5.766,5.771,5.752,5.757,30135656,173581378.56
2023-11-20 15:00:00,5.758,5.764,5.752,5.759,30062711,173111110.84
2023-11-21 10:30:00,5.769,5.799,5.764,5.769,72886843,421091587.63
2023-11-21 11:30:00,5.769,5.777,5.759,5.774,33991077,196128514.29
2023-11-21 14:00:00,5.773,5.787,5.766,5.769,21588621,124652697.65
2023-11-21 15:00:00,5.769,5.769,5.729,5.741,42107727,241965035.25
2023-11-22 10:30:00,5.722,5.743,5.716,5.722,91850148,526025797.6
2023-11-22 11:30:00,5.722,5.726,5.701,5.708,57655587,329309494.41
2023-11-22 14:00:00,5.708,5.719,5.694,5.694,27637140,157596184.66
2023-11-22 15:00:00,5.695,5.698,5.666,5.668,74970619,425633194.27
2023-11-23 10:30:00,5.661,5.683,5.64,5.679,71130903,403122537.6
2023-11-23 11:30:00,5.679,5.695,5.672,5.686,27306592,155219771.13
2023-11-23 14:00:00,5.685,5.712,5.672,5.707,36194271,206198761.89
2023-11-23 15:00:00,5.708,5.729,5.707,5.721,91887480,525504498.12
2023-11-24 10:30:00,5.72,5.72,5.675,5.681,222279717,1265216149.16
2023-11-24 11:30:00,5.681,5.685,5.663,5.674,37039979,210164840.85
2023-11-24 14:00:00,5.674,5.678,5.655,5.663,30721186,174045759.09
2023-11-24 15:00:00,5.664,5.679,5.652,5.673,46404681,263021731.91
2023-11-27 10:30:00,5.658,5.674,5.622,5.638,53063786,299527384.04
2023-11-27 11:30:00,5.637,5.639,5.628,5.634,32867121,185162404.01
2023-11-27 14:00:00,5.632,5.679,5.63,5.652,41940296,237116453.49
2023-11-27 15:00:00,5.653,5.667,5.649,5.659,46564018,263474735.18
2023-11-28 10:30:00,5.656,5.67,5.618,5.666,81175910,458752126.05
2023-11-28 11:30:00,5.665,5.676,5.658,5.671,18436909,104506545.85
2023-11-28 14:00:00,5.671,5.672,5.648,5.66,37782475,213848808.5
2023-11-28 15:00:00,5.661,5.695,5.656,5.685,40650475,230840497.37
2023-11-29 10:30:00,5.68,5.689,5.667,5.679,48508909,275449754.94
2023-11-29 11:30:00,5.679,5.683,5.667,5.675,20912040,118675827.0
2023-11-29 14:00:00,5.675,5.675,5.652,5.661,19080267,108045191.93
2023-11-29 15:00:00,5.661,5.661,5.64,5.657,34493108,194978041.82
2023-11-30 10:30:00,5.655,5.657,5.615,5.636,52498877,295883670.77
2023-11-30 11:30:00,5.635,5.648,5.627,5.634,42481658,239440785.04
2023-11-30 14:00:00,5.634,5.642,5.604,5.607,35595120,199961519.12
2023-11-30 15:00:00,5.607,5.642,5.6,5.636,36433238,204973396.99
2023-12-01 10:30:00,5.631,5.637,5.618,5.621,47728128,268486629.38
2023-12-01 11:30:00,5.621,5.631,5.614,5.628,31606270,177764197.9
2023-12-01 14:00:00,5.627,5.673,5.613,5.673,38372054,216917221.26
2023-12-01 15:00:00,5.673,5.677,5.647,5.662,31042273,175761349.73
2023-12-04 10:30:00,5.667,5.685,5.651,5.67,54938608,311428655.88
2023-12-04 11:30:00,5.67,5.673,5.658,5.669,27122328,153693192.0
2023-12-04 14:00:00,5.668,5.688,5.662,5.672,23159708,131408183.19
2023-12-04 15:00:00,5.672,5.673,5.652,5.653,51352021,290618204.18
2023-12-05 10:30:00,5.64,5.64,5.603,5.617,66462752,373520666.24
2023-12-05 11:30:00,5.617,5.619,5.596,5.6,22507849,126156493.64
2023-12-05 14:00:00,5.601,5.617,5.591,5.606,35847718,200914510.15
2023-12-05 15:00:00,5.606,5.607,5.561,5.566,56742507,316509704.05
2023-12-06 10:30:00,5.558,5.589,5.542,5.57,80720788,449372626.8
2023-12-06 11:30:00,5.57,5.588,5.566,5.57,33950604,189263300.43
2023-12-06 14:00:00,5.569,5.614,5.565,5.585,43367113,242335427.44
2023-12-06 15:00:00,5.585,5.59,5.572,5.577,32394694,180751594.29
2023-12-07 10:30:00,5.568,5.57,5.537,5.54,77593343,430565460.31
2023-12-07 11:30:00,5.54,5.556,5.533,5.555,38840525,215487232.7
2023-12-07 14:00:00,5.555,5.596,5.554,5.585,86995110,485287721.95
2023-12-07 15:00:00,5.586,5.602,5.576,5.583,54470846,304328616.6
2023-12-08 10:30:00,5.58,5.607,5.577,5.596,100408594,561618735.77
2023-12-08 11:30:00,5.597,5.611,5.587,5.611,32741797,183452288.59
2023-12-08 14:00:00,5.61,5.62,5.598,5.605,49463597,277375364.11
2023-12-08 15:00:00,5.605,5.613,5.59,5.594,67430117,377541225.08
2023-12-11 10:30:00,5.569,5.573,5.531,5.569,90231658,501477477.94
2023-12-11 11:30:00,5.569,5.582,5.545,5.582,33062754,184148518.86
2023-12-11 14:00:00,5.58,5.632,5.574,5.62,98732007,553754916.59
2023-12-11 15:00:00,5.619,5.677,5.615,5.655,181088109,1022966727.74
2023-12-12 10:30:00,5.65,5.667,5.641,5.645,56870432,321374811.23
2023-12-12 11:30:00,5.645,5.653,5.639,5.644,28095875,158610579.67
2023-12-12 14:00:00,5.644,5.656,5.643,5.653,31061051,175515645.52
2023-12-12 15:00:00,5.653,5.671,5.651,5.665,65454298,370624053.38
2023-12-13 10:30:00,5.657,5.657,5.635,5.644,48568460,274185146.19
2023-12-13 11:30:00,5.644,5.65,5.631,5.639,36615881,206513568.84
2023-12-13 14:00:00,5.639,5.641,5.613,5.622,62392608,350979217.54
2023-12-13 15:00:00,5.621,5.625,5.599,5.607,64945704,364367048.01
2023-12-14 10:30:00,5.626,5.658,5.617,5.62,113428098,638789238.57
2023-12-14 11:30:00,5.619,5.633,5.608,5.622,56066254,315148413.73
2023-12-14 14:00:00,5.621,5.622,5.588,5.595,48730844,272973944.47
2023-12-14 15:00:00,5.595,5.612,5.577,5.587,63647097,355914566.42
2023-12-15 10:30:00,5.6,5.616,5.569,5.609,88272148,494147484.5
2023-12-15 11:30:00,5.609,5.616,5.581,5.59,59857681,334943630.32
2023-12-15 14:00:00,5.591,5.592,5.536,5.539,98221951,545688419.11
2023-12-15 15:00:00,5.54,5.549,5.527,5.544,100695449,557852787.46
2023-12-18 10:30:00,5.52,5.545,5.498,5.514,50175674,276919544.81
2023-12-18 11:30:00,5.514,5.534,5.503,5.505,25537929,140816140.51
2023-12-18 14:00:00,5.505,5.512,5.482,5.49,37994941,208769535.81
2023-12-18 15:00:00,5.49,5.498,5.473,5.485,74692469,409713089.95
2023-12-19 10:30:00,5.483,5.49,5.464,5.475,84431206,462373427.79
2023-12-19 11:30:00,5.475,5.505,5.468,5.473,38729434,212314757.19
2023-12-19 14:00:00,5.473,5.482,5.458,5.463,27962931,152891985.73
2023-12-19 15:00:00,5.463,5.479,5.441,5.471,86197916,470956680.39
2023-12-20 10:30:00,5.482,5.486,5.452,5.459,46867224,256160623.98
2023-12-20 11:30:00,5.459,5.464,5.442,5.445,21910521,119419642.96
2023-12-20 14:00:00,5.445,5.445,5.409,5.418,44730588,242618709.31
2023-12-20 15:00:00,5.418,5.427,5.406,5.411,79838682,432299850.14
2023-12-21 10:30:00,5.39,5.404,5.349,5.371,130460120,701179658.29
2023-12-21 11:30:00,5.371,5.439,5.367,5.407,91052939,492080433.34
2023-12-21 14:00:00,5.408,5.451,5.399,5.432,55605835,301791401.82
2023-12-21 15:00:00,5.433,5.44,5.415,5.425,48185729,261487889.37
2023-12-22 10:30:00,5.421,5.431,5.383,5.397,91188632,492752971.12
2023-12-22 11:30:00,5.397,5.461,5.392,5.455,57819677,314307764.17
2023-12-22 14:00:00,5.455,5.456,5.408,5.41,54170150,293855007.03
2023-12-22 15:00:00,5.412,5.421,5.39,5.411,132510066,716526096.88
2023-12-25 10:30:00,5.408,5.437,5.398,5.401,134332503,727007506.24
2023-12-25 11:30:00,5.401,5.403,5.382,5.383,62219594,335322131.93
2023-12-25 14:00:00,5.385,5.409,5.378,5.398,47526026,256402910.27
2023-12-25 15:00:00,5.398,5.413,5.394,5.403,69886262,377618769.01
2023-12-26 10:30:00,5.4,5.402,5.348,5.349,67518928,362329073.96
2023-12-26 11:30:00,5.349,5.359,5.335,5.349,58162272,311032443.23
2023-12-26 14:00:00,5.35,5.376,5.33,5.373,61250857,328284176.57
2023-12-26 15:00:00,5.374,5.376,5.34,5.354,67418977,361140986.8
2023-12-27 10:30:00,5.359,5.369,5.327,5.333,66036344,352832185.99
2023-12-27 11:30:00,5.334,5.377,5.321,5.371,74641095,399802585.19
2023-12-27 14:00:00,5.371,5.378,5.353,5.359,46058110,247024996.63
2023-12-27 15:00:00,5.359,5.387,5.354,5.373,70121603,376646503.58
2023-12-28 10:30:00,5.371,5.46,5.361,5.439,134619457,729637456.94
2023-12-28 11:30:00,5.439,5.47,5.438,5.468,65112671,355428366.77
2023-12-28 14:00:00,5.468,5.493,5.465,5.483,76808054,420933738.6
2023-12-28 15:00:00,5.483,5.493,5.463,5.479,72179193,395421678.98
2023-12-29 10:30:00,5.478,5.529,5.471,5.523,90844545,500341472.34
2023-12-29 11:30:00,5.523,5.529,5.503,5.503,51047975,281359422.21
2023-12-29 14:00:00,5.504,5.523,5.501,5.52,37749373,208175208.97
2023-12-29 15:00:00,5.52,5.535,5.514,5.521,91693758,506455190.02
2024-01-02 10:30:00,5.524,5.53,5.505,5.523,90479397,499385951.84
2024-01-02 11:30:00,5.523,5.53,5.513,5.517,41042130,226552557.6
2024-01-02 14:00:00,5.517,5.528,5.517,5.522,50011957,276182697.21
2024-01-02 15:00:00,5.522,5.524,5.492,5.496,127723763,702991591.55
2024-01-03 10:30:00,5.49,5.517,5.486,5.5,57907745,318550505.24
2024-01-03 11:30:00,5.5,5.507,5.478,5.478,48777937,267677058.94
2024-01-03 14:00:00,5.478,5.486,5.461,5.464,38177846,208845543.57
2024-01-03 15:00:00,5.463,5.499,5.461,5.49,80686219,442429434.18
2024-01-04 10:30:00,5.491,5.495,5.443,5.453,80357978,439049205.8
2024-01-04 11:30:00,5.452,5.453,5.425,5.433,85953163,467327347.23
2024-01-04 14:00:00,5.433,5.446,5.424,5.425,51949058,282169966.7
2024-01-04 15:00:00,5.426,5.453,5.417,5.445,56495335,307240463.51
2024-01-05 10:30:00,5.438,5.463,5.412,5.442,66949676,364139287.76
2024-01-05 11:30:00,5.443,5.447,5.412,5.416,36240238,196603291.15
2024-01-05 14:00:00,5.415,5.417,5.386,5.388,32522110,175521827.67
2024-01-05 15:00:00,5.389,5.399,5.356,5.376,67406706,362445858.16
2024-01-08 10:30:00,5.361,5.364,5.309,5.312,88452302,471303349.16
2024-01-08 11:30:00,5.312,5.323,5.29,5.298,30796153,163332530.13
2024-01-08 14:00:00,5.299,5.304,5.267,5.271,74535498,393597119.77
2024-01-08 15:00:00,5.27,5.3,5.248,5.251,98487274,518666813.98
2024-01-09 10:30:00,5.252,5.309,5.251,5.3,84057693,444385003.66
2024-01-09 11:30:00,5.3,5.309,5.271,5.277,26352622,139291175.68
2024-01-09 14:00:00,5.276,5.283,5.238,5.239,37576379,197401244.35
2024-01-09 15:00:00,5.24,5.275,5.239,5.261,74078058,389527121.65
2024-01-10 10:30:00,5.244,5.303,5.2,5.275,110995901,583764441.99
2024-01-10 11:30:00,5.277,5.301,5.258,5.262,39434154,207962583.48
2024-01-10 14:00:00,5.263,5.278,5.251,5.276,19580461,103156395.37
2024-01-10 15:00:00,5.276,5.276,5.242,5.254,39643702,208420155.98
2024-01-11 10:30:00,5.24,5.289,5.235,5.271,75445848,397222389.72
2024-01-11 11:30:00,5.271,5.279,5.26,5.278,23612249,124491647.48
2024-01-11 14:00:00,5.278,5.335,5.276,5.324,111646014,593026411.03
2024-01-11 15:00:00,5.324,5.324,5.295,5.309,58826782,312330994.57
2024-01-12 10:30:00,5.295,5.358,5.294,5.347,128249641,683955335.45
2024-01-12 11:30:00,5.347,5.355,5.312,5.312,30243626,161087633.28
2024-01-12 14:00:00,5.313,5.318,5.3,5.304,42044413,223143714.6
2024-01-12 15:00:00,5.306,5.32,5.289,5.294,37233501,197374788.8
2024-01-15 10:30:00,5.275,5.316,5.254,5.312,77809283,411922344.2
2024-01-15 11:30:00,5.313,5.333,5.295,5.307,37410575,198712504.21
2024-01-15 14:00:00,5.307,5.307,5.282,5.289,18298493,96847823.95
2024-01-15 15:00:00,5.289,5.294,5.277,5.279,24223018,127978278.43
2024-01-16 10:30:00,5.266,5.297,5.257,5.277,76192353,402067046.78
2024-01-16 11:30:00,5.278,5.28,5.23,5.232,42774788,224453570.9
2024-01-16 14:00:00,5.232,5.245,5.21,5.212,60155332,314151195.48
2024-01-16 15:00:00,5.212,5.276,5.21,5.274,59918718,314772998.56
2024-01-17 10:30:00,5.254,5.262,5.229,5.24,59687825,312983058.36
2024-01-17 11:30:00,5.241,5.242,5.222,5.233,29988720,156910979.28
2024-01-17 14:00:00,5.233,5.234,5.205,5.205,28488296,148556967.54
2024-01-17 15:00:00,5.206,5.207,5.138,5.142,80001245,412993093.77
2024-01-18 10:30:00,5.136,5.136,5.046,5.066,167690452,852314670.7
2024-01-18 11:30:00,5.066,5.083,5.016,5.051,141190843,713013757.15
2024-01-18 14:00:00,5.051,5.069,5.002,5.031,70854801,356683068.23
2024-01-18 15:00:00,5.031,5.153,5.03,5.153,96342670,492503729.04
2024-01-19 10:30:00,5.119,5.162,5.115,5.117,164616632,844702811.0
2024-01-19 11:30:00,5.117,5.142,5.107,5.118,49066625,251335608.79
2024-01-19 14:00:00,5.118,5.123,5.099,5.116,52667256,269270124.18
2024-01-19 15:00:00,5.116,5.129,5.095,5.11,53267659,272268761.04
2024-01-22 10:30:00,5.088,5.095,5.021,5.025,73014371,368503530.44
2024-01-22 11:30:00,5.025,5.036,4.998,5.0,72445237,363047231.02
2024-01-22 14:00:00,5.001,5.002,4.954,4.96,77880947,387224068.48
2024-01-22 15:00:00,4.96,4.971,4.82,4.87,151212950,738977686.65
2024-01-23 10:30:00,4.844,4.938,4.801,4.911,156672142,765082293.43
2024-01-23 11:30:00,4.909,4.937,4.879,4.904,42204300,207082432.0
2024-01-23 14:00:00,4.905,4.959,4.904,4.941,73823137,364292573.38
2024-01-23 15:00:00,4.941,4.971,4.937,4.954,58290331,288770299.77
2024-01-24 10:30:00,4.951,4.995,4.917,4.924,121796838,602325962.86
2024-01-24 11:30:00,4.924,4.937,4.87,4.901,48903915,239759593.94
2024-01-24 14:00:00,4.901,4.943,4.839,4.93,67600303,331511885.91
2024-01-24 15:00:00,4.93,5.026,4.92,5.02,106356424,530576747.19
2024-01-25 10:30:00,5.018,5.095,4.976,5.094,132779596,671200857.78
2024-01-25 11:30:00,5.095,5.125,5.082,5.113,69182794,353293468.03
2024-01-25 14:00:00,5.113,5.161,5.112,5.137,88039965,452231953.55
2024-01-25 15:00:00,5.137,5.169,5.136,5.168,54410352,280630458.83
2024-01-26 10:30:00,5.145,5.168,5.124,5.155,149996768,772333358.43
2024-01-26 11:30:00,5.154,5.164,5.127,5.132,51454066,264525353.31
2024-01-26 14:00:00,5.132,5.155,5.112,5.142,50377495,258755606.82
2024-01-26 15:00:00,5.145,5.145,5.091,5.111,39648315,202827563.44
2024-01-29 10:30:00,5.115,5.135,5.045,5.05,69505232,352854894.45
2024-01-29 11:30:00,5.049,5.074,5.032,5.066,51433334,260115514.48
2024-01-29 14:00:00,5.066,5.066,5.021,5.026,31047135,156405117.08
2024-01-29 15:00:00,5.027,5.065,5.012,5.013,44618519,224431150.57
2024-01-30 10:30:00,4.993,5.027,4.955,4.98,65121443,324782343.39
2024-01-30 11:30:00,4.98,5.009,4.973,4.994,28654234,143041936.13
2024-01-30 14:00:00,4.994,5.003,4.967,4.974,24571214,122397407.34
2024-01-30 15:00:00,4.974,4.974,4.888,4.918,70226672,345983404.05
2024-01-31 10:30:00,4.9,4.918,4.779,4.779,130070269,627632404.68
2024-01-31 11:30:00,4.78,4.889,4.779,4.873,55698567,269970954.25
2024-01-31 14:00:00,4.873,4.882,4.811,4.838,38069405,184395508.02
2024-01-31 15:00:00,4.84,4.843,4.776,4.784,123210112,591531747.71
2024-02-01 10:30:00,4.756,4.856,4.709,4.841,176297679,846581454.56
2024-02-01 11:30:00,4.841,4.852,4.797,4.813,74512587,359200344.4
2024-02-01 14:00:00,4.813,4.822,4.76,4.772,45775655,219021250.62
2024-02-01 15:00:00,4.772,4.792,4.757,4.766,51616564,246297037.89
2024-02-02 10:30:00,4.764,4.811,4.745,4.757,103301994,492853813.37
2024-02-02 11:30:00,4.754,4.759,4.689,4.692,58372059,275126971.42
2024-02-02 14:00:00,4.692,4.7,4.603,4.615,110006165,510355268.16
2024-02-02 15:00:00,4.615,4.69,4.504,4.639,112822095,520222680.04
2024-02-05 10:30:00,4.62,4.621,4.423,4.442,265946841,1195519699.24
2024-02-05 11:30:00,4.442,4.476,4.351,4.442,94826784,419418865.63
2024-02-05 14:00:00,4.442,4.68,4.404,4.667,1289520888,5910733910.3
2024-02-05 15:00:00,4.666,4.666,4.521,4.533,1862719064,8518835186.03
2024-02-06 10:30:00,4.483,4.675,4.465,4.651,384105399,1765732519.2
2024-02-06 11:30:00,4.651,4.719,4.65,4.684,143692465,673103403.55
2024-02-06 14:00:00,4.681,4.93,4.681,4.881,380663783,1838859847.75
2024-02-06 15:00:00,4.881,4.916,4.85,4.914,119582761,585158310.49
2024-02-07 10:30:00,4.941,5.171,4.903,5.146,520013985,2638204283.9
2024-02-07 11:30:00,5.146,5.196,5.1,5.19,239378249,1235670521.34
2024-02-07 14:00:00,5.189,5.192,5.109,5.143,192672620,991878647.76
2024-02-07 15:00:00,5.143,5.235,5.1,5.214,371967721,1927908697.94
2024-02-08 10:30:00,5.297,5.475,5.227,5.46,809411941,4360571930.15
2024-02-08 11:30:00,5.459,5.462,5.35,5.367,240755258,1298393106.39
2024-02-08 14:00:00,5.367,5.38,5.215,5.246,324380745,1712838460.52
2024-02-08 15:00:00,5.246,5.279,5.216,5.246,245958609,1290544821.42
2024-02-19 10:30:00,5.3,5.3,5.197,5.274,968215096,5089906759.67
2024-02-19 11:30:00,5.273,5.278,5.173,5.186,152375503,794231913.47
2024-02-19 14:00:00,5.186,5.187,5.145,5.172,265271704,1370924166.27
2024-02-19 15:00:00,5.172,5.22,5.168,5.218,165413197,860479450.79
2024-02-20 10:30:00,5.186,5.201,5.149,5.19,158528706,821178697.08
2024-02-20 11:30:00,5.19,5.196,5.163,5.18,56420683,292240331.05
2024-02-20 14:00:00,5.181,5.211,5.166,5.2,89989354,467254722.42
2024-02-20 15:00:00,5.201,5.228,5.197,5.215,171413791,893637230.41
2024-02-21 10:30:00,5.181,5.218,5.165,5.214,80017713,416012089.89
2024-02-21 11:30:00,5.214,5.303,5.214,5.302,175542437,925635270.3
2024-02-21 14:00:00,5.303,5.34,5.3,5.306,128264191,681766929.9
2024-02-21 15:00:00,5.306,5.309,5.206,5.216,216255423,1133971353.07
2024-02-22 10:30:00,5.212,5.27,5.195,5.223,131150873,685831631.87
2024-02-22 11:30:00,5.223,5.244,5.21,5.221,53586673,279990366.42
2024-02-22 14:00:00,5.221,5.256,5.214,5.225,38122623,199444856.0
2024-02-22 15:00:00,5.225,5.259,5.209,5.258,71982164,377330503.69
2024-02-23 10:30:00,5.259,5.279,5.21,5.21,109575486,573408518.24
2024-02-23 11:30:00,5.21,5.233,5.194,5.223,80257547,418676870.18
2024-02-23 14:00:00,5.223,5.26,5.209,5.253,61695712,323326661.35
2024-02-23 15:00:00,5.253,5.283,5.248,5.283,70707656,372723623.99
2024-02-26 10:30:00,5.27,5.307,5.241,5.263,119852785,631664127.88
2024-02-26 11:30:00,5.264,5.3,5.262,5.286,45424635,239963205.16
2024-02-26 14:00:00,5.287,5.341,5.278,5.32,149636763,795020121.82
2024-02-26 15:00:00,5.32,5.32,5.254,5.271,71932380,379922853.7
2024-02-27 10:30:00,5.26,5.306,5.245,5.284,83607906,441310397.17
2024-02-27 11:30:00,5.284,5.337,5.28,5.336,45532605,242127215.86
2024-02-27 14:00:00,5.336,5.361,5.313,5.339,72787508,388515455.2
2024-02-27 15:00:00,5.34,5.4,5.324,5.4,165159158,887675421.2
2024-02-28 10:30:00,5.399,5.472,5.399,5.449,92010307,500536070.08
2024-02-28 11:30:00,5.449,5.449,5.337,5.371,133309622,717961187.55
2024-02-28 14:00:00,5.371,5.424,5.358,5.385,94468631,509091452.46
2024-02-28 15:00:00,5.385,5.389,5.257,5.263,160554341,851419670.32
2024-02-29 10:30:00,5.241,5.398,5.241,5.383,189244711,1010692919.88
2024-02-29 11:30:00,5.383,5.42,5.347,5.359,197104332,1059501485.94
2024-02-29 14:00:00,5.36,5.389,5.343,5.382,86155044,462767459.67
2024-02-29 15:00:00,5.382,5.444,5.353,5.426,162243144,877356841.7
2024-03-01 10:30:00,5.423,5.466,5.406,5.454,148745014,809470366.19
2024-03-01 11:30:00,5.454,5.46,5.421,5.437,62932450,342310573.03
2024-03-01 14:00:00,5.436,5.451,5.419,5.442,50862785,276557916.31
2024-03-01 15:00:00,5.442,5.478,5.441,5.468,71588074,391037922.88
2024-03-04 10:30:00,5.461,5.485,5.403,5.442,191213287,1040837658.9
2024-03-04 11:30:00,5.44,5.47,5.435,5.453,72936514,397698498.67
2024-03-04 14:00:00,5.455,5.47,5.425,5.451,79081095,430886526.29
2024-03-04 15:00:00,5.451,5.471,5.438,5.467,90835411,495840230.18
2024-03-05 10:30:00,5.434,5.474,5.42,5.43,423659631,2305273272.15
2024-03-05 11:30:00,5.43,5.475,5.43,5.475,276696500,1510762890.0
2024-03-05 14:00:00,5.475,5.475,5.431,5.444,63411533,345592854.85
2024-03-05 15:00:00,5.444,5.461,5.419,5.435,673584597,3663177566.68
2024-03-06 10:30:00,5.43,5.434,5.382,5.392,78311217,423089401.71
2024-03-06 11:30:00,5.393,5.467,5.392,5.467,68928596,375109419.43
2024-03-06 14:00:00,5.466,5.496,5.452,5.453,103294915,564713300.3
2024-03-06 15:00:00,5.453,5.462,5.418,5.433,69236611,376485611.75
2024-03-07 10:30:00,5.432,5.474,5.431,5.455,62876942,342888923.71
2024-03-07 11:30:00,5.457,5.468,5.41,5.413,44269963,240400655.74
2024-03-07 14:00:00,5.412,5.415,5.387,5.388,63631099,343395830.94
2024-03-07 15:00:00,5.388,5.408,5.357,5.363,79454897,427149526.27
2024-03-08 10:30:00,5.37,5.408,5.366,5.383,82852313,446214940.38
2024-03-08 11:30:00,5.384,5.393,5.353,5.391,60173221,323671755.76
2024-03-08 14:00:00,5.391,5.407,5.381,5.397,44057305,237689160.48
2024-03-08 15:00:00,5.397,5.453,5.394,5.433,117970726,640187806.43
2024-03-11 10:30:00,5.432,5.453,5.423,5.442,119577400,650421337.73
2024-03-11 11:30:00,5.442,5.466,5.431,5.466,66123709,360660750.12
2024-03-11 14:00:00,5.465,5.482,5.456,5.47,57160853,312631758.67
2024-03-11 15:00:00,5.469,5.539,5.468,5.538,156322118,862116480.77
2024-03-12 10:30:00,5.535,5.564,5.488,5.497,172978901,954209277.55
2024-03-12 11:30:00,5.498,5.512,5.468,5.492,107130573,588218266.15
2024-03-12 14:00:00,5.493,5.513,5.479,5.511,57170397,314494353.9
2024-03-12 15:00:00,5.511,5.517,5.482,5.506,80489006,442823681.34
2024-03-13 10:30:00,5.506,5.512,5.48,5.48,97868617,537363953.07
2024-03-13 11:30:00,5.48,5.513,5.47,5.51,57921158,318431219.63
2024-03-13 14:00:00,5.51,5.549,5.5,5.538,76665964,423886114.96
2024-03-13 15:00:00,5.539,5.541,5.481,5.497,114248810,629092030.8
2024-03-14 10:30:00,5.488,5.531,5.478,5.483,96996144,533220135.62
2024-03-14 11:30:00,5.484,5.515,5.481,5.494,48214897,265021217.18
2024-03-14 14:00:00,5.494,5.501,5.46,5.468,71251807,390198645.73
2024-03-14 15:00:00,5.468,5.483,5.433,5.475,101731649,555827819.59
2024-03-15 10:30:00,5.463,5.477,5.447,5.455,80354696,438709855.26
2024-03-15 11:30:00,5.456,5.467,5.437,5.465,104908712,572416902.24
2024-03-15 14:00:00,5.465,5.51,5.455,5.497,196202005,1076625802.1
2024-03-15 15:00:00,5.499,5.55,5.493,5.548,130079702,719384111.96
2024-03-18 10:30:00,5.552,5.576,5.549,5.574,98186951,546541298.25
2024-03-18 11:30:00,5.574,5.579,5.541,5.568,55262984,307409559.0
2024-03-18 14:00:00,5.566,5.593,5.559,5.587,68703703,383343761.51
2024-03-18 15:00:00,5.588,5.624,5.575,5.62,101051802,566530085.95
2024-03-19 10:30:00,5.61,5.615,5.59,5.608,80893377,453353449.17
2024-03-19 11:30:00,5.608,5.609,5.57,5.578,34220266,191142999.12
2024-03-19 14:00:00,5.578,5.599,5.574,5.593,72989664,407914902.21
2024-03-19 15:00:00,5.594,5.602,5.557,5.563,87291797,486564476.48
2024-03-20 10:30:00,5.562,5.583,5.55,5.554,54112232,300990271.79
2024-03-20 11:30:00,5.554,5.57,5.543,5.561,37039664,205866452.51
2024-03-20 14:00:00,5.562,5.582,5.557,5.57,53180920,296199997.43
2024-03-20 15:00:00,5.571,5.591,5.561,5.576,43976312,245211915.71
2024-03-21 10:30:00,5.588,5.599,5.56,5.566,70847031,394972197.82
2024-03-21 11:30:00,5.566,5.572,5.537,5.543,40965830,227387667.05
2024-03-21 14:00:00,5.543,5.573,5.537,5.568,77352931,430030727.74
2024-03-21 15:00:00,5.568,5.577,5.545,5.549,54274095,301601145.91
2024-03-22 10:30:00,5.547,5.548,5.47,5.473,75554407,415322575.28
2024-03-22 11:30:00,5.473,5.479,5.437,5.443,44974700,245247039.1
2024-03-22 14:00:00,5.444,5.491,5.439,5.475,55814751,305213663.39
2024-03-22 15:00:00,5.475,5.501,5.461,5.464,70619455,386665055.94
2024-03-25 10:30:00,5.459,5.459,5.415,5.449,107802099,586551220.66
2024-03-25 11:30:00,5.45,5.485,5.446,5.47,37808535,206699260.84
2024-03-25 14:00:00,5.47,5.483,5.446,5.446,45445006,248053991.08
2024-03-25 15:00:00,5.446,5.452,5.374,5.386,79500569,429621074.88
2024-03-26 10:30:00,5.386,5.408,5.363,5.387,182418047,982503601.14
2024-03-26 11:30:00,5.387,5.394,5.346,5.346,69325103,371721202.29
2024-03-26 14:00:00,5.345,5.376,5.325,5.368,122931909,658464281.91
2024-03-26 15:00:00,5.368,5.396,5.352,5.36,100491725,539573568.77
2024-03-27 10:30:00,5.358,5.358,5.3,5.317,120174905,639931369.12
2024-03-27 11:30:00,5.318,5.318,5.293,5.311,65135411,345695337.98
2024-03-27 14:00:00,5.31,5.324,5.294,5.302,35326651,187466761.31
2024-03-27 15:00:00,5.302,5.323,5.233,5.238,119586114,629581028.17
2024-03-28 10:30:00,5.239,5.296,5.239,5.285,88488946,466631708.57
2024-03-28 11:30:00,5.285,5.361,5.285,5.345,100027525,533180050.76
2024-03-28 14:00:00,5.345,5.361,5.317,5.32,47077643,251049377.57
2024-03-28 15:00:00,5.32,5.344,5.275,5.303,119929488,636505769.31
2024-03-29 10:30:00,5.295,5.327,5.288,5.305,97072184,515129723.09
2024-03-29 11:30:00,5.306,5.325,5.295,5.307,72527932,385050790.99
2024-03-29 14:00:00,5.307,5.33,5.301,5.326,65601235,348932968.96
2024-03-29 15:00:00,5.328,5.375,5.326,5.37,147925507,792436941.0
2024-04-01 10:30:00,5.387,5.48,5.386,5.478,225048361,1226063470.73
2024-04-01 11:30:00,5.478,5.482,5.446,5.463,61309802,334976321.53
2024-04-01 14:00:00,5.464,5.468,5.442,5.457,36845105,201014611.18
2024-04-01 15:00:00,5.456,5.493,5.45,5.483,83207004,455586082.57
2024-04-02 10:30:00,5.483,5.489,5.431,5.448,73323147,400051090.03
2024-04-02 11:30:00,5.448,5.475,5.442,5.47,84307802,460517317.12
2024-04-02 14:00:00,5.47,5.471,5.447,5.457,92886095,507003268.54
2024-04-02 15:00:00,5.458,5.465,5.439,5.464,81664304,445560442.62
2024-04-03 10:30:00,5.456,5.46,5.428,5.433,172596597,938983019.88
2024-04-03 11:30:00,5.435,5.458,5.431,5.457,65235010,355443824.49
2024-04-03 14:00:00,5.457,5.466,5.445,5.455,96625369,527123596.35
2024-04-03 15:00:00,5.457,5.464,5.448,5.462,63341569,345718283.6
2024-04-08 10:30:00,5.45,5.465,5.409,5.456,158241782,861362766.69
2024-04-08 11:30:00,5.457,5.465,5.43,5.431,40180923,218664582.97
2024-04-08 14:00:00,5.431,5.438,5.399,5.401,45328309,245347027.18
2024-04-08 15:00:00,5.401,5.412,5.375,5.379,85576150,461141346.97
2024-04-09 10:30:00,5.374,5.403,5.369,5.391,63386741,341506631.59
2024-04-09 11:30:00,5.392,5.423,5.385,5.399,37875510,204616130.19
2024-04-09 14:00:00,5.401,5.416,5.394,5.397,37259910,201290453.79
2024-04-09 15:00:00,5.398,5.426,5.386,5.424,40149964,217291605.17
2024-04-10 10:30:00,5.421,5.421,5.356,5.364,116402996,626286919.48
2024-04-10 11:30:00,5.364,5.383,5.358,5.366,16657828,89435878.53
2024-04-10 14:00:00,5.366,5.368,5.32,5.329,25300839,135081179.42
2024-04-10 15:00:00,5.329,5.378,5.329,5.36,39213777,210015918.35
2024-04-11 10:30:00,5.336,5.405,5.325,5.398,70008655,376366529.28
2024-04-11 11:30:00,5.399,5.419,5.388,5.407,44236630,239084239.61
2024-04-11 14:00:00,5.408,5.441,5.407,5.413,138059045,748326043.58
2024-04-11 15:00:00,5.414,5.417,5.371,5.386,51496708,277635918.4
2024-04-12 10:30:00,5.386,5.413,5.363,5.369,127150388,684281004.75
2024-04-12 11:30:00,5.369,5.384,5.362,5.372,61099786,328268783.58
2024-04-12 14:00:00,5.373,5.425,5.372,5.402,49283321,266113505.63
2024-04-12 15:00:00,5.403,5.403,5.347,5.357,74757788,401374563.77
2024-04-15 10:30:00,5.35,5.45,5.303,5.432,153588785,828611495.08
2024-04-15 11:30:00,5.433,5.464,5.422,5.435,42847174,233102908.95
2024-04-15 14:00:00,5.435,5.439,5.406,5.417,32002407,173474380.88
2024-04-15 15:00:00,5.417,5.429,5.353,5.427,86677392,468317948.98
2024-04-16 10:30:00,5.396,5.429,5.326,5.33,160254233,859229779.27
2024-04-16 11:30:00,5.332,5.352,5.316,5.334,52022008,277485390.67
2024-04-16 14:00:00,5.335,5.37,5.323,5.339,70843545,378587904.48
2024-04-16 15:00:00,5.339,5.34,5.263,5.283,107394824,568691391.35
2024-04-17 10:30:00,5.288,5.375,5.288,5.365,109582971,585465286.4
2024-04-17 11:30:00,5.365,5.388,5.361,5.367,79873896,429082569.31
2024-04-17 14:00:00,5.368,5.391,5.329,5.383,90248801,484425480.83
2024-04-17 15:00:00,5.384,5.424,5.375,5.421,103636789,560329572.53
2024-04-18 10:30:00,5.41,5.445,5.377,5.445,117460965,636912505.88
2024-04-18 11:30:00,5.445,5.5,5.445,5.47,112813961,617280389.94
2024-04-18 14:00:00,5.471,5.475,5.436,5.451,35669744,194542783.78
2024-04-18 15:00:00,5.451,5.464,5.427,5.43,74372929,404613524.74
2024-04-19 10:30:00,5.413,5.451,5.389,5.4,116880542,632713334.03
2024-04-19 11:30:00,5.401,5.414,5.37,5.391,82827576,446578680.6
2024-04-19 14:00:00,5.39,5.416,5.379,5.379,51480568,277548902.28
2024-04-19 15:00:00,5.379,5.404,5.375,5.395,106145314,572264769.55
2024-04-22 10:30:00,5.386,5.43,5.34,5.403,98682539,531997567.75
2024-04-22 11:30:00,5.402,5.402,5.366,5.369,24194871,130144211.11
2024-04-22 14:00:00,5.369,5.374,5.346,5.368,33689371,180664866.88
2024-04-22 15:00:00,5.368,5.383,5.346,5.348,39278203,210491889.88
2024-04-23 10:30:00,5.348,5.374,5.293,5.294,87809951,467178209.3
2024-04-23 11:30:00,5.295,5.301,5.281,5.296,40856508,216239878.01
2024-04-23 14:00:00,5.298,5.316,5.283,5.289,24833767,131519630.03
2024-04-23 15:00:00,5.289,5.303,5.276,5.288,35516087,187844584.14
2024-04-24 10:30:00,5.296,5.313,5.26,5.295,56223281,297383674.3
2024-04-24 11:30:00,5.295,5.308,5.288,5.3,29011416,153721822.91
2024-04-24 14:00:00,5.3,5.326,5.296,5.316,42035935,223322910.68
2024-04-24 15:00:00,5.317,5.35,5.305,5.35,49874777,266081935.3
2024-04-25 10:30:00,5.33,5.353,5.31,5.352,68359922,364928050.28
2024-04-25 11:30:00,5.352,5.385,5.352,5.354,60272847,323283460.36
2024-04-25 14:00:00,5.354,5.356,5.333,5.337,21341883,114008338.99
2024-04-25 15:00:00,5.337,5.353,5.318,5.344,42691768,227902888.17
2024-04-26 10:30:00,5.347,5.406,5.346,5.392,169491727,912091480.23
2024-04-26 11:30:00,5.393,5.429,5.386,5.417,118958679,643645759.18
2024-04-26 14:00:00,5.417,5.46,5.416,5.435,236622734,1286517804.76
2024-04-26 15:00:00,5.436,5.475,5.43,5.462,271912565,1483464317.12
2024-04-29 10:30:00,5.469,5.552,5.465,5.542,251178084,1386419297.65
2024-04-29 11:30:00,5.542,5.576,5.539,5.551,126648197,703572950.4
2024-04-29 14:00:00,5.55,5.57,5.545,5.558,69140221,384258301.58
2024-04-29 15:00:00,5.559,5.586,5.552,5.568,119674969,666430010.7
2024-04-30 10:30:00,5.565,5.574,5.54,5.548,109411467,607671287.72
2024-04-30 11:30:00,5.548,5.557,5.526,5.536,70671301,391495450.44
2024-04-30 14:00:00,5.536,5.556,5.53,5.55,48493342,268911745.84
2024-04-30 15:00:00,5.55,5.558,5.528,5.532,48116007,266530601.44
2024-05-06 10:30:00,5.6,5.63,5.589,5.62,294465984,1652837568.19
2024-05-06 11:30:00,5.62,5.629,5.609,5.614,54650753,306991496.52
2024-05-06 14:00:00,5.613,5.618,5.59,5.613,74703498,418862513.29
2024-05-06 15:00:00,5.613,5.624,5.607,5.614,89146715,500558804.72
2024-05-07 10:30:00,5.61,5.631,5.604,5.612,84894821,476741016.46
2024-05-07 11:30:00,5.613,5.617,5.595,5.596,36255619,203128148.05
2024-05-07 14:00:00,5.597,5.619,5.593,5.617,43581453,244477424.18
2024-05-07 15:00:00,5.617,5.622,5.599,5.615,64200855,360295198.26
2024-05-08 10:30:00,5.61,5.61,5.559,5.564,112794379,629129447.94
2024-05-08 11:30:00,5.563,5.57,5.554,5.556,54586465,303500745.4
2024-05-08 14:00:00,5.555,5.568,5.548,5.556,65670361,364952086.2
2024-05-08 15:00:00,5.556,5.565,5.538,5.541,164505760,912677956.48
2024-05-09 10:30:00,5.539,5.629,5.539,5.618,119246225,667222377.62
2024-05-09 11:30:00,5.617,5.66,5.614,5.66,76405787,431285199.02
2024-05-09 14:00:00,5.659,5.663,5.642,5.648,39691741,224298028.39
2024-05-09 15:00:00,5.648,5.653,5.631,5.642,61664149,347909128.66
2024-05-10 10:30:00,5.647,5.666,5.586,5.591,290738939,1632305316.53
2024-05-10 11:30:00,5.591,5.608,5.582,5.602,102910380,576023700.32
2024-05-10 14:00:00,5.602,5.637,5.601,5.626,53728501,302025813.62
2024-05-10 15:00:00,5.627,5.628,5.606,5.627,64780039,364085412.53
2024-05-13 10:30:00,5.586,5.603,5.548,5.592,163728402,913768211.56
2024-05-13 11:30:00,5.593,5.62,5.587,5.601,44511853,249385075.07
2024-05-13 14:00:00,5.601,5.616,5.587,5.603,49986088,280022064.98
2024-05-13 15:00:00,5.603,5.611,5.572,5.594,68996461,385851208.73
2024-05-14 10:30:00,5.593,5.636,5.57,5.592,110024333,616062915.24
2024-05-14 11:30:00,5.593,5.602,5.58,5.594,32495379,181714159.37
2024-05-14 14:00:00,5.593,5.596,5.581,5.592,32657905,182546802.98
2024-05-14 15:00:00,5.594,5.61,5.581,5.587,93562746,523265250.8
2024-05-15 10:30:00,5.588,5.588,5.55,5.564,95023900,529029725.93
2024-05-15 11:30:00,5.565,5.584,5.56,5.584,32920466,183564518.42
2024-05-15 14:00:00,5.585,5.587,5.556,5.556,35862561,199622968.71
2024-05-15 15:00:00,5.556,5.567,5.527,5.543,109389997,606640460.03
2024-05-16 10:30:00,5.555,5.577,5.538,5.543,81720815,453768445.42
2024-05-16 11:30:00,5.543,5.56,5.533,5.557,26772113,148585227.15
2024-05-16 14:00:00,5.557,5.567,5.55,5.552,23795045,132213201.7
2024-05-16 15:00:00,5.551,5.551,5.495,5.514,106075146,585534805.92
2024-05-17 10:30:00,5.439,5.464,5.422,5.434,152848702,831496938.88
2024-05-17 11:30:00,5.434,5.437,5.42,5.426,73989291,401589208.45
2024-05-17 14:00:00,5.426,5.456,5.426,5.449,45703605,248795191.09
2024-05-17 15:00:00,5.448,5.507,5.432,5.507,242625068,1330070622.78
2024-05-20 10:30:00,5.507,5.544,5.492,5.543,156200774,863217544.05
2024-05-20 11:30:00,5.543,5.548,5.496,5.506,131470951,725281413.02
2024-05-20 14:00:00,5.506,5.533,5.505,5.524,88724757,489819808.48
2024-05-20 15:00:00,5.525,5.534,5.512,5.523,155877155,860909527.06
2024-05-21 10:30:00,5.506,5.518,5.484,5.494,98523525,541748022.8
2024-05-21 11:30:00,5.494,5.497,5.485,5.494,31665156,173905036.75
2024-05-21 14:00:00,5.494,5.497,5.478,5.482,66639994,365564793.75
2024-05-21 15:00:00,5.481,5.488,5.464,5.484,84028246,460362750.42
2024-05-22 10:30:00,5.479,5.493,5.466,5.478,75611702,414276515.26
2024-05-22 11:30:00,5.478,5.481,5.461,5.471,56082816,306829086.34
2024-05-22 14:00:00,5.472,5.482,5.463,5.482,29002320,158807036.88
2024-05-22 15:00:00,5.482,5.493,5.47,5.476,68903209,377566617.58
2024-05-23 10:30:00,5.465,5.465,5.39,5.4,213133674,1154829290.29
2024-05-23 11:30:00,5.4,5.414,5.391,5.392,79043439,426755527.16
2024-05-23 14:00:00,5.393,5.396,5.362,5.364,42909466,230595470.28
2024-05-23 15:00:00,5.363,5.39,5.362,5.382,64155609,345028865.2
2024-05-24 10:30:00,5.361,5.417,5.361,5.377,90606644,487916777.94
2024-05-24 11:30:00,5.377,5.39,5.363,5.371,26371599,141738554.09
2024-05-24 14:00:00,5.372,5.376,5.353,5.356,22753727,121997899.6
2024-05-24 15:00:00,5.357,5.375,5.324,5.332,69440790,371068434.83
2024-05-27 10:30:00,5.345,5.362,5.294,5.303,78323859,416656821.93
2024-05-27 11:30:00,5.303,5.324,5.297,5.32,24011915,127591312.34
2024-05-27 14:00:00,5.32,5.344,5.311,5.338,47985735,255811953.29
2024-05-27 15:00:00,5.339,5.387,5.335,5.381,92233178,495076955.11
2024-05-28 10:30:00,5.377,5.379,5.337,5.362,85629571,458917414.18
2024-05-28 11:30:00,5.36,5.37,5.349,5.358,45710053,244960174.03
2024-05-28 14:00:00,5.359,5.362,5.338,5.342,33751178,180478799.16
2024-05-28 15:00:00,5.342,5.342,5.324,5.336,49379584,263390701.06
2024-05-29 10:30:00,5.33,5.386,5.329,5.372,178892909,959283409.03
2024-05-29 11:30:00,5.372,5.377,5.355,5.368,48262385,259008132.83
2024-05-29 14:00:00,5.369,5.372,5.336,5.337,27618390,147712355.85
2024-05-29 15:00:00,5.337,5.358,5.325,5.352,59582459,318468243.35
2024-05-30 10:30:00,5.347,5.375,5.318,5.356,80314170,429654038.11
2024-05-30 11:30:00,5.356,5.367,5.341,5.352,20960353,112207756.39
2024-05-30 14:00:00,5.352,5.356,5.326,5.339,55266006,295138894.04
2024-05-30 15:00:00,5.339,5.345,5.321,5.337,45911771,244908690.44
2024-05-31 10:30:00,5.347,5.386,5.344,5.352,167498743,897904928.31
2024-05-31 11:30:00,5.351,5.359,5.341,5.359,30314174,162271773.42
2024-05-31 14:00:00,5.358,5.363,5.338,5.36,29408038,157440832.77
2024-05-31 15:00:00,5.36,5.366,5.332,5.335,74888519,400229208.38
2024-06-03 10:30:00,5.329,5.343,5.286,5.335,69835521,371618085.75
2024-06-03 11:30:00,5.335,5.341,5.281,5.282,60524814,320862213.95
2024-06-03 14:00:00,5.281,5.298,5.27,5.28,70204004,370864351.8
2024-06-03 15:00:00,5.28,5.3,5.253,5.295,96534891,509961650.86
2024-06-04 10:30:00,5.289,5.311,5.273,5.302,62389865,330375131.8
2024-06-04 11:30:00,5.302,5.341,5.298,5.325,40019540,212957312.19
2024-06-04 14:00:00,5.325,5.326,5.307,5.322,16372711,87075534.67
2024-06-04 15:00:00,5.323,5.382,5.322,5.365,111518516,597330344.53
2024-06-05 10:30:00,5.365,5.37,5.345,5.355,73746944,395037796.69
2024-06-05 11:30:00,5.355,5.373,5.351,5.353,39027018,209145789.46
2024-06-05 14:00:00,5.353,5.354,5.334,5.341,18418038,98407577.03
2024-06-05 15:00:00,5.343,5.344,5.304,5.305,53592512,284987114.65
2024-06-06 10:30:00,5.324,5.34,5.275,5.276,80837518,428196332.85
2024-06-06 11:30:00,5.277,5.335,5.273,5.293,49593272,262860872.69
2024-06-06 14:00:00,5.294,5.318,5.266,5.275,50759463,268331441.24
2024-06-06 15:00:00,5.275,5.295,5.244,5.269,69982118,368759107.11
2024-06-07 10:30:00,5.291,5.304,5.247,5.247,75386469,396985145.75
2024-06-07 11:30:00,5.247,5.252,5.213,5.243,64139697,335835453.49
2024-06-07 14:00:00,5.241,5.25,5.212,5.232,48585277,254165779.08
2024-06-07 15:00:00,5.232,5.266,5.222,5.244,78706904,412739004.58
2024-06-11 10:30:00,5.227,5.234,5.199,5.223,76064324,396954352.18
2024-06-11 11:30:00,5.222,5.252,5.22,5.231,39872035,208703521.87
2024-06-11 14:00:00,5.234,5.246,5.219,5.242,21610787,113146877.14
2024-06-11 15:00:00,5.241,5.275,5.23,5.256,48670544,255698814.66
2024-06-12 10:30:00,5.245,5.279,5.243,5.269,61233175,322311022.14
2024-06-12 11:30:00,5.269,5.277,5.256,5.27,24307933,128046088.4
2024-06-12 14:00:00,5.27,5.284,5.255,5.279,40961817,215978007.1
2024-06-12 15:00:00,5.278,5.288,5.27,5.272,60696999,320277831.39
2024-06-13 10:30:00,5.279,5.283,5.242,5.248,71501188,375929412.77
2024-06-13 11:30:00,5.248,5.257,5.243,5.247,27270989,143145421.26
2024-06-13 14:00:00,5.247,5.257,5.243,5.251,25977375,136389877.88
2024-06-13 15:00:00,5.251,5.252,5.229,5.247,70162769,367840010.28
2024-06-14 10:30:00,5.235,5.246,5.214,5.223,70500822,368554797.14
2024-06-14 11:30:00,5.224,5.264,5.221,5.235,75352207,394845564.68
2024-06-14 14:00:00,5.234,5.29,5.232,5.265,126030684,663215469.44
2024-06-14 15:00:00,5.265,5.279,5.259,5.269,40992762,215990862.98
2024-06-17 10:30:00,5.247,5.273,5.239,5.269,61420420,323091882.67
2024-06-17 11:30:00,5.269,5.272,5.244,5.257,30119197,158356698.09
2024-06-17 14:00:00,5.256,5.27,5.25,5.259,22532093,118511298.48
2024-06-17 15:00:00,5.259,5.263,5.25,5.251,29527373,155156502.66
2024-06-18 10:30:00,5.255,5.296,5.255,5.288,127199030,671568478.72
2024-06-18 11:30:00,5.288,5.293,5.279,5.288,48153302,254570456.57
2024-06-18 14:00:00,5.288,5.288,5.257,5.261,38929875,205108534.75
2024-06-18 15:00:00,5.261,5.28,5.258,5.278,33790724,178144696.93
2024-06-19 10:30:00,5.287,5.287,5.218,5.225,81710363,428434670.0
2024-06-19 11:30:00,5.225,5.241,5.221,5.23,36752573,192240458.51
2024-06-19 14:00:00,5.23,5.238,5.222,5.237,20110658,105225666.21
2024-06-19 15:00:00,5.237,5.246,5.219,5.225,56588135,295955946.05
2024-06-20 10:30:00,5.219,5.235,5.184,5.202,56503065,294211459.46
2024-06-20 11:30:00,5.202,5.205,5.159,5.165,38478533,199177712.99
2024-06-20 14:00:00,5.163,5.169,5.148,5.166,35497902,183204672.22
2024-06-20 15:00:00,5.166,5.177,5.141,5.145,43496009,224192929.06
2024-06-21 10:30:00,5.139,5.181,5.129,5.16,83720084,431716566.49
2024-06-21 11:30:00,5.162,5.167,5.144,5.153,35790866,184489983.94
2024-06-21 14:00:00,5.152,5.176,5.141,5.169,66051167,340956124.05
2024-06-21 15:00:00,5.169,5.172,5.15,5.156,80610017,415893947.71
2024-06-24 10:30:00,5.14,5.14,5.073,5.076,82511560,420506413.61
2024-06-24 11:30:00,5.076,5.097,5.046,5.091,289250864,1468815887.39
2024-06-24 14:00:00,5.091,5.112,5.071,5.073,52103309,264962694.03
2024-06-24 15:00:00,5.073,5.094,5.036,5.05,408207877,2065531857.62
2024-06-25 10:30:00,5.05,5.065,5.026,5.039,152501290,769114839.23
2024-06-25 11:30:00,5.039,5.044,5.006,5.015,125557032,630505562.36
2024-06-25 14:00:00,5.016,5.045,4.998,4.998,115978464,581477359.01
2024-06-25 15:00:00,5.0,5.007,4.964,5.004,147410715,735825152.37
2024-06-26 10:30:00,4.992,5.005,4.971,4.981,80646152,402074831.82
2024-06-26 11:30:00,4.981,4.987,4.97,4.987,50251339,250318670.01
2024-06-26 14:00:00,4.986,5.031,4.986,5.024,125753210,630484677.2
2024-06-26 15:00:00,5.024,5.082,5.024,5.073,123396240,624343842.32
2024-06-27 10:30:00,5.053,5.059,5.001,5.009,112203780,563599586.94
2024-06-27 11:30:00,5.01,5.02,4.986,5.019,120699145,604501551.21
2024-06-27 14:00:00,5.018,5.027,4.995,4.995,158422590,793010678.01
2024-06-27 15:00:00,4.996,5.008,4.984,4.987,252080286,1258636868.0
2024-06-28 10:30:00,4.978,5.061,4.972,5.052,173460080,872215102.27
2024-06-28 11:30:00,5.053,5.065,5.026,5.039,73335927,369857525.17
2024-06-28 14:00:00,5.039,5.05,5.021,5.021,69368738,348970997.97
2024-06-28 15:00:00,5.021,5.022,4.986,4.992,98666958,493334790.0
2024-07-01 10:30:00,4.996,5.025,4.981,4.994,80510201,402551005.0
2024-07-01 11:30:00,4.994,5.016,4.989,5.011,55729256,278943502.7
2024-07-01 14:00:00,5.011,5.065,5.002,5.059,66477150,335177790.3
2024-07-01 15:00:00,5.059,5.078,5.051,5.054,106836107,540697537.53
2024-07-02 10:30:00,5.052,5.057,5.018,5.043,93407034,470709180.0
2024-07-02 11:30:00,5.043,5.043,5.005,5.014,25534137,128198390.5
2024-07-02 14:00:00,5.014,5.018,5.006,5.013,28131218,141003041.69
2024-07-02 15:00:00,5.013,5.027,4.99,5.01,52756045,264255029.4
2024-07-03 10:30:00,5.003,5.014,4.972,4.98,69699123,347705691.61
2024-07-03 11:30:00,4.98,4.997,4.96,4.994,45151595,225020498.95
2024-07-03 14:00:00,4.994,5.0,4.976,4.979,31685108,157950263.38
2024-07-03 15:00:00,4.979,4.985,4.965,4.967,40976517,203748901.36
2024-07-04 10:30:00,4.98,4.989,4.946,4.951,79413771,394051131.7
2024-07-04 11:30:00,4.951,4.956,4.925,4.926,21300658,105132947.67
2024-07-04 14:00:00,4.93,4.934,4.903,4.923,206119451,1014107698.92
2024-07-04 15:00:00,4.923,4.928,4.886,4.895,203927414,999856110.84
2024-07-05 10:30:00,4.89,4.905,4.859,4.879,69186239,337698032.56
2024-07-05 11:30:00,4.878,4.888,4.861,4.878,32905817,160437795.09
2024-07-05 14:00:00,4.879,4.928,4.87,4.924,50523928,247937756.01
2024-07-05 15:00:00,4.925,4.941,4.915,4.93,55838039,275207081.55
2024-07-08 10:30:00,4.915,4.919,4.864,4.875,50112994,244852088.68
2024-07-08 11:30:00,4.875,4.896,4.871,4.874,20059456,97896831.77
2024-07-08 14:00:00,4.874,4.875,4.849,4.849,26473031,128597160.25
2024-07-08 15:00:00,4.85,4.857,4.831,4.848,137717275,667286103.13
2024-07-09 10:30:00,4.84,4.882,4.816,4.818,114481877,553939642.18
2024-07-09 11:30:00,4.817,4.886,4.813,4.865,70135357,340483779.78
2024-07-09 14:00:00,4.867,4.946,4.865,4.941,83910393,412615372.51
2024-07-09 15:00:00,4.941,4.957,4.933,4.936,72248995,357054533.29
2024-07-10 10:30:00,4.926,4.957,4.92,4.951,71794467,354856118.89
2024-07-10 11:30:00,4.951,4.957,4.92,4.936,32755592,161736194.77
2024-07-10 14:00:00,4.935,4.942,4.916,4.92,22086140,108796325.64
2024-07-10 15:00:00,4.92,4.931,4.906,4.909,62957957,309459344.64
2024-07-11 10:30:00,4.964,5.015,4.934,5.001,155412231,774470951.15
2024-07-11 11:30:00,5.001,5.01,4.969,4.99,67182537,335218465.45
2024-07-11 14:00:00,4.991,5.003,4.984,4.999,24811101,123939719.86
2024-07-11 15:00:00,4.999,5.01,4.994,5.007,37772739,189002195.04
2024-07-12 10:30:00,4.999,5.007,4.98,4.983,66752180,333093378.2
2024-07-12 11:30:00,4.983,4.988,4.975,4.977,19744790,98329054.2
2024-07-12 14:00:00,4.978,5.002,4.973,4.995,28585440,142641345.6
2024-07-12 15:00:00,4.994,5.005,4.983,4.984,35804430,178687975.32
2024-07-15 10:30:00,4.97,4.978,4.94,4.941,213451108,1057223337.92
2024-07-15 11:30:00,4.942,4.962,4.94,4.955,33898801,167878162.15
2024-07-15 14:00:00,4.955,4.973,4.948,4.953,64259219,318597207.8
2024-07-15 15:00:00,4.954,4.965,4.943,4.949,142950304,707937555.51
2024-07-16 10:30:00,4.939,4.963,4.922,4.935,55599752,274662774.88
2024-07-16 11:30:00,4.935,4.955,4.933,4.946,98541986,487257273.44
2024-07-16 14:00:00,4.946,4.982,4.943,4.964,38768866,192409881.96
2024-07-16 15:00:00,4.964,4.968,4.953,4.965,25842029,128228147.9
2024-07-17 10:30:00,4.962,4.973,4.926,4.942,78403381,387861525.81
2024-07-17 11:30:00,4.942,4.952,4.929,4.951,130154766,643485163.1
2024-07-17 14:00:00,4.951,4.957,4.934,4.953,109375802,541191468.3
2024-07-17 15:00:00,4.953,4.957,4.93,4.93,296838743,1466086551.68
2024-07-18 10:30:00,4.917,4.917,4.868,4.883,202731077,991219812.48
2024-07-18 11:30:00,4.883,4.895,4.866,4.895,106819748,521850075.56
2024-07-18 14:00:00,4.896,4.956,4.895,4.942,62773879,309537997.35
2024-07-18 15:00:00,4.942,4.956,4.926,4.955,102220787,505549938.91
2024-07-19 10:30:00,4.928,4.953,4.914,4.938,98674849,486960379.81
2024-07-19 11:30:00,4.938,4.978,4.935,4.956,68574587,339878511.37
2024-07-19 14:00:00,4.957,4.962,4.939,4.939,45838949,226750001.05
2024-07-19 15:00:00,4.94,4.958,4.935,4.946,404575184,2001163718.46
2024-07-22 10:30:00,4.948,4.965,4.928,4.936,72240718,357085869.07
2024-07-22 11:30:00,4.936,4.958,4.936,4.946,43181064,213602329.92
2024-07-22 14:00:00,4.946,4.947,4.907,4.908,38371888,188815270.22
2024-07-22 15:00:00,4.908,4.946,4.905,4.933,150507723,741702058.94
2024-07-23 10:30:00,4.931,4.952,4.875,4.875,77056845,377629911.73
2024-07-23 11:30:00,4.875,4.883,4.86,4.86,37424375,182169382.71
2024-07-23 14:00:00,4.861,4.865,4.845,4.855,51415782,249623621.61
2024-07-23 15:00:00,4.855,4.858,4.792,4.795,78311925,377071918.87
2024-07-24 10:30:00,4.788,4.809,4.767,4.768,131063423,626657913.17
2024-07-24 11:30:00,4.768,4.789,4.748,4.785,88188930,421013951.82
2024-07-24 14:00:00,4.784,4.787,4.753,4.77,34721151,165619890.27
2024-07-24 15:00:00,4.771,4.771,4.73,4.739,71258518,338240432.11
2024-07-25 10:30:00,4.724,4.737,4.708,4.721,73140600,345369913.2
2024-07-25 11:30:00,4.72,4.783,4.716,4.765,63557286,302193709.17
2024-07-25 14:00:00,4.765,4.768,4.73,4.74,32308612,153336672.55
2024-07-25 15:00:00,4.741,4.746,4.722,4.732,97023784,459245910.93
2024-07-26 10:30:00,4.733,4.812,4.732,4.766,106288345,506995405.65
2024-07-26 11:30:00,4.767,4.82,4.766,4.797,61972107,297114938.33
2024-07-26 14:00:00,4.797,4.82,4.787,4.804,39282283,188698993.44
2024-07-26 15:00:00,4.803,4.808,4.786,4.807,33976459,163098328.69
2024-07-29 10:30:00,4.801,4.813,4.774,4.787,69462499,332817986.88
2024-07-29 11:30:00,4.788,4.796,4.778,4.795,23753369,113770719.72
2024-07-29 14:00:00,4.794,4.803,4.774,4.774,22030454,105386348.45
2024-07-29 15:00:00,4.774,4.787,4.773,4.776,31739033,151670259.03
2024-07-30 10:30:00,4.767,4.77,4.718,4.737,67221353,318741248.81
2024-07-30 11:30:00,4.737,4.788,4.737,4.772,40198556,191572918.38
2024-07-30 14:00:00,4.773,4.789,4.756,4.763,30134712,143722486.43
2024-07-30 15:00:00,4.763,4.779,4.755,4.772,96306083,459251607.8
2024-07-31 10:30:00,4.772,4.875,4.757,4.873,186574351,902086987.08
2024-07-31 11:30:00,4.874,4.942,4.873,4.94,166379384,818309270.31
2024-07-31 14:00:00,4.939,4.96,4.938,4.959,88736996,439455183.19
2024-07-31 15:00:00,4.959,4.977,4.949,4.975,115256385,572478464.29
2024-08-01 10:30:00,4.975,5.012,4.942,4.943,178493901,886341214.4
2024-08-01 11:30:00,4.943,4.944,4.906,4.919,68813972,338771184.16
2024-08-01 14:00:00,4.919,4.954,4.919,4.951,56263211,278015279.95
2024-08-01 15:00:00,4.952,4.952,4.929,4.93,46841147,231254742.74
2024-08-02 10:30:00,4.894,4.955,4.888,4.922,86648624,426455644.45
2024-08-02 11:30:00,4.923,4.928,4.901,4.91,25843088,126967091.34
2024-08-02 14:00:00,4.911,4.923,4.873,4.877,29917994,146328908.65
2024-08-02 15:00:00,4.877,4.885,4.854,4.864,81065548,394600065.81
2024-08-05 10:30:00,4.84,4.926,4.831,4.854,152862769,744492639.29
2024-08-05 11:30:00,4.854,4.895,4.846,4.886,45499930,221842492.04
2024-08-05 14:00:00,4.885,4.893,4.768,4.77,117202871,563784877.13
2024-08-05 15:00:00,4.77,4.794,4.763,4.77,99709549,476179569.51
2024-08-06 10:30:00,4.819,4.852,4.788,4.813,93829314,452038358.41
2024-08-06 11:30:00,4.812,4.832,4.799,4.802,46643443,224401604.27
2024-08-06 14:00:00,4.803,4.807,4.766,4.777,54984266,263008072.37
2024-08-06 15:00:00,4.777,4.823,4.776,4.821,66155026,317985158.31
2024-08-07 10:30:00,4.818,4.836,4.788,4.823,98954046,476529700.85
2024-08-07 11:30:00,4.823,4.844,4.818,4.823,38501364,185897419.18
2024-08-07 14:00:00,4.822,4.862,4.822,4.837,45623174,220831369.88
2024-08-07 15:00:00,4.837,4.839,4.822,4.823,56089089,270798121.69
2024-08-08 10:30:00,4.811,4.828,4.775,4.791,62754686,301096983.43
2024-08-08 11:30:00,4.79,4.872,4.785,4.857,79727747,385722839.99
2024-08-08 14:00:00,4.859,4.859,4.832,4.842,43745403,211917313.93
2024-08-08 15:00:00,4.842,4.852,4.832,4.834,46556935,225304527.44
2024-08-09 10:30:00,4.858,4.884,4.827,4.833,64513084,312759431.23
2024-08-09 11:30:00,4.833,4.853,4.818,4.82,39695869,191744279.23
2024-08-09 14:00:00,4.82,4.825,4.805,4.81,58274381,280494020.55
2024-08-09 15:00:00,4.809,4.815,4.789,4.793,54226607,260233486.99
2024-08-12 10:30:00,4.79,4.806,4.767,4.805,64716162,310162992.41
2024-08-12 11:30:00,4.804,4.814,4.789,4.795,28906461,138731741.83
2024-08-12 14:00:00,4.793,4.816,4.787,4.789,41161028,197463171.66
2024-08-12 15:00:00,4.79,4.799,4.778,4.794,67933697,325425053.2
2024-08-13 10:30:00,4.794,4.802,4.769,4.788,52824165,252834061.74
2024-08-13 11:30:00,4.787,4.79,4.774,4.776,24801236,118549908.08
2024-08-13 14:00:00,4.776,4.791,4.77,4.774,37843910,180830816.62
2024-08-13 15:00:00,4.774,4.809,4.751,4.804,74619166,357276566.81
2024-08-14 10:30:00,4.806,4.806,4.748,4.752,73017313,348195226.59
2024-08-14 11:30:00,4.752,4.778,4.752,4.762,31942383,152173512.61
2024-08-14 14:00:00,4.762,4.764,4.744,4.747,38923567,184951815.86
2024-08-14 15:00:00,4.747,4.763,4.735,4.736,72335457,343207631.65
2024-08-15 10:30:00,4.724,4.818,4.72,4.805,237410144,1135057898.46
2024-08-15 11:30:00,4.806,4.826,4.788,4.796,83174261,399513700.34
2024-08-15 14:00:00,4.796,4.797,4.751,4.756,43614818,207955452.22
2024-08-15 15:00:00,4.756,4.781,4.75,4.769,172935847,824327537.37
2024-08-16 10:30:00,4.772,4.786,4.751,4.771,131618954,627734664.61
2024-08-16 11:30:00,4.771,4.771,4.746,4.754,26535117,126227551.57
2024-08-16 14:00:00,4.755,4.769,4.741,4.75,151520133,720225698.86
2024-08-16 15:00:00,4.75,4.759,4.74,4.748,483331143,2295339598.11
2024-08-19 10:30:00,4.741,4.81,4.739,4.772,192915469,920914143.85
2024-08-19 11:30:00,4.772,4.779,4.765,4.772,23087069,110171493.27
2024-08-19 14:00:00,4.772,4.773,4.754,4.761,18359173,87438621.27
2024-08-19 15:00:00,4.761,4.767,4.751,4.755,41586514,197854771.44
2024-08-20 10:30:00,4.762,4.762,4.686,4.689,123590812,582401103.08
2024-08-20 11:30:00,4.689,4.698,4.671,4.673,96472837,451557192.38
2024-08-20 14:00:00,4.672,4.685,4.658,4.674,51301989,239699993.27
2024-08-20 15:00:00,4.674,4.679,4.662,4.673,79494659,371346050.41
2024-08-21 10:30:00,4.667,4.683,4.657,4.672,47338746,221103502.98
2024-08-21 11:30:00,4.672,4.681,4.666,4.667,16793994,78450343.97
2024-08-21 14:00:00,4.668,4.67,4.66,4.664,17424451,81279255.76
2024-08-21 15:00:00,4.665,4.671,4.659,4.664,50444949,235308872.1
2024-08-22 10:30:00,4.665,4.673,4.619,4.628,67169864,311668168.96
2024-08-22 11:30:00,4.628,4.645,4.618,4.633,106085981,491390263.99
2024-08-22 14:00:00,4.634,4.643,4.617,4.618,96987429,448663846.55
2024-08-22 15:00:00,4.617,4.626,4.598,4.608,132081954,608985862.58
2024-08-23 10:30:00,4.603,4.623,4.593,4.597,68499912,315396428.15
2024-08-23 11:30:00,4.597,4.626,4.59,4.612,40691495,187560664.29
2024-08-23 14:00:00,4.612,4.619,4.596,4.603,16102792,74169459.95
2024-08-23 15:00:00,4.604,4.614,4.601,4.609,33132121,152672813.57
2024-08-26 10:30:00,4.612,4.635,4.596,4.609,48182234,222280706.19
2024-08-26 11:30:00,4.609,4.622,4.606,4.614,12682816,58518513.02
2024-08-26 14:00:00,4.614,4.616,4.6,4.603,8712812,40134116.34
2024-08-26 15:00:00,4.604,4.617,4.6,4.615,31394519,144749662.27
2024-08-27 10:30:00,4.597,4.605,4.565,4.568,55785624,255460967.5
2024-08-27 11:30:00,4.569,4.594,4.565,4.586,102390428,469118810.95
2024-08-27 14:00:00,4.585,4.587,4.572,4.573,31018877,141983739.65
2024-08-27 15:00:00,4.573,4.58,4.564,4.568,44796920,204751789.01
2024-08-28 10:30:00,4.566,4.582,4.555,4.569,59265089,270762436.61
2024-08-28 11:30:00,4.569,4.605,4.565,4.579,110165115,504886722.05
2024-08-28 14:00:00,4.578,4.585,4.568,4.574,39805282,182135702.0
2024-08-28 15:00:00,4.574,4.578,4.567,4.568,63106944,288461841.02
2024-08-29 10:30:00,4.556,4.595,4.548,4.585,104356624,477535911.42
2024-08-29 11:30:00,4.585,4.652,4.585,4.634,164922766,762547895.73
2024-08-29 14:00:00,4.633,4.655,4.628,4.643,91244991,423559248.22
2024-08-29 15:00:00,4.643,4.649,4.63,4.633,76004808,352459629.63
2024-08-30 10:30:00,4.628,4.725,4.624,4.719,268924959,1261078774.4
2024-08-30 11:30:00,4.719,4.757,4.714,4.754,125814425,596570065.21
2024-08-30 14:00:00,4.754,4.787,4.744,4.769,150385653,716838279.3
2024-08-30 15:00:00,4.769,4.77,4.704,4.712,153822968,727377541.35
2024-09-02 10:30:00,4.7,4.709,4.645,4.647,176375883,823146245.96
2024-09-02 11:30:00,4.647,4.659,4.644,4.652,135752126,631473639.44
2024-09-02 14:00:00,4.653,4.664,4.638,4.643,38401641,178503627.92
2024-09-02 15:00:00,4.643,4.65,4.615,4.617,85674001,396442160.63
2024-09-03 10:30:00,4.616,4.69,4.615,4.669,135635773,631791430.63
2024-09-03 11:30:00,4.669,4.68,4.642,4.649,64750210,301541727.97
2024-09-03 14:00:00,4.649,4.67,4.647,4.665,42483369,198000821.79
2024-09-03 15:00:00,4.665,4.67,4.655,4.667,51589206,240612056.78
2024-09-04 10:30:00,4.64,4.668,4.622,4.657,89405715,415647169.04
2024-09-04 11:30:00,4.656,4.7,4.654,4.668,60706429,283741849.15
2024-09-04 14:00:00,4.668,4.674,4.657,4.67,31830177,148551436.06
2024-09-04 15:00:00,4.67,4.671,4.651,4.655,39269760,182957811.84
2024-09-05 10:30:00,4.68,4.7,4.661,4.689,71404478,334410971.97
2024-09-05 11:30:00,4.689,4.708,4.669,4.67,34768313,162796830.9
2024-09-05 14:00:00,4.67,4.673,4.661,4.661,26603301,124104399.16
2024-09-05 15:00:00,4.661,4.683,4.655,4.676,36752148,171681534.02
2024-09-06 10:30:00,4.69,4.693,4.641,4.678,85439894,399061264.91
2024-09-06 11:30:00,4.678,4.678,4.624,4.629,45667661,212065395.13
2024-09-06 14:00:00,4.629,4.638,4.615,4.624,48366743,223728430.87
2024-09-06 15:00:00,4.624,4.629,4.604,4.612,47344859,218496524.28
2024-09-09 10:30:00,4.6,4.62,4.582,4.598,66742469,307015357.4
2024-09-09 11:30:00,4.599,4.606,4.58,4.591,42078022,193236303.03
2024-09-09 14:00:00,4.591,4.591,4.569,4.573,23928713,109537671.88
2024-09-09 15:00:00,4.573,4.586,4.561,4.579,47588185,217731809.1
2024-09-10 10:30:00,4.587,4.591,4.528,4.53,97530641,443731906.34
2024-09-10 11:30:00,4.53,4.536,4.5,4.507,55132493,248886450.9
2024-09-10 14:00:00,4.507,4.559,4.506,4.553,61036693,277065895.09
2024-09-10 15:00:00,4.553,4.603,4.546,4.576,63834796,292044191.7
2024-09-11 10:30:00,4.556,4.598,4.549,4.589,84636944,387524354.26
2024-09-11 11:30:00,4.59,4.604,4.574,4.579,31049810,142384078.72
2024-09-11 14:00:00,4.581,4.592,4.572,4.577,18298062,83811223.31
2024-09-11 15:00:00,4.578,4.59,4.565,4.589,45277325,207430518.27
2024-09-12 10:30:00,4.596,4.645,4.581,4.588,113180026,521156293.05
2024-09-12 11:30:00,4.587,4.59,4.567,4.585,39754530,182102250.42
2024-09-12 14:00:00,4.583,4.602,4.575,4.59,35421097,162547414.13
2024-09-12 15:00:00,4.589,4.59,4.566,4.574,54085935,247533295.85
2024-09-13 10:30:00,4.574,4.583,4.555,4.568,72164357,329694892.35
2024-09-13 11:30:00,4.568,4.57,4.551,4.56,28291762,129019865.31
2024-09-13 14:00:00,4.561,4.566,4.541,4.541,36166655,164534169.15
2024-09-13 15:00:00,4.542,4.546,4.52,4.523,49194763,222835878.14
2024-09-18 10:30:00,4.527,4.534,4.491,4.493,66901389,301457658.83
2024-09-18 11:30:00,4.494,4.502,4.472,4.473,42387127,189993232.26
2024-09-18 14:00:00,4.472,4.547,4.463,4.546,55408423,250372194.06
2024-09-18 15:00:00,4.547,4.55,4.521,4.539,45395413,205943856.98
2024-09-19 10:30:00,4.546,4.631,4.506,4.629,162467131,745507508.45
2024-09-19 11:30:00,4.63,4.644,4.573,4.595,140455092,646655243.57
2024-09-19 14:00:00,4.595,4.613,4.58,4.583,49976971,229494250.83
2024-09-19 15:00:00,4.583,4.603,4.578,4.603,76782221,352788711.42
2024-09-20 10:30:00,4.585,4.59,4.548,4.568,132443398,605089737.66
2024-09-20 11:30:00,4.568,4.576,4.557,4.566,43233172,197417074.41
2024-09-20 14:00:00,4.565,4.566,4.546,4.55,31097584,141618397.54
2024-09-20 15:00:00,4.549,4.583,4.542,4.569,58351878,266356872.44
2024-09-23 10:30:00,4.559,4.623,4.55,4.576,126463687,579583077.52
2024-09-23 11:30:00,4.576,4.598,4.571,4.586,43033510,197308643.35
2024-09-23 14:00:00,4.585,4.588,4.57,4.571,35122621,160732821.24
2024-09-23 15:00:00,4.571,4.576,4.561,4.568,45769592,209090752.79
2024-09-24 10:30:00,4.62,4.65,4.579,4.586,233414161,1074872211.4
2024-09-24 11:30:00,4.586,4.705,4.58,4.696,180527692,841319220.62
2024-09-24 14:00:00,4.697,4.762,4.697,4.748,298318675,1412737805.24
2024-09-24 15:00:00,4.748,4.78,4.721,4.78,149998097,714040941.09
2024-09-25 10:30:00,4.85,4.929,4.84,4.911,338365359,1655734490.04
2024-09-25 11:30:00,4.912,4.915,4.853,4.856,97652143,476021646.41
2024-09-25 14:00:00,4.859,4.87,4.801,4.818,147020927,710062070.43
2024-09-25 15:00:00,4.818,4.842,4.808,4.814,123892787,597328423.72
2024-09-26 10:30:00,4.795,4.873,4.794,4.872,223625970,1083765992.61
2024-09-26 11:30:00,4.873,4.874,4.833,4.848,72360468,351068870.58
2024-09-26 14:00:00,4.847,4.973,4.847,4.972,355565033,1753172656.05
2024-09-26 15:00:00,4.972,5.067,4.948,5.059,527405517,2650036921.09
2024-09-27 10:30:00,5.143,5.225,5.105,5.216,371461291,1924912409.96
2024-09-27 11:30:00,5.216,5.42,5.18,5.42,83355735,445119624.9
2024-09-27 14:00:00,5.421,5.566,5.288,5.345,58631642,316591322.92
2024-09-27 15:00:00,5.353,5.5,5.341,5.493,106473635,579713451.36
2024-09-30 10:30:00,5.789,5.813,5.501,5.692,1017827257,5769723444.18
2024-09-30 11:30:00,5.692,5.848,5.65,5.835,372960234,2154839911.97
2024-09-30 14:00:00,5.835,6.041,5.829,6.038,282760037,1687888914.2
2024-09-30 15:00:00,6.038,6.042,5.879,5.998,312689736,1867695793.13
2024-10-08 10:30:00,6.595,6.595,6.231,6.233,783181765,4975553753.04
2024-10-08 11:30:00,6.233,6.381,5.996,6.265,493087470,3064045538.58
2024-10-08 14:00:00,6.269,6.322,6.064,6.148,662878684,4095264509.75
2024-10-08 15:00:00,6.148,6.284,6.106,6.248,630678787,3918197077.37
2024-10-09 10:30:00,6.041,6.184,5.953,6.015,409768687,2479373735.47
2024-10-09 11:30:00,6.015,6.028,5.771,5.929,331737875,1960349682.67
2024-10-09 14:00:00,5.927,6.148,5.926,6.005,243301841,1466217994.48
2024-10-09 15:00:00,6.006,6.047,5.839,5.862,377666036,2234272268.98
2024-10-10 10:30:00,5.87,5.987,5.699,5.774,350839182,2041884039.24
2024-10-10 11:30:00,5.774,5.98,5.774,5.91,131049404,771618890.75
2024-10-10 14:00:00,5.907,5.958,5.842,5.856,120674276,710208339.02
2024-10-10 15:00:00,5.857,5.866,5.773,5.791,126664365,735919960.65
2024-10-11 10:30:00,5.732,5.752,5.568,5.619,266296503,1503598821.44
2024-10-11 11:30:00,5.619,5.682,5.593,5.633,137993634,777732121.22
2024-10-11 14:00:00,5.633,5.68,5.568,5.571,114963196,644521997.84
2024-10-11 15:00:00,5.571,5.588,5.485,5.56,267344102,1482244816.19
2024-10-14 10:30:00,5.57,5.625,5.491,5.511,302217240,1674988683.16
2024-10-14 11:30:00,5.51,5.655,5.503,5.653,154416681,865299608.1
2024-10-14 14:00:00,5.653,5.717,5.627,5.684,124087158,704318708.81
2024-10-14 15:00:00,5.685,5.698,5.629,5.693,179144098,1016344182.65
2024-10-15 10:30:00,5.655,5.75,5.6,5.711,221168281,1257784014.05
2024-10-15 11:30:00,5.711,5.714,5.648,5.696,119512026,679545379.84
2024-10-15 14:00:00,5.697,5.701,5.626,5.638,138400152,782652859.56
2024-10-15 15:00:00,5.638,5.644,5.54,5.544,274057509,1528144670.18
2024-10-16 10:30:00,5.497,5.599,5.487,5.527,173700565,961895828.78
2024-10-16 11:30:00,5.526,5.644,5.523,5.58,143535529,801263168.05
2024-10-16 14:00:00,5.58,5.609,5.534,5.551,80235545,446484062.74
2024-10-16 15:00:00,5.551,5.575,5.502,5.55,175007853,969951857.28
2024-10-17 10:30:00,5.576,5.633,5.55,5.57,140008517,781854228.43
2024-10-17 11:30:00,5.57,5.596,5.535,5.573,112808497,628117711.3
2024-10-17 14:00:00,5.575,5.608,5.552,5.568,97070790,541266725.04
2024-10-17 15:00:00,5.568,5.57,5.5,5.502,298808779,1650619695.2
2024-10-18 10:30:00,5.505,5.576,5.497,5.574,146481966,812828429.33
2024-10-18 11:30:00,5.577,5.65,5.566,5.604,225547325,1264568668.83
2024-10-18 14:00:00,5.602,5.778,5.6,5.768,330508333,1888965292.54
2024-10-18 15:00:00,5.767,5.931,5.712,5.731,436715929,2529167516.82
2024-10-21 10:30:00,5.761,5.837,5.718,5.829,211692137,1226685369.87
2024-10-21 11:30:00,5.832,5.869,5.796,5.858,143307804,837060883.16
2024-10-21 14:00:00,5.859,5.891,5.777,5.777,192153920,1117375044.8
2024-10-21 15:00:00,5.777,5.814,5.769,5.792,148664154,861013225.25
2024-10-22 10:30:00,5.78,5.84,5.759,5.837,159117593,924791450.52
2024-10-22 11:30:00,5.837,5.857,5.8,5.857,93433560,545465123.28
2024-10-22 14:00:00,5.857,5.869,5.782,5.803,91221790,530728374.22
2024-10-22 15:00:00,5.805,5.86,5.8,5.847,88207422,514749112.32
2024-10-23 10:30:00,5.846,5.92,5.819,5.887,158832701,933195062.61
2024-10-23 11:30:00,5.887,5.916,5.874,5.908,63392192,373971671.34
2024-10-23 14:00:00,5.908,5.956,5.9,5.91,147453971,873222416.26
2024-10-23 15:00:00,5.91,5.91,5.846,5.871,117546172,690662124.61
2024-10-24 10:30:00,5.838,5.852,5.783,5.826,147589156,859018084.31
2024-10-24 11:30:00,5.826,5.84,5.806,5.834,70315394,409704362.37
2024-10-24 14:00:00,5.834,5.835,5.792,5.797,65495659,380398787.47
2024-10-24 15:00:00,5.796,5.826,5.794,5.818,68788391,399843987.42
2024-10-25 10:30:00,5.828,5.899,5.821,5.88,134564485,789444978.67
2024-10-25 11:30:00,5.881,5.925,5.858,5.924,88115318,520085978.61
2024-10-25 14:00:00,5.924,5.945,5.892,5.914,95896394,567418963.3
2024-10-25 15:00:00,5.916,5.917,5.878,5.906,68767023,405748358.04
2024-10-28 10:30:00,5.9,5.969,5.876,5.949,175385739,1040271279.92
2024-10-28 11:30:00,5.949,5.977,5.931,5.963,88721058,528511342.51
2024-10-28 14:00:00,5.962,5.973,5.94,5.955,79546539,473779186.28
2024-10-28 15:00:00,5.956,5.978,5.945,5.977,188449554,1124415672.2
2024-10-29 10:30:00,5.99,6.013,5.946,5.988,163259593,976673305.19
2024-10-29 11:30:00,5.988,6.002,5.935,5.94,91517974,545355607.07
2024-10-29 14:00:00,5.94,5.945,5.903,5.914,218257774,1292231527.26
2024-10-29 15:00:00,5.914,5.932,5.896,5.915,131725022,779065688.45
2024-10-30 10:30:00,5.899,5.967,5.896,5.94,326290241,1936315053.51
2024-10-30 11:30:00,5.94,5.96,5.898,5.9,92954641,550229504.96
2024-10-30 14:00:00,5.899,5.907,5.866,5.893,177689308,1046353105.04
2024-10-30 15:00:00,5.893,5.949,5.872,5.934,96087533,568678049.47
2024-10-31 10:30:00,5.926,6.0,5.902,5.992,305345633,1821284918.97
2024-10-31 11:30:00,5.991,6.043,5.989,6.0,118623756,713007856.06
2024-10-31 14:00:00,6.0,6.019,5.978,6.011,109292077,656043907.54
2024-10-31 15:00:00,6.012,6.045,5.982,6.002,90979831,546758457.7
2024-11-01 10:30:00,5.991,6.027,5.896,5.967,190280229,1134704432.27
2024-11-01 11:30:00,5.97,6.018,5.955,6.017,77426379,464300186.07
2024-11-01 14:00:00,6.018,6.027,5.95,5.972,48942383,292822277.49
2024-11-01 15:00:00,5.972,5.974,5.93,5.949,74476922,443212162.82
2024-11-04 10:30:00,5.946,6.004,5.942,5.985,105824367,632512241.56
2024-11-04 11:30:00,5.985,6.004,5.968,5.999,40484292,242514403.84
2024-11-04 14:00:00,5.996,6.0,5.961,5.983,35437908,211965940.38
2024-11-04 15:00:00,5.982,6.035,5.978,6.034,86737208,521782130.93
2024-11-05 10:30:00,6.034,6.164,6.004,6.144,242555380,1480558039.52
2024-11-05 11:30:00,6.143,6.193,6.124,6.19,146725863,905151848.85
2024-11-05 14:00:00,6.192,6.22,6.184,6.209,83866456,520335448.51
2024-11-05 15:00:00,6.209,6.24,6.177,6.219,101950151,633314338.01
2024-11-06 10:30:00,6.22,6.307,6.183,6.274,209982020,1313367541.09
2024-11-06 11:30:00,6.273,6.279,6.187,6.248,88999892,555181326.3
2024-11-06 14:00:00,6.247,6.294,6.223,6.28,79166199,496029014.2
2024-11-06 15:00:00,6.28,6.29,6.18,6.222,123175437,767465089.47
2024-11-07 10:30:00,6.19,6.246,6.17,6.198,152434073,945802611.61
2024-11-07 11:30:00,6.199,6.255,6.19,6.254,46108751,287395844.98
2024-11-07 14:00:00,6.254,6.31,6.243,6.31,119241478,749750666.5
2024-11-07 15:00:00,6.31,6.35,6.288,6.346,120255728,760978246.78
2024-11-08 10:30:00,6.401,6.438,6.38,6.4,189352807,1212994081.64
2024-11-08 11:30:00,6.399,6.418,6.322,6.331,117561241,747336809.04
2024-11-08 14:00:00,6.331,6.377,6.305,6.353,197210476,1251300470.22
2024-11-08 15:00:00,6.353,6.362,6.308,6.323,58233798,368678175.14
2024-11-11 10:30:00,6.286,6.393,6.282,6.34,191115011,1211350644.72
2024-11-11 11:30:00,6.34,6.4,6.31,6.399,142320303,906532890.01
2024-11-11 14:00:00,6.399,6.427,6.39,6.403,81503929,522168505.13
2024-11-11 15:00:00,6.405,6.435,6.378,6.432,75536102,484564094.33
2024-11-12 10:30:00,6.44,6.482,6.418,6.449,149393068,963535490.91
2024-11-12 11:30:00,6.449,6.457,6.413,6.457,55694373,358801715.66
2024-11-12 14:00:00,6.457,6.461,6.376,6.395,64447776,413153209.34
2024-11-12 15:00:00,6.395,6.395,6.309,6.374,165247469,1050863737.86
2024-11-13 10:30:00,6.334,6.376,6.276,6.277,111536828,703760205.74
2024-11-13 11:30:00,6.28,6.326,6.261,6.296,69813596,439430044.42
2024-11-13 14:00:00,6.298,6.332,6.28,6.33,26174551,165266115.01
2024-11-13 15:00:00,6.33,6.364,6.325,6.356,74113621,470497970.65
2024-11-14 10:30:00,6.343,6.343,6.273,6.28,103611913,652616902.68
2024-11-14 11:30:00,6.28,6.298,6.257,6.278,71005858,445751107.9
2024-11-14 14:00:00,6.276,6.279,6.22,6.229,97222850,606929844.93
2024-11-14 15:00:00,6.229,6.23,6.17,6.182,248951236,1542003955.78
2024-11-15 10:30:00,6.169,6.194,6.122,6.155,247841238,1525958502.37
2024-11-15 11:30:00,6.156,6.158,6.093,6.113,84909570,519759781.16
2024-11-15 14:00:00,6.113,6.154,6.101,6.104,62624363,383240226.77
2024-11-15 15:00:00,6.106,6.106,6.019,6.026,358770627,2170681883.56
2024-11-18 10:30:00,6.03,6.068,5.946,6.043,379896110,2286594686.09
2024-11-18 11:30:00,6.043,6.053,6.003,6.038,75335729,454374893.51
2024-11-18 14:00:00,6.039,6.039,5.944,5.945,50778181,303450409.66
2024-11-18 15:00:00,5.945,5.958,5.891,5.933,139397261,826254031.7
2024-11-19 10:30:00,5.934,5.988,5.932,5.939,133480745,794610874.98
2024-11-19 11:30:00,5.939,5.962,5.915,5.927,82540937,489852947.45
2024-11-19 14:00:00,5.924,5.927,5.874,5.922,90257150,533209156.48
2024-11-19 15:00:00,5.922,6.029,5.912,6.02,397662251,2380803896.74
2024-11-20 10:30:00,6.01,6.052,5.99,6.018,241435101,1453439308.02
2024-11-20 11:30:00,6.018,6.08,6.009,6.079,90559863,548430530.33
2024-11-20 14:00:00,6.079,6.109,6.055,6.071,77191913,469198177.85
2024-11-20 15:00:00,6.068,6.092,6.044,6.081,129564321,786757745.22
2024-11-21 10:30:00,6.074,6.092,6.052,6.079,46333232,281443495.58
2024-11-21 11:30:00,6.079,6.094,6.057,6.07,21065371,127944041.66
2024-11-21 14:00:00,6.07,6.104,6.063,6.073,29158861,177285874.88
2024-11-21 15:00:00,6.073,6.084,6.034,6.08,92763956,562706157.1
2024-11-22 10:30:00,6.068,6.074,6.025,6.027,44364393,268049662.51
2024-11-22 11:30:00,6.028,6.039,6.003,6.005,45155369,271639648.11
2024-11-22 14:00:00,6.005,6.005,5.942,5.943,61043529,364022911.27
2024-11-22 15:00:00,5.943,5.943,5.836,5.844,112754607,662358146.39
2024-11-25 10:30:00,5.855,5.865,5.79,5.848,105855823,617598156.66
2024-11-25 11:30:00,5.848,5.863,5.81,5.81,27301972,159106792.16
2024-11-25 14:00:00,5.811,5.855,5.778,5.779,32661629,189568094.72
2024-11-25 15:00:00,5.779,5.835,5.757,5.825,62781688,364489553.3
2024-11-26 10:30:00,5.81,5.863,5.806,5.828,87759982,511845468.35
2024-11-26 11:30:00,5.829,5.839,5.808,5.832,20798393,121178370.42
2024-11-26 14:00:00,5.832,5.834,5.787,5.795,33408753,193948947.42
2024-11-26 15:00:00,5.796,5.825,5.78,5.786,48005084,278285471.95
2024-11-27 10:30:00,5.782,5.782,5.7,5.768,117429682,675220671.5
2024-11-27 11:30:00,5.768,5.842,5.747,5.813,60334098,349977991.13
2024-11-27 14:00:00,5.813,5.824,5.787,5.8,29282817,169947708.93
2024-11-27 15:00:00,5.799,5.907,5.799,5.895,133167706,781294931.1
2024-11-28 10:30:00,5.889,5.918,5.869,5.886,95878278,564818935.7
2024-11-28 11:30:00,5.886,5.906,5.852,5.867,75839651,445557949.62
2024-11-28 14:00:00,5.867,5.914,5.861,5.889,35865800,211177830.4
2024-11-28 15:00:00,5.89,5.896,5.839,5.857,54711315,320827151.16
2024-11-29 10:30:00,5.853,5.882,5.831,5.859,59474820,348363845.68
2024-11-29 11:30:00,5.86,5.993,5.848,5.981,181087378,1075779750.24
2024-11-29 14:00:00,5.98,6.003,5.948,5.973,95007406,567637581.71
2024-11-29 15:00:00,5.973,5.989,5.927,5.945,68865007,409999296.68
2024-12-02 10:30:00,5.946,6.041,5.939,6.04,131463772,789659057.15
2024-12-02 11:30:00,6.04,6.06,6.008,6.045,51461100,310704968.1
2024-12-02 14:00:00,6.045,6.062,6.008,6.037,72371710,436811517.66
2024-12-02 15:00:00,6.037,6.053,6.007,6.035,110048256,663774397.44
2024-12-03 10:30:00,6.038,6.042,5.985,6.001,133580163,802727726.19
2024-12-03 11:30:00,6.003,6.025,5.997,6.018,35616668,214174896.91
2024-12-03 14:00:00,6.017,6.022,5.977,6.003,53260651,319599413.1
2024-12-03 15:00:00,6.003,6.058,6.003,6.026,74583576,449664379.7
2024-12-04 10:30:00,6.02,6.025,5.985,5.997,67370431,404379783.67
2024-12-04 11:30:00,5.996,6.042,5.987,6.002,37246640,223864721.95
2024-12-04 14:00:00,6.002,6.018,5.986,6.005,31447633,188780140.9
2024-12-04 15:00:00,6.005,6.014,5.948,5.981,128277122,767225466.68
2024-12-05 10:30:00,5.965,5.989,5.948,5.966,78227088,466833185.49
2024-12-05 11:30:00,5.967,6.017,5.962,5.998,42689080,255807197.05
2024-12-05 14:00:00,5.998,6.022,5.986,6.002,31603965,189729136.55
2024-12-05 15:00:00,6.002,6.007,5.972,5.995,42984542,257534719.3
2024-12-06 10:30:00,5.996,6.01,5.968,6.009,122220519,732793491.75
2024-12-06 11:30:00,6.009,6.118,6.002,6.098,289410232,1757491868.86
2024-12-06 14:00:00,6.098,6.1,6.06,6.084,62325968,379024986.73
2024-12-06 15:00:00,6.085,6.097,6.068,6.077,61929494,376572609.85
2024-12-09 10:30:00,6.075,6.097,6.053,6.097,106524457,647917255.63
2024-12-09 11:30:00,6.097,6.098,6.017,6.017,143231521,865691312.92
2024-12-09 14:00:00,6.017,6.033,6.004,6.018,88435990,532237266.48
2024-12-09 15:00:00,6.018,6.056,6.011,6.04,64961437,392085579.92
2024-12-10 10:30:00,6.28,6.283,6.15,6.188,383934201,2383079585.61
2024-12-10 11:30:00,6.188,6.2,6.133,6.157,76176274,469499768.75
2024-12-10 14:00:00,6.157,6.165,6.123,6.139,33495801,205742375.01
2024-12-10 15:00:00,6.139,6.142,6.077,6.097,61626362,376249482.13
2024-12-11 10:30:00,6.081,6.146,6.078,6.146,193757368,1186440950.05
2024-12-11 11:30:00,6.147,6.151,6.112,6.131,143555380,880185886.57
2024-12-11 14:00:00,6.13,6.147,6.116,6.144,86063942,528059660.13
2024-12-11 15:00:00,6.144,6.153,6.133,6.142,138015631,847784016.02
2024-12-12 10:30:00,6.14,6.16,6.127,6.145,84072300,516540211.2
2024-12-12 11:30:00,6.144,6.195,6.123,6.192,76084791,469443160.47
2024-12-12 14:00:00,6.194,6.216,6.176,6.183,153190481,948504394.86
2024-12-12 15:00:00,6.184,6.213,6.183,6.196,115999080,718884965.12
2024-12-13 10:30:00,6.138,6.161,6.08,6.088,424173328,2591557642.97
2024-12-13 11:30:00,6.087,6.108,6.083,6.092,78051793,475673643.81
2024-12-13 14:00:00,6.09,6.158,6.088,6.14,71325295,437128957.96
2024-12-13 15:00:00,6.139,6.157,6.088,6.103,204369182,1249921917.11
2024-12-16 10:30:00,6.09,6.097,6.023,6.029,131627437,796302118.04
2024-12-16 11:30:00,6.029,6.043,6.01,6.024,91572269,551783968.9
2024-12-16 14:00:00,6.024,6.034,6.007,6.02,43449340,261579509.91
2024-12-16 15:00:00,6.02,6.022,5.986,6.003,186677380,1120748763.73
2024-12-17 10:30:00,6.001,6.018,5.952,5.977,102640799,614031473.22
2024-12-17 11:30:00,5.977,5.98,5.946,5.949,57545696,342876438.67
2024-12-17 14:00:00,5.949,5.988,5.937,5.961,89922282,536116645.28
2024-12-17 15:00:00,5.961,5.965,5.932,5.941,191121333,1136407446.02
2024-12-18 10:30:00,5.955,5.987,5.94,5.984,83814048,500397804.58
2024-12-18 11:30:00,5.984,5.999,5.97,5.986,41871685,250602034.72
2024-12-18 14:00:00,5.987,6.018,5.978,5.99,55923250,335278524.83
2024-12-18 15:00:00,5.99,5.996,5.962,5.98,85378412,510505984.82
2024-12-19 10:30:00,5.931,5.958,5.907,5.917,117681612,697538141.53
2024-12-19 11:30:00,5.917,5.943,5.915,5.934,33066976,196109212.33
2024-12-19 14:00:00,5.935,6.009,5.932,5.99,87474062,522832468.57
2024-12-19 15:00:00,5.991,6.016,5.977,5.995,87255798,523185764.81
2024-12-20 10:30:00,5.987,6.029,5.979,6.008,116665742,700616669.29
2024-12-20 11:30:00,6.008,6.043,6.003,6.042,85904983,517949777.5
2024-12-20 14:00:00,6.043,6.05,6.017,6.019,113243339,682706343.05
2024-12-20 15:00:00,6.018,6.02,5.996,6.007,98650195,592657488.16
2024-12-23 10:30:00,6.01,6.025,5.959,5.971,183503436,1098268064.46
2024-12-23 11:30:00,5.972,5.988,5.955,5.966,60988751,364082513.89
2024-12-23 14:00:00,5.968,5.98,5.946,5.947,46733874,278424843.33
2024-12-23 15:00:00,5.948,5.948,5.911,5.913,176968836,1048363384.46
2024-12-24 10:30:00,5.916,5.97,5.915,5.956,109929587,653751253.89
2024-12-24 11:30:00,5.956,5.964,5.923,5.952,202788455,1205847749.58
2024-12-24 14:00:00,5.952,5.976,5.936,5.963,48678148,290040631.83
2024-12-24 15:00:00,5.963,5.991,5.949,5.981,85589165,511281141.99
2024-12-25 10:30:00,5.983,5.983,5.913,5.934,226111736,1343857417.63
2024-12-25 11:30:00,5.934,5.938,5.884,5.903,95562124,564612882.63
2024-12-25 14:00:00,5.903,5.946,5.9,5.943,82250295,487716832.58
2024-12-25 15:00:00,5.943,5.95,5.903,5.938,78715140,466807018.58
2024-12-26 10:30:00,5.932,5.98,5.927,5.975,106924140,637339157.16
2024-12-26 11:30:00,5.976,5.988,5.963,5.98,57206282,341921947.51
2024-12-26 14:00:00,5.98,5.988,5.964,5.97,46751330,279292445.42
2024-12-26 15:00:00,5.969,5.985,5.963,5.978,63364853,378626118.29
2024-12-27 10:30:00,5.967,6.03,5.967,6.027,98854571,593918262.57
2024-12-27 11:30:00,6.027,6.075,6.015,6.051,98713609,596921193.62
2024-12-27 14:00:00,6.051,6.053,6.012,6.013,42518463,256216258.04
2024-12-27 15:00:00,6.013,6.013,5.976,5.993,67533978,404798664.13
2024-12-30 10:30:00,5.988,6.021,5.958,6.008,79594983,477224986.41
2024-12-30 11:30:00,6.01,6.019,5.974,5.976,35078624,210109264.89
2024-12-30 14:00:00,5.975,5.988,5.969,5.984,24821727,148442201.37
2024-12-30 15:00:00,5.985,6.008,5.981,5.99,49229209,295030649.54
2024-12-31 10:30:00,5.989,5.999,5.92,5.932,181097514,1077590574.14
2024-12-31 11:30:00,5.932,5.932,5.872,5.882,170006935,1002247550.8
2024-12-31 14:00:00,5.884,5.905,5.848,5.855,203086476,1191982223.14
2024-12-31 15:00:00,5.855,5.856,5.808,5.81,193546998,1127346747.68
2025-01-02 10:30:00,5.807,5.809,5.761,5.782,117387458,678969057.07
2025-01-02 11:30:00,5.782,5.8,5.753,5.754,34698277,200174360.01
2025-01-02 14:00:00,5.753,5.764,5.66,5.686,111776892,637500874.04
2025-01-02 15:00:00,5.689,5.69,5.579,5.635,171303873,965240223.06
2025-01-03 10:30:00,5.632,5.665,5.593,5.658,144267959,813478931.48
2025-01-03 11:30:00,5.659,5.663,5.604,5.604,63585871,357585743.21
2025-01-03 14:00:00,5.611,5.611,5.552,5.556,80685603,449660865.52
2025-01-03 15:00:00,5.557,5.571,5.504,5.526,157593535,872070091.51
2025-01-06 10:30:00,5.515,5.568,5.496,5.54,122161196,676121499.46
2025-01-06 11:30:00,5.54,5.548,5.495,5.52,48575953,268187836.51
2025-01-06 14:00:00,5.52,5.538,5.479,5.499,73127135,402589253.89
2025-01-06 15:00:00,5.499,5.528,5.471,5.511,86366768,475305113.23
2025-01-07 10:30:00,5.511,5.549,5.504,5.531,77904580,430656518.24
2025-01-07 11:30:00,5.531,5.531,5.484,5.5,76463233,420930097.66
2025-01-07 14:00:00,5.501,5.543,5.486,5.513,51939093,286392158.8
2025-01-07 15:00:00,5.513,5.569,5.509,5.567,199229073,1105389306.7
2025-01-08 10:30:00,5.55,5.552,5.487,5.494,113141990,623525506.89
2025-01-08 11:30:00,5.493,5.493,5.415,5.424,134347137,731385813.83
2025-01-08 14:00:00,5.425,5.568,5.41,5.545,108654128,598430718.98
2025-01-08 15:00:00,5.546,5.592,5.52,5.544,67522270,374883643.04
2025-01-09 10:30:00,5.525,5.579,5.521,5.552,85837789,476456954.14
2025-01-09 11:30:00,5.552,5.578,5.545,5.549,38862000,215969088.0
2025-01-09 14:00:00,5.549,5.569,5.543,5.544,56547270,313950443.04
2025-01-09 15:00:00,5.544,5.566,5.53,5.543,87191914,483595419.02
2025-01-10 10:30:00,5.537,5.586,5.508,5.537,67134856,372173263.38
2025-01-10 11:30:00,5.538,5.566,5.523,5.531,30984223,171652595.42
2025-01-10 14:00:00,5.532,5.534,5.499,5.509,31556785,174004112.49
2025-01-10 15:00:00,5.508,5.517,5.456,5.456,101680645,556837105.57
2025-01-13 10:30:00,5.411,5.488,5.41,5.48,107811618,588579559.87
2025-01-13 11:30:00,5.48,5.509,5.447,5.452,61316296,335359261.59
2025-01-13 14:00:00,5.451,5.482,5.435,5.482,41416586,226396864.6
2025-01-13 15:00:00,5.481,5.485,5.444,5.471,88038180,481275384.0
2025-01-14 10:30:00,5.481,5.57,5.456,5.56,145338408,803527611.7
2025-01-14 11:30:00,5.561,5.64,5.555,5.603,109468610,612951236.93
2025-01-14 14:00:00,5.603,5.646,5.601,5.644,73244762,412392424.98
2025-01-14 15:00:00,5.645,5.675,5.621,5.655,173597805,980885464.18
2025-01-15 10:30:00,5.645,5.652,5.604,5.622,154303349,868110641.47
2025-01-15 11:30:00,5.622,5.641,5.615,5.616,104002564,584910419.94
2025-01-15 14:00:00,5.617,5.625,5.606,5.617,24806326,139312326.82
2025-01-15 15:00:00,5.616,5.623,5.599,5.611,152252306,854287688.97
2025-01-16 10:30:00,5.542,5.633,5.539,5.579,259422926,1448531144.48
2025-01-16 11:30:00,5.578,5.584,5.524,5.53,64775407,359244407.22
2025-01-16 14:00:00,5.531,5.539,5.5,5.524,100379100,554193011.1
2025-01-16 15:00:00,5.524,5.552,5.521,5.536,82249578,455361080.33
2025-01-17 10:30:00,5.51,5.565,5.51,5.539,65846239,364656471.58
2025-01-17 11:30:00,5.54,5.599,5.526,5.593,61788936,344329144.02
2025-01-17 14:00:00,5.593,5.621,5.571,5.59,88309917,494005675.7
2025-01-17 15:00:00,5.589,5.609,5.575,5.583,59605391,333134530.3
2025-01-20 10:30:00,5.615,5.662,5.607,5.654,190333244,1073669829.4
2025-01-20 11:30:00,5.656,5.666,5.616,5.631,42508650,239649599.15
2025-01-20 14:00:00,5.631,5.639,5.611,5.62,39547059,222386295.11
2025-01-20 15:00:00,5.62,5.625,5.593,5.608,51019118,286149226.49
2025-01-21 10:30:00,5.63,5.645,5.567,5.585,98919740,553851624.26
2025-01-21 11:30:00,5.585,5.634,5.577,5.623,85189609,478027292.64
2025-01-21 14:00:00,5.623,5.627,5.598,5.609,83264040,467222283.12
2025-01-21 15:00:00,5.608,5.63,5.604,5.628,77669623,436555061.01
2025-01-22 10:30:00,5.611,5.613,5.559,5.562,145903023,813847062.29
2025-01-22 11:30:00,5.562,5.608,5.561,5.594,47313009,264369323.29
2025-01-22 14:00:00,5.594,5.604,5.583,5.601,75420410,422052614.36
2025-01-22 15:00:00,5.6,5.619,5.584,5.608,52633086,294938269.58
2025-01-23 10:30:00,5.65,5.724,5.632,5.665,266603215,1512617774.17
2025-01-23 11:30:00,5.665,5.68,5.627,5.641,59918450,338499296.87
2025-01-23 14:00:00,5.641,5.666,5.6,5.602,36194846,203511554.11
2025-01-23 15:00:00,5.602,5.607,5.58,5.584,56547614,316120011.46
2025-01-24 10:30:00,5.569,5.622,5.568,5.62,178933422,1002623607.94
2025-01-24 11:30:00,5.62,5.663,5.615,5.647,159172831,898000054.89
2025-01-24 14:00:00,5.644,5.66,5.629,5.633,60901228,343523526.74
2025-01-24 15:00:00,5.633,5.659,5.633,5.655,101916590,575726816.91
2025-01-27 10:30:00,5.659,5.675,5.618,5.619,172974513,975114987.95
2025-01-27 11:30:00,5.619,5.632,5.59,5.609,104298082,585147006.05
2025-01-27 14:00:00,5.609,5.62,5.591,5.601,59882167,335579663.87
2025-01-27 15:00:00,5.601,5.632,5.582,5.586,151241298,846951268.8
2025-02-05 10:30:00,5.638,5.643,5.586,5.62,88510578,497104909.57
2025-02-05 11:30:00,5.62,5.638,5.603,5.621,38369682,215663192.63
2025-02-05 14:00:00,5.622,5.624,5.582,5.591,49309660,276084786.34
2025-02-05 15:00:00,5.591,5.618,5.582,5.608,87802855,491930128.95
2025-02-06 10:30:00,5.598,5.674,5.59,5.666,103807475,585820183.92
2025-02-06 11:30:00,5.667,5.739,5.667,5.709,223688105,1276140639.02
2025-02-06 14:00:00,5.707,5.735,5.706,5.731,49404394,282790751.26
2025-02-06 15:00:00,5.731,5.749,5.716,5.741,90360722,518248860.91
2025-02-07 10:30:00,5.744,5.844,5.734,5.827,200473880,1163082627.13
2025-02-07 11:30:00,5.827,5.896,5.809,5.885,118785610,696479626.63
2025-02-07 14:00:00,5.886,5.888,5.82,5.83,61109163,357244166.9
2025-02-07 15:00:00,5.83,5.839,5.764,5.832,103863674,603621052.06
2025-02-10 10:30:00,5.843,5.874,5.83,5.862,115940193,678868476.75
2025-02-10 11:30:00,5.862,5.862,5.842,5.851,46546916,272377036.79
2025-02-10 14:00:00,5.851,5.879,5.846,5.864,40989687,240322534.88
2025-02-10 15:00:00,5.865,5.891,5.865,5.882,203442125,1196104066.92
2025-02-11 10:30:00,5.881,5.899,5.819,5.831,121362409,709929638.51
2025-02-11 11:30:00,5.83,5.859,5.825,5.859,43561928,254735634.3
2025-02-11 14:00:00,5.859,5.88,5.851,5.862,49820348,292163127.45
2025-02-11 15:00:00,5.861,5.864,5.845,5.858,56410611,330321734.48
2025-02-12 10:30:00,5.839,5.901,5.839,5.892,85855902,504603754.69
2025-02-12 11:30:00,5.893,5.91,5.86,5.86,42340595,248821563.28
2025-02-12 14:00:00,5.861,5.894,5.86,5.89,41110954,241787224.13
2025-02-12 15:00:00,5.889,5.943,5.885,5.935,92288303,546439042.06
2025-02-13 10:30:00,5.934,5.944,5.898,5.914,118185340,699499632.35
2025-02-13 11:30:00,5.913,5.918,5.886,5.908,51239630,302518775.52
2025-02-13 14:00:00,5.908,5.951,5.903,5.934,41626315,246816297.07
2025-02-13 15:00:00,5.934,5.955,5.9,5.908,72574182,429711731.62
2025-02-14 10:30:00,5.891,5.929,5.886,5.908,90024354,531833875.31
2025-02-14 11:30:00,5.908,5.958,5.898,5.946,47463167,281646432.98
2025-02-14 14:00:00,5.945,5.962,5.913,5.929,98699787,585750335.92
2025-02-14 15:00:00,5.929,5.96,5.92,5.955,86925613,516772769.28
2025-02-17 10:30:00,5.973,5.982,5.926,5.952,130808905,778749014.43
2025-02-17 11:30:00,5.952,5.966,5.933,5.945,63704423,378913908.0
2025-02-17 14:00:00,5.946,5.953,5.9,5.91,104330979,617743726.66
2025-02-17 15:00:00,5.91,5.946,5.905,5.944,70424897,417737014.04
2025-02-18 10:30:00,5.923,5.947,5.904,5.924,120472904,713801956.2
2025-02-18 11:30:00,5.924,5.946,5.917,5.933,32189529,190948286.03
2025-02-18 14:00:00,5.934,5.94,5.868,5.868,53421376,314758747.39
2025-02-18 15:00:00,5.867,5.877,5.81,5.847,98701301,576876203.91
2025-02-19 10:30:00,5.833,5.923,5.83,5.92,101030897,595173014.23
2025-02-19 11:30:00,5.919,5.926,5.897,5.905,64869332,383334505.9
2025-02-19 14:00:00,5.905,5.922,5.892,5.914,37297551,220403661.38
2025-02-19 15:00:00,5.913,5.945,5.913,5.938,115581939,685632062.15
2025-02-20 10:30:00,5.935,5.964,5.921,5.925,185734947,1102646468.69
2025-02-20 11:30:00,5.925,5.933,5.914,5.928,59144133,350428988.02
2025-02-20 14:00:00,5.928,5.971,5.926,5.961,64047778,381255073.17
2025-02-20 15:00:00,5.961,5.975,5.946,5.952,73197328,436085281.11
2025-02-21 10:30:00,5.967,6.0,5.939,5.992,93209324,557112129.55
2025-02-21 11:30:00,5.992,6.041,5.984,6.04,114412165,688951920.24
2025-02-21 14:00:00,6.04,6.059,6.029,6.032,64448441,389268583.64
2025-02-21 15:00:00,6.031,6.068,6.028,6.055,66378775,401613715.01
2025-02-24 10:30:00,6.048,6.062,6.017,6.044,241877319,1461180884.08
2025-02-24 11:30:00,6.044,6.07,6.043,6.048,49825247,301625436.92
2025-02-24 14:00:00,6.048,6.049,6.019,6.022,30315652,182803381.56
2025-02-24 15:00:00,6.022,6.038,5.999,6.036,81409234,490436362.03
2025-02-25 10:30:00,5.987,5.996,5.955,5.995,66708987,399053160.23
2025-02-25 11:30:00,5.995,6.031,5.987,6.03,26593814,159988385.02
2025-02-25 14:00:00,6.03,6.035,6.005,6.008,36514628,219672002.05
2025-02-25 15:00:00,6.008,6.018,5.958,5.976,151160162,904542409.41
2025-02-26 10:30:00,5.987,6.011,5.965,6.004,124244390,744638044.07
2025-02-26 11:30:00,6.004,6.056,5.985,6.016,85345378,513693830.18
2025-02-26 14:00:00,6.015,6.045,6.013,6.03,74468230,448993781.41
2025-02-26 15:00:00,6.03,6.048,6.011,6.048,51563098,311217671.83
2025-02-27 10:30:00,6.034,6.058,5.995,6.006,82242487,495072357.58
2025-02-27 11:30:00,6.006,6.015,5.969,5.986,44538466,266785411.34
2025-02-27 14:00:00,5.985,5.987,5.939,5.978,103594508,618252023.74
2025-02-27 15:00:00,5.978,6.032,5.967,6.03,70974691,426534234.68
2025-02-28 10:30:00,5.991,6.0,5.932,5.966,131698068,785710673.69
2025-02-28 11:30:00,5.966,5.974,5.93,5.937,36461159,216834512.57
2025-02-28 14:00:00,5.937,5.939,5.9,5.908,44769758,264842965.08
2025-02-28 15:00:00,5.908,5.908,5.847,5.867,101153069,594173127.31
2025-03-03 10:30:00,5.867,5.959,5.851,5.956,102022432,604176842.3
2025-03-03 11:30:00,5.957,5.964,5.902,5.915,46849282,277675694.41
2025-03-03 14:00:00,5.915,5.921,5.884,5.89,60646840,357715277.93
2025-03-03 15:00:00,5.89,5.897,5.851,5.879,67830407,398548861.4
2025-03-04 10:30:00,5.839,5.896,5.832,5.883,67299410,395069969.84
2025-03-04 11:30:00,5.883,5.908,5.883,5.896,19562131,115331803.67
2025-03-04 14:00:00,5.898,5.944,5.896,5.931,34698749,205543822.83
2025-03-04 15:00:00,5.931,5.935,5.916,5.93,81075432,480534085.46
2025-03-05 10:30:00,5.932,5.947,5.881,5.898,116456515,688102728.3
2025-03-05 11:30:00,5.898,5.918,5.89,5.911,34581514,204249948.86
2025-03-05 14:00:00,5.91,5.943,5.888,5.942,59256432,351054855.31
2025-03-05 15:00:00,5.943,5.954,5.927,5.943,35160649,208901135.93
2025-03-06 10:30:00,5.97,6.04,5.966,6.01,202706854,1217322227.22
2025-03-06 11:30:00,6.01,6.056,6.005,6.048,73271637,442292024.81
2025-03-06 14:00:00,6.048,6.05,6.021,6.038,32357367,195319853.0
2025-03-06 15:00:00,6.037,6.065,6.034,6.04,94598092,571971596.93
2025-03-07 10:30:00,6.021,6.048,6.001,6.038,143162043,863123957.25
2025-03-07 11:30:00,6.04,6.058,6.032,6.038,57973820,350316469.65
2025-03-07 14:00:00,6.038,6.06,6.01,6.024,37274738,224816369.79
2025-03-07 15:00:00,6.024,6.024,5.987,6.014,77298961,464437924.01
2025-03-10 10:30:00,6.008,6.031,5.97,5.999,223032805,1338196830.0
2025-03-10 11:30:00,5.999,6.006,5.974,5.979,49061851,293700594.04
2025-03-10 14:00:00,5.979,5.996,5.961,5.988,24929945,149122621.01
2025-03-10 15:00:00,5.989,6.012,5.984,6.006,37563207,225404284.14
2025-03-11 10:30:00,5.946,6.027,5.943,6.007,53372205,319824043.09
2025-03-11 11:30:00,6.008,6.015,5.97,5.975,21782072,130402004.37
2025-03-11 14:00:00,5.976,6.003,5.971,5.989,11407301,68303115.95
2025-03-11 15:00:00,5.99,6.039,5.988,6.033,75167899,452510751.98
2025-03-12 10:30:00,6.049,6.068,6.031,6.04,90835564,549222098.47
2025-03-12 11:30:00,6.039,6.058,6.036,6.046,20703918,125189690.84
2025-03-12 14:00:00,6.046,6.098,6.038,6.076,56563294,343376903.44
2025-03-12 15:00:00,6.075,6.08,6.035,6.04,36646432,221771990.99
2025-03-13 10:30:00,6.03,6.048,5.977,5.995,83834402,503565308.01
2025-03-13 11:30:00,5.995,6.014,5.963,5.969,37479926,224204917.33
2025-03-13 14:00:00,5.968,5.969,5.943,5.948,35014268,208451608.83
2025-03-13 15:00:00,5.948,5.998,5.94,5.987,56262389,336167774.28
2025-03-14 10:30:00,5.992,6.054,5.972,6.029,124625743,750039263.29
2025-03-14 11:30:00,6.03,6.088,6.024,6.078,142661547,865004513.31
2025-03-14 14:00:00,6.078,6.097,6.062,6.096,74197657,451492742.85
2025-03-14 15:00:00,6.097,6.1,6.078,6.1,141003571,859087756.91
2025-03-17 10:30:00,6.11,6.12,6.087,6.113,138321783,844685021.52
2025-03-17 11:30:00,6.115,6.121,6.093,6.1,44646367,272551188.41
2025-03-17 14:00:00,6.101,6.113,6.091,6.101,34798215,212327108.52
2025-03-17 15:00:00,6.101,6.113,6.097,6.101,165796350,1011965654.95
2025-03-18 10:30:00,6.112,6.166,6.108,6.133,76589752,469929188.35
2025-03-18 11:30:00,6.133,6.14,6.117,6.129,27872691,170822432.24
2025-03-18 14:00:00,6.128,6.134,6.115,6.123,27471701,168236696.92
2025-03-18 15:00:00,6.123,6.135,6.109,6.125,46719492,286063449.52
2025-03-19 10:30:00,6.115,6.118,6.068,6.087,54582672,332463055.15
2025-03-19 11:30:00,6.088,6.115,6.085,6.103,23407605,142809798.1
2025-03-19 14:00:00,6.1,6.126,6.086,6.09,31518458,192283606.11
2025-03-19 15:00:00,6.091,6.105,6.08,6.105,41324776,251943384.35
2025-03-20 10:30:00,6.099,6.1,6.059,6.08,115716595,703518325.4
2025-03-20 11:30:00,6.08,6.104,6.078,6.099,35410187,215777876.18
2025-03-20 14:00:00,6.1,6.105,6.073,6.077,32301053,196551907.51
2025-03-20 15:00:00,6.078,6.078,6.055,6.06,78967743,478886716.13
2025-03-21 10:30:00,6.033,6.066,6.028,6.031,72088465,435534476.04
2025-03-21 11:30:00,6.031,6.038,5.977,5.979,83306900,499674786.2
2025-03-21 14:00:00,5.979,5.988,5.951,5.959,51695432,308414947.31
2025-03-21 15:00:00,5.959,5.988,5.95,5.967,38482887,229678697.24
2025-03-24 10:30:00,5.97,5.979,5.945,5.969,52022886,310281833.07
2025-03-24 11:30:00,5.968,5.976,5.933,5.934,27528878,163732590.05
2025-03-24 14:00:00,5.934,5.945,5.9,5.911,73023145,432199654.21
2025-03-24 15:00:00,5.911,5.963,5.883,5.961,78989138,468853193.46
2025-03-25 10:30:00,5.957,5.984,5.94,5.942,74014501,440781024.96
2025-03-25 11:30:00,5.942,5.956,5.921,5.932,30419169,180578326.91
2025-03-25 14:00:00,5.933,5.97,5.927,5.945,38091772,226544465.34
2025-03-25 15:00:00,5.945,5.953,5.929,5.94,55276586,328379771.9
2025-03-26 10:30:00,5.933,5.976,5.933,5.955,88343002,526053129.24
2025-03-26 11:30:00,5.955,5.983,5.948,5.965,36076169,215206373.47
2025-03-26 14:00:00,5.965,5.973,5.941,5.952,20590661,122624249.81
2025-03-26 15:00:00,5.951,5.966,5.938,5.942,46798004,278385726.46
2025-03-27 10:30:00,5.937,5.953,5.884,5.95,80108198,474961505.94
2025-03-27 11:30:00,5.949,6.0,5.944,5.962,92945961,554763459.22
2025-03-27 14:00:00,5.962,5.972,5.954,5.957,15318189,91311724.63
2025-03-27 15:00:00,5.957,5.975,5.953,5.957,23882144,142377381.81
2025-03-28 10:30:00,5.953,5.972,5.936,5.938,77436225,460642290.45
2025-03-28 11:30:00,5.938,5.938,5.902,5.914,65980772,390474208.7
2025-03-28 14:00:00,5.912,5.937,5.897,5.929,28708365,169982229.16
2025-03-28 15:00:00,5.929,5.938,5.907,5.909,27428837,162323857.37
2025-03-31 10:30:00,5.881,5.908,5.844,5.845,59257334,347583768.8
2025-03-31 11:30:00,5.845,5.85,5.796,5.798,54310637,315798250.61
2025-03-31 14:00:00,5.797,5.843,5.796,5.818,22329782,129937001.46
2025-03-31 15:00:00,5.818,5.87,5.806,5.855,45898580,268216001.99
2025-04-01 10:30:00,5.864,5.924,5.859,5.91,68779885,405640835.1
2025-04-01 11:30:00,5.908,5.93,5.9,5.919,49060169,290256313.19
2025-04-01 14:00:00,5.919,5.92,5.88,5.888,29744803,175375358.49
2025-04-01 15:00:00,5.889,5.896,5.88,5.886,26508276,156063056.9
2025-04-02 10:30:00,5.879,5.938,5.869,5.922,75049748,443518994.1
2025-04-02 11:30:00,5.922,5.926,5.908,5.91,30476580,180258811.84
2025-04-02 14:00:00,5.91,5.915,5.889,5.897,28442652,167821127.68
2025-04-02 15:00:00,5.897,5.902,5.883,5.895,44454313,261984084.61
2025-04-03 10:30:00,5.845,5.907,5.836,5.891,133616224,785396164.67
2025-04-03 11:30:00,5.89,5.893,5.818,5.825,56430354,329854229.25
2025-04-03 14:00:00,5.825,5.847,5.816,5.843,32460104,189415526.87
2025-04-03 15:00:00,5.844,5.857,5.833,5.842,43970468,256963414.99
2025-04-07 10:30:00,5.62,5.662,5.323,5.447,298682199,1635981964.66
2025-04-07 11:30:00,5.446,5.47,5.377,5.388,54626998,295623104.18
2025-04-07 14:00:00,5.39,5.396,5.28,5.28,53285972,283410323.08
2025-04-07 15:00:00,5.28,5.3,5.258,5.288,55184960,291486958.72
2025-04-08 10:30:00,5.312,5.371,5.252,5.304,894898302,4751015085.32
2025-04-08 11:30:00,5.302,5.327,5.278,5.307,425605122,2257409567.09
2025-04-08 14:00:00,5.306,5.31,5.25,5.282,1225879402,6473460495.49
2025-04-08 15:00:00,5.282,5.318,5.25,5.317,482182547,2553156586.36
2025-04-09 10:30:00,5.255,5.405,5.139,5.365,180953200,959594819.6
2025-04-09 11:30:00,5.363,5.395,5.33,5.376,43157867,231628272.19
2025-04-09 14:00:00,5.379,5.447,5.333,5.423,48682346,262933350.75
2025-04-09 15:00:00,5.424,5.457,5.412,5.434,81031542,440352409.74
2025-04-10 10:30:00,5.503,5.609,5.501,5.604,147934166,824190550.17
2025-04-10 11:30:00,5.604,5.605,5.533,5.538,43596722,242339645.36
2025-04-10 14:00:00,5.538,5.574,5.528,5.547,28692829,159235636.67
2025-04-10 15:00:00,5.546,5.578,5.531,5.534,46758050,259398075.38
2025-04-11 10:30:00,5.51,5.556,5.509,5.531,52527667,290583053.84
2025-04-11 11:30:00,5.531,5.554,5.518,5.551,32451442,179813440.12
2025-04-11 14:00:00,5.551,5.628,5.551,5.598,61042893,341372205.29
2025-04-11 15:00:00,5.599,5.611,5.562,5.572,76052302,424498599.0
2025-04-14 10:30:00,5.615,5.641,5.6,5.629,110503432,621397632.61
2025-04-14 11:30:00,5.628,5.652,5.624,5.633,21947435,123703059.47
2025-04-14 14:00:00,5.634,5.635,5.604,5.615,21336753,119869878.35
2025-04-14 15:00:00,5.615,5.619,5.605,5.614,61275062,343916497.99
2025-04-15 10:30:00,5.615,5.619,5.562,5.581,55946739,312593079.71
2025-04-15 11:30:00,5.581,5.59,5.566,5.581,21833711,121810273.67
2025-04-15 14:00:00,5.58,5.591,5.562,5.581,21784439,121513600.74
2025-04-15 15:00:00,5.582,5.603,5.574,5.593,221173623,1236360552.57
2025-04-16 10:30:00,5.558,5.581,5.545,5.547,78903014,438516650.81
2025-04-16 11:30:00,5.547,5.554,5.494,5.496,37965400,209366525.87
2025-04-16 14:00:00,5.495,5.539,5.49,5.517,131038386,722720378.25
2025-04-16 15:00:00,5.517,5.557,5.511,5.547,418275701,2316550257.37
2025-04-17 10:30:00,5.524,5.603,5.52,5.587,88575914,493367840.98
2025-04-17 11:30:00,5.587,5.598,5.575,5.596,49988689,279420108.61
2025-04-17 14:00:00,5.596,5.599,5.564,5.568,28152972,157009124.84
2025-04-17 15:00:00,5.568,5.585,5.544,5.544,58044138,322589970.96
2025-04-18 10:30:00,5.54,5.55,5.519,5.53,78427002,433936602.07
2025-04-18 11:30:00,5.531,5.544,5.521,5.529,22633133,125191403.0
2025-04-18 14:00:00,5.528,5.576,5.524,5.571,107293949,596232474.59
2025-04-18 15:00:00,5.571,5.572,5.547,5.55,86714282,481813455.55
2025-04-21 10:30:00,5.544,5.607,5.522,5.603,91589501,510825176.91
2025-04-21 11:30:00,5.603,5.607,5.594,5.604,18357680,102833604.13
2025-04-21 14:00:00,5.603,5.635,5.599,5.635,37366986,210114562.28
2025-04-21 15:00:00,5.635,5.641,5.626,5.633,109444759,616538809.03
2025-04-22 10:30:00,5.619,5.638,5.607,5.624,70157274,394494351.7
2025-04-22 11:30:00,5.625,5.632,5.611,5.616,20256237,113833299.86
2025-04-22 14:00:00,5.616,5.641,5.615,5.63,25505777,143563516.81
2025-04-22 15:00:00,5.631,5.645,5.616,5.616,27488074,154638741.63
2025-04-23 10:30:00,5.639,5.683,5.61,5.618,132316429,745867710.27
2025-04-23 11:30:00,5.618,5.634,5.608,5.632,36750930,206711730.94
2025-04-23 14:00:00,5.632,5.657,5.632,5.638,28222086,159238416.57
2025-04-23 15:00:00,5.641,5.641,5.617,5.627,35877611,201931153.91
2025-04-24 10:30:00,5.628,5.644,5.61,5.637,55781481,314068331.86
2025-04-24 11:30:00,5.636,5.64,5.577,5.588,28887485,161818061.81
2025-04-24 14:00:00,5.588,5.615,5.584,5.608,26441147,148132119.21
2025-04-24 15:00:00,5.609,5.61,5.595,5.605,49479060,277247666.2
2025-04-25 10:30:00,5.61,5.633,5.592,5.62,49911750,280254476.25
2025-04-25 11:30:00,5.62,5.662,5.618,5.649,51098841,288350759.76
2025-04-25 14:00:00,5.649,5.653,5.63,5.631,29090152,164010276.98
2025-04-25 15:00:00,5.63,5.631,5.612,5.62,74045562,416210104.0
2025-04-28 10:30:00,5.62,5.625,5.576,5.595,102170112,572016400.38
2025-04-28 11:30:00,5.596,5.611,5.594,5.604,63677977,356787705.13
2025-04-28 14:00:00,5.603,5.607,5.594,5.599,7726769,43269906.4
2025-04-28 15:00:00,5.6,5.603,5.592,5.593,29026803,162433989.59
2025-04-29 10:30:00,5.57,5.622,5.564,5.602,45631794,255355519.22
2025-04-29 11:30:00,5.602,5.608,5.596,5.602,19749584,110637169.57
2025-04-29 14:00:00,5.601,5.605,5.591,5.593,39522438,221180737.19
2025-04-29 15:00:00,5.593,5.612,5.593,5.597,19833580,111081270.39
2025-04-30 10:30:00,5.598,5.642,5.597,5.633,59419872,334177360.13
2025-04-30 11:30:00,5.633,5.637,5.621,5.633,29647791,166926945.93
2025-04-30 14:00:00,5.633,5.638,5.629,5.637,25695300,144784450.4
2025-04-30 15:00:00,5.638,5.64,5.623,5.627,92628220,521496878.6
2025-05-06 10:30:00,5.655,5.723,5.653,5.715,86912746,495141913.96
2025-05-06 11:30:00,5.716,5.728,5.708,5.728,31461852,180003742.58
2025-05-06 14:00:00,5.727,5.733,5.712,5.728,20309835,116260265.49
2025-05-06 15:00:00,5.728,5.735,5.721,5.735,47007424,269368208.66
2025-05-07 10:30:00,5.798,5.845,5.731,5.737,109152089,629916705.62
2025-05-07 11:30:00,5.737,5.749,5.726,5.739,40089486,230033470.67
2025-05-07 14:00:00,5.739,5.751,5.72,5.72,16234544,93029348.63
2025-05-07 15:00:00,5.721,5.745,5.708,5.744,57733984,330950440.95
2025-05-08 10:30:00,5.729,5.77,5.724,5.768,73447702,422618077.31
2025-05-08 11:30:00,5.768,5.785,5.751,5.772,42002261,242325044.46
2025-05-08 14:00:00,5.772,5.772,5.751,5.766,16032840,92397256.92
2025-05-08 15:00:00,5.766,5.777,5.763,5.768,97413234,562009418.02
2025-05-09 10:30:00,5.76,5.761,5.722,5.727,51943681,297983583.34
2025-05-09 11:30:00,5.727,5.727,5.7,5.714,35589892,203348779.59
2025-05-09 14:00:00,5.715,5.738,5.714,5.737,41155602,235807880.93
2025-05-09 15:00:00,5.738,5.741,5.712,5.721,39944379,228668254.98
2025-05-12 10:30:00,5.745,5.797,5.737,5.775,74570284,430245681.92
2025-05-12 11:30:00,5.776,5.78,5.759,5.762,21040847,121342564.65
2025-05-12 14:00:00,5.761,5.767,5.753,5.765,9271276,53418001.89
2025-05-12 15:00:00,5.765,5.793,5.765,5.79,65712862,379995576.66
2025-05-13 10:30:00,5.825,5.826,5.773,5.781,98620884,571343654.64
2025-05-13 11:30:00,5.78,5.782,5.764,5.767,38356559,221355701.99
2025-05-13 14:00:00,5.766,5.791,5.764,5.787,32191117,186086117.0
2025-05-13 15:00:00,5.788,5.79,5.769,5.778,28620018,165395084.02
2025-05-14 10:30:00,5.775,5.79,5.754,5.759,51378264,296332700.66
2025-05-14 11:30:00,5.76,5.769,5.746,5.753,20444873,117680688.99
2025-05-14 14:00:00,5.756,5.839,5.752,5.794,93032869,539125475.86
2025-05-14 15:00:00,5.794,5.801,5.775,5.798,76457494,442790833.59
2025-05-15 10:30:00,5.781,5.787,5.73,5.754,86881033,500174106.98
2025-05-15 11:30:00,5.754,5.76,5.728,5.737,24377322,139966457.15
2025-05-15 14:00:00,5.737,5.742,5.713,5.716,30825189,176433106.77
2025-05-15 15:00:00,5.716,5.728,5.71,5.718,50219746,287189987.46
2025-05-16 10:30:00,5.706,5.735,5.704,5.709,55872362,319366421.19
2025-05-16 11:30:00,5.709,5.726,5.708,5.719,28137854,160882869.89
2025-05-16 14:00:00,5.718,5.731,5.716,5.716,35949582,205667558.62
2025-05-16 15:00:00,5.717,5.719,5.703,5.71,55421776,316495288.81
2025-05-19 10:30:00,5.71,5.712,5.665,5.684,77562175,441096089.22
2025-05-19 11:30:00,5.683,5.714,5.681,5.702,24263748,138279099.85
2025-05-19 14:00:00,5.703,5.724,5.698,5.711,19853525,113383481.28
2025-05-19 15:00:00,5.713,5.73,5.708,5.726,19372583,110837004.87
2025-05-20 10:30:00,5.728,5.729,5.702,5.722,45468776,259975304.91
2025-05-20 11:30:00,5.722,5.748,5.72,5.746,18226563,104584018.49
2025-05-20 14:00:00,5.746,5.764,5.743,5.748,25469289,146490860.57
2025-05-20 15:00:00,5.749,5.755,5.745,5.748,27585680,158599269.55
2025-05-21 10:30:00,5.739,5.753,5.731,5.745,30569212,175558984.52
2025-05-21 11:30:00,5.745,5.764,5.737,5.754,21315162,122597706.77
2025-05-21 14:00:00,5.754,5.76,5.748,5.751,11984774,68948404.82
2025-05-21 15:00:00,5.751,5.762,5.746,5.757,18981946,109241099.23
2025-05-22 10:30:00,5.733,5.765,5.722,5.739,41428641,237883256.62
2025-05-22 11:30:00,5.738,5.742,5.704,5.731,34557148,197862710.4
2025-05-22 14:00:00,5.73,5.732,5.713,5.722,25209335,144256217.98
2025-05-22 15:00:00,5.722,5.722,5.707,5.71,38108201,217712152.31
2025-05-23 10:30:00,5.707,5.741,5.701,5.73,37888004,216870934.9
2025-05-23 11:30:00,5.73,5.747,5.723,5.727,39725881,227721991.85
2025-05-23 14:00:00,5.727,5.73,5.706,5.706,13371928,76407196.59
2025-05-23 15:00:00,5.706,5.707,5.66,5.661,99900312,567034170.91
2025-05-26 10:30:00,5.657,5.7,5.651,5.699,57092560,324476049.33
2025-05-26 11:30:00,5.699,5.704,5.645,5.654,49401546,279991495.55
2025-05-26 14:00:00,5.653,5.672,5.652,5.67,15324683,86809220.97
2025-05-26 15:00:00,5.67,5.678,5.662,5.672,46359117,262887099.47
2025-05-27 10:30:00,5.672,5.672,5.637,5.654,125838474,711532678.15
2025-05-27 11:30:00,5.654,5.654,5.633,5.64,26119336,147374000.16
2025-05-27 14:00:00,5.642,5.666,5.633,5.644,17854344,100835383.46
2025-05-27 15:00:00,5.645,5.678,5.644,5.656,29535007,167148449.62
2025-05-28 10:30:00,5.657,5.67,5.635,5.639,60778307,343275877.94
2025-05-28 11:30:00,5.639,5.659,5.637,5.647,24345975,137497951.48
2025-05-28 14:00:00,5.649,5.652,5.636,5.646,17720782,100027907.46
2025-05-28 15:00:00,5.646,5.65,5.634,5.648,26805289,151289051.12
2025-05-29 10:30:00,5.65,5.725,5.649,5.715,141174485,804176924.72
2025-05-29 11:30:00,5.714,5.739,5.707,5.717,119836585,685585102.78
2025-05-29 14:00:00,5.717,5.732,5.712,5.726,24358032,139409136.48
2025-05-29 15:00:00,5.726,5.731,5.719,5.729,35126474,201145898.95
2025-05-30 10:30:00,5.71,5.711,5.671,5.678,248018454,1410398275.08
2025-05-30 11:30:00,5.679,5.695,5.672,5.69,27469063,156179935.86
2025-05-30 14:00:00,5.69,5.7,5.686,5.693,13105681,74610641.93
2025-05-30 15:00:00,5.693,5.698,5.681,5.693,45947518,261472009.1
2025-06-03 10:30:00,5.68,5.73,5.666,5.697,76441009,435535388.95
2025-06-03 11:30:00,5.699,5.715,5.694,5.712,14084642,80381051.89
2025-06-03 14:00:00,5.711,5.713,5.696,5.709,12022958,68602998.35
2025-06-03 15:00:00,5.709,5.714,5.701,5.702,34957673,199456829.58
2025-06-04 10:30:00,5.704,5.751,5.704,5.747,38791479,222430340.59
2025-06-04 11:30:00,5.748,5.763,5.736,5.758,32139683,184878169.84
2025-06-04 14:00:00,5.757,5.758,5.742,5.751,10120362,58195454.95
2025-06-04 15:00:00,5.751,5.755,5.745,5.751,28473752,163733565.25
2025-06-05 10:30:00,5.756,5.762,5.733,5.751,52951091,304398171.8
2025-06-05 11:30:00,5.752,5.76,5.745,5.756,18917991,108847814.22
2025-06-05 14:00:00,5.754,5.779,5.753,5.773,37454382,216049360.17
2025-06-05 15:00:00,5.773,5.799,5.773,5.784,59262355,342852477.79
2025-06-06 10:30:00,5.783,5.794,5.772,5.775,35765561,206736864.43
2025-06-06 11:30:00,5.775,5.789,5.771,5.774,14127729,81630018.16
2025-06-06 14:00:00,5.774,5.779,5.77,5.775,13176568,76090288.01
2025-06-06 15:00:00,5.776,5.788,5.77,5.785,38004820,219705864.42
2025-06-09 10:30:00,5.795,5.852,5.789,5.841,107226106,624842261.7
2025-06-09 11:30:00,5.841,5.852,5.825,5.825,26694785,155737375.69
2025-06-09 14:00:00,5.825,5.83,5.816,5.824,15830245,92184793.38
2025-06-09 15:00:00,5.824,5.829,5.82,5.826,46111103,268597174.98
2025-06-10 10:30:00,5.825,5.829,5.806,5.81,31597230,183737892.45
2025-06-10 11:30:00,5.811,5.819,5.805,5.812,20345003,118245157.44
2025-06-10 14:00:00,5.812,5.814,5.742,5.77,80002037,462038431.02
2025-06-10 15:00:00,5.77,5.782,5.76,5.777,50593659,292077193.41
2025-06-11 10:30:00,5.777,5.848,5.777,5.827,96097280,559029910.19
2025-06-11 11:30:00,5.827,5.828,5.811,5.824,38580836,224579046.36
2025-06-11 14:00:00,5.826,5.844,5.818,5.82,19887063,115888545.12
2025-06-11 15:00:00,5.82,5.828,5.812,5.814,75814409,441088231.56
2025-06-12 10:30:00,5.809,5.821,5.786,5.816,32786318,190412006.17
2025-06-12 11:30:00,5.817,5.834,5.816,5.824,20421966,118951144.63
2025-06-12 14:00:00,5.824,5.835,5.807,5.818,16335224,95071003.68
2025-06-12 15:00:00,5.819,5.831,5.815,5.826,22690175,132147579.2
2025-06-13 10:30:00,5.814,5.822,5.764,5.768,64388179,372464152.79
2025-06-13 11:30:00,5.768,5.774,5.754,5.771,28557480,164671948.84
2025-06-13 14:00:00,5.771,5.786,5.756,5.778,18742480,108206584.53
2025-06-13 15:00:00,5.779,5.788,5.766,5.773,48002136,277244336.82
2025-06-16 10:30:00,5.755,5.812,5.755,5.806,84225359,487749053.97
2025-06-16 11:30:00,5.806,5.808,5.788,5.788,27433654,158968880.38
2025-06-16 14:00:00,5.788,5.797,5.785,5.794,21327647,123529731.42
2025-06-16 15:00:00,5.795,5.807,5.793,5.798,47215435,273818046.04
2025-06-17 10:30:00,5.802,5.808,5.776,5.776,63105058,365167935.63
2025-06-17 11:30:00,5.775,5.784,5.769,5.78,50794043,293471049.11
2025-06-17 14:00:00,5.781,5.789,5.772,5.773,67675698,391030183.04
2025-06-17 15:00:00,5.773,5.786,5.769,5.785,41931885,242366295.3
2025-06-18 10:30:00,5.786,5.79,5.746,5.754,49071975,282818149.25
2025-06-18 11:30:00,5.753,5.76,5.74,5.748,33156094,190625436.44
2025-06-18 14:00:00,5.748,5.782,5.747,5.774,37740575,217675056.41
2025-06-18 15:00:00,5.774,5.781,5.77,5.776,30164193,174218324.04
2025-06-19 10:30:00,5.763,5.785,5.753,5.755,103213902,594959335.76
2025-06-19 11:30:00,5.754,5.76,5.715,5.716,34474619,197551058.41
2025-06-19 14:00:00,5.716,5.728,5.71,5.716,27869931,159360265.46
2025-06-19 15:00:00,5.716,5.721,5.695,5.716,54713945,312453101.91
2025-06-20 10:30:00,5.713,5.729,5.693,5.707,57176984,326461519.65
2025-06-20 11:30:00,5.707,5.713,5.697,5.7,27177550,155002626.83
2025-06-20 14:00:00,5.702,5.706,5.691,5.692,36796915,209607493.48
2025-06-20 15:00:00,5.692,5.692,5.678,5.678,202492517,1150697476.61
2025-06-23 10:30:00,5.668,5.7,5.661,5.683,65247638,370693580.69
2025-06-23 11:30:00,5.684,5.695,5.679,5.681,20550818,116831400.33
2025-06-23 14:00:00,5.683,5.713,5.68,5.706,25857699,147380265.07
2025-06-23 15:00:00,5.707,5.726,5.705,5.713,80125280,457889266.77
2025-06-24 10:30:00,5.723,5.807,5.723,5.802,178275772,1029958560.1
2025-06-24 11:30:00,5.802,5.808,5.783,5.794,63672049,368979523.96
2025-06-24 14:00:00,5.794,5.808,5.789,5.795,36969452,214324236.39
2025-06-24 15:00:00,5.795,5.805,5.788,5.804,105370112,611041279.49
2025-06-25 10:30:00,5.812,5.853,5.808,5.828,77810829,453611196.13
2025-06-25 11:30:00,5.827,5.85,5.824,5.849,54029149,315584259.31
2025-06-25 14:00:00,5.85,5.876,5.843,5.87,117645539,689755795.16
2025-06-25 15:00:00,5.871,5.919,5.87,5.91,122974579,725509024.57
2025-06-26 10:30:00,5.905,5.924,5.887,5.899,91475908,540012776.89
2025-06-26 11:30:00,5.9,5.926,5.895,5.919,48661452,287751386.16
2025-06-26 14:00:00,5.92,5.925,5.886,5.891,57693945,340432738.13
2025-06-26 15:00:00,5.891,5.902,5.885,5.888,36564996,215428768.1
2025-06-27 10:30:00,5.894,5.958,5.885,5.934,65145696,386031679.26
2025-06-27 11:30:00,5.935,5.946,5.923,5.936,53278965,316210657.27
2025-06-27 14:00:00,5.936,5.942,5.905,5.914,45843779,271410452.94
2025-06-27 15:00:00,5.915,5.921,5.906,5.912,58672278,346929179.81
2025-06-30 10:30:00,5.917,5.956,5.916,5.952,71226031,423177592.18
2025-06-30 11:30:00,5.953,5.959,5.937,5.947,42287216,251510265.03
2025-06-30 14:00:00,5.945,5.961,5.94,5.948,29654846,176436448.75
2025-06-30 15:00:00,5.949,5.968,5.947,5.963,101329262,603854848.68
2025-07-01 10:30:00,5.95,5.964,5.94,5.963,64825711,386080326.15
2025-07-01 11:30:00,5.964,5.965,5.934,5.952,21439089,127569725.91
2025-07-01 14:00:00,5.952,5.982,5.949,5.981,21138762,126212501.65
2025-07-01 15:00:00,5.981,5.984,5.969,5.979,30832554,184296452.78
2025-07-02 10:30:00,5.961,5.966,5.935,5.954,45757395,272332762.58
2025-07-02 11:30:00,5.955,5.962,5.941,5.954,14395381,85686106.17
2025-07-02 14:00:00,5.953,5.955,5.935,5.936,16742571,99484356.88
2025-07-02 15:00:00,5.936,5.95,5.929,5.949,52850142,314070777.19
2025-07-03 10:30:00,5.947,5.974,5.935,5.943,44249480,263313905.65
2025-07-03 11:30:00,5.943,5.958,5.935,5.954,18672890,111085022.61
2025-07-03 14:00:00,5.953,5.977,5.949,5.975,30099481,179603603.13
2025-07-03 15:00:00,5.974,5.978,5.965,5.97,26733958,159628463.22
2025-07-04 10:30:00,5.958,5.968,5.94,5.95,37125862,220997881.2
2025-07-04 11:30:00,5.952,5.976,5.945,5.976,36925716,220286513.08
2025-07-04 14:00:00,5.977,6.025,5.973,5.991,42099493,252442593.19
2025-07-04 15:00:00,5.991,5.992,5.956,5.961,46466690,277390650.4
2025-07-07 10:30:00,5.957,5.966,5.941,5.955,29783476,177330816.1
2025-07-07 11:30:00,5.955,5.959,5.943,5.95,18781358,111761601.01
2025-07-07 14:00:00,5.95,5.962,5.941,5.955,14727876,87670136.54
2025-07-07 15:00:00,5.955,5.957,5.947,5.95,15411100,91716593.13
2025-07-08 10:30:00,5.951,6.01,5.948,5.997,57928277,346700737.84
2025-07-08 11:30:00,5.997,6.03,5.989,6.025,45420506,273189203.42
2025-07-08 14:00:00,6.025,6.038,6.015,6.036,34262295,206590218.08
2025-07-08 15:00:00,6.036,6.039,6.024,6.033,29873951,180199672.43
2025-07-09 10:30:00,6.032,6.044,6.025,6.041,71164410,429595821.7
2025-07-09 11:30:00,6.041,6.042,6.017,6.023,18603091,112127030.49
2025-07-09 14:00:00,6.023,6.036,6.022,6.032,20190439,121748347.17
2025-07-09 15:00:00,6.031,6.032,6.0,6.003,43238041,259932689.81
2025-07-10 10:30:00,6.005,6.02,5.997,6.02,39087030,235004253.37
2025-07-10 11:30:00,6.021,6.024,5.999,6.012,15921374,95713993.36
2025-07-10 14:00:00,6.012,6.035,6.012,6.034,19996375,120518152.12
2025-07-10 15:00:00,6.034,6.061,6.032,6.038,55319520,334332739.04
2025-07-11 10:30:00,6.035,6.087,6.017,6.079,60503583,366712216.56
2025-07-11 11:30:00,6.079,6.113,6.067,6.112,50850154,310050338.99
2025-07-11 14:00:00,6.112,6.125,6.099,6.106,73874775,451374875.25
2025-07-11 15:00:00,6.107,6.111,6.072,6.097,63889972,389302896.05
2025-07-14 10:30:00,6.088,6.099,6.081,6.084,55005871,334875742.65
2025-07-14 11:30:00,6.084,6.089,6.074,6.075,13150259,79944807.88
2025-07-14 14:00:00,6.075,6.089,6.07,6.087,12520854,76151834.03
2025-07-14 15:00:00,6.087,6.093,6.077,6.079,36175016,220052622.33
2025-07-15 10:30:00,6.066,6.111,6.054,6.07,44116095,268152330.78
2025-07-15 11:30:00,6.07,6.085,6.029,6.033,49573358,299869242.54
2025-07-15 14:00:00,6.034,6.058,6.032,6.056,27028226,163484729.67
2025-07-15 15:00:00,6.055,6.084,6.055,6.077,37547242,227986853.42
2025-07-16 10:30:00,6.074,6.128,6.071,6.093,78252101,477129143.83
2025-07-16 11:30:00,6.094,6.096,6.079,6.088,21221357,129188547.63
2025-07-16 14:00:00,6.091,6.091,6.055,6.081,18603073,113026070.52
2025-07-16 15:00:00,6.079,6.093,6.069,6.076,46061323,280022136.29
2025-07-17 10:30:00,6.075,6.119,6.069,6.101,40509416,246958903.07
2025-07-17 11:30:00,6.102,6.122,6.098,6.119,18027794,110203904.72
2025-07-17 14:00:00,6.119,6.144,6.114,6.137,21271761,130431347.86
2025-07-17 15:00:00,6.137,6.148,6.133,6.147,38297817,235250723.89
2025-07-18 10:30:00,6.148,6.183,6.145,6.159,99916363,615717934.26
2025-07-18 11:30:00,6.16,6.17,6.151,6.156,16829905,103655384.9
2025-07-18 14:00:00,6.156,6.158,6.135,6.139,20203283,124128970.75
2025-07-18 15:00:00,6.139,6.169,6.138,6.166,23875088,147014833.54
2025-07-21 10:30:00,6.171,6.223,6.17,6.211,91207679,565609220.04
2025-07-21 11:30:00,6.211,6.223,6.188,6.204,51889059,321971611.09
2025-07-21 14:00:00,6.202,6.221,6.191,6.21,38439924,238609421.58
2025-07-21 15:00:00,6.21,6.228,6.21,6.228,73474359,457157461.7
2025-07-22 10:30:00,6.229,6.243,6.218,6.225,85192773,530637385.43
2025-07-22 11:30:00,6.224,6.271,6.22,6.27,37640359,235390258.4
2025-07-22 14:00:00,6.27,6.29,6.255,6.262,34924833,218943778.08
2025-07-22 15:00:00,6.262,6.295,6.252,6.291,66020777,414566465.71
2025-07-23 10:30:00,6.295,6.315,6.271,6.297,103969197,654416782.32
2025-07-23 11:30:00,6.297,6.319,6.288,6.319,50990746,321683619.6
2025-07-23 14:00:00,6.32,6.334,6.302,6.304,58172431,367261947.71
2025-07-23 15:00:00,6.305,6.31,6.258,6.267,67170355,421717878.81
2025-07-24 10:30:00,6.258,6.318,6.257,6.305,71093110,447412638.93
2025-07-24 11:30:00,6.307,6.334,6.304,6.329,39707093,251041477.64
2025-07-24 14:00:00,6.33,6.349,6.319,6.33,39277733,248732790.51
2025-07-24 15:00:00,6.331,6.368,6.331,6.363,56959111,361918191.29
2025-07-25 10:30:00,6.367,6.377,6.349,6.361,191622132,1219163877.83
2025-07-25 11:30:00,6.362,6.375,6.339,6.352,41062475,260965716.12
2025-07-25 14:00:00,6.351,6.366,6.347,6.364,35201754,223847953.69
2025-07-25 15:00:00,6.366,6.371,6.347,6.363,49682850,315999486.95
2025-07-28 10:30:00,6.365,6.396,6.336,6.389,87272124,556243427.67
2025-07-28 11:30:00,6.39,6.403,6.359,6.361,31220794,199011747.89
2025-07-28 14:00:00,6.36,6.393,6.356,6.388,24188622,154299219.74
2025-07-28 15:00:00,6.388,6.392,6.37,6.391,59075674,377158794.71
2025-07-29 10:30:00,6.375,6.381,6.335,6.361,81603455,518916370.35
2025-07-29 11:30:00,6.361,6.391,6.352,6.377,42264396,269365083.84
2025-07-29 14:00:00,6.377,6.391,6.37,6.382,43046356,274678797.64
2025-07-29 15:00:00,6.382,6.432,6.382,6.432,46278740,296893543.35
2025-07-30 10:30:00,6.408,6.435,6.396,6.424,71213566,457072404.44
2025-07-30 11:30:00,6.424,6.441,6.42,6.422,40896548,262869378.36
2025-07-30 14:00:00,6.421,6.43,6.356,6.369,30268672,193265470.72
2025-07-30 15:00:00,6.37,6.405,6.34,6.39,46545839,296884876.42
2025-07-31 10:30:00,6.362,6.389,6.336,6.34,74795000,475322225.0
2025-07-31 11:30:00,6.34,6.36,6.325,6.353,37063538,235205212.15
2025-07-31 14:00:00,6.356,6.362,6.309,6.339,25051779,158744772.93
2025-07-31 15:00:00,6.34,6.34,6.273,6.3,61690607,388918150.06
2025-08-01 10:30:00,6.28,6.327,6.275,6.323,53392791,336819523.23
2025-08-01 11:30:00,6.323,6.328,6.281,6.282,23539120,148225838.64
2025-08-01 14:00:00,6.282,6.289,6.25,6.271,29703837,186243057.99
2025-08-01 15:00:00,6.271,6.29,6.265,6.288,51559850,323847417.85
2025-08-04 10:30:00,6.259,6.295,6.252,6.29,33839707,212479520.25
2025-08-04 11:30:00,6.289,6.293,6.275,6.28,20478139,128657321.29
2025-08-04 14:00:00,6.279,6.3,6.278,6.297,16389336,103116239.0
2025-08-04 15:00:00,6.298,6.336,6.297,6.336,33663493,212854266.24
2025-08-05 10:30:00,6.338,6.366,6.338,6.349,58949883,374390706.93
2025-08-05 11:30:00,6.35,6.353,6.338,6.349,24408894,154915113.92
2025-08-05 14:00:00,6.35,6.365,6.345,6.358,14245892,90546889.55
2025-08-05 15:00:00,6.359,6.378,6.358,6.377,23067815,146965049.36
2025-08-06 10:30:00,6.346,6.396,6.346,6.38,36395832,231987033.17
2025-08-06 11:30:00,6.38,6.419,6.375,6.418,38168459,244430811.44
2025-08-06 14:00:00,6.417,6.428,6.401,6.42,40761611,261540083.38
2025-08-06 15:00:00,6.421,6.434,6.42,6.428,56650608,364112341.15
2025-08-07 10:30:00,6.428,6.443,6.37,6.37,62190907,397669389.66
2025-08-07 11:30:00,6.371,6.409,6.366,6.408,32466625,207602422.46
2025-08-07 14:00:00,6.407,6.415,6.394,6.403,26654365,170694553.46
2025-08-07 15:00:00,6.403,6.415,6.392,6.41,40416482,258894511.53
2025-08-08 10:30:00,6.379,6.405,6.375,6.397,45070213,288103824.9
2025-08-08 11:30:00,6.397,6.422,6.396,6.416,24381008,156314769.29
2025-08-08 14:00:00,6.418,6.42,6.39,6.393,12887545,82493175.54
2025-08-08 15:00:00,6.394,6.408,6.393,6.395,21264752,136066059.8
2025-08-11 10:30:00,6.403,6.465,6.403,6.446,59289934,381708595.09
2025-08-11 11:30:00,6.446,6.481,6.442,6.476,45532444,294427960.39
2025-08-11 14:00:00,6.477,6.484,6.466,6.476,20850263,135012403.01
2025-08-11 15:00:00,6.477,6.482,6.452,6.465,41556134,268715814.49
2025-08-12 10:30:00,6.466,6.478,6.441,6.459,41328028,266951508.86
2025-08-12 11:30:00,6.459,6.475,6.439,6.475,20528635,132676568.0
2025-08-12 14:00:00,6.474,6.488,6.473,6.485,16054617,104066027.39
2025-08-12 15:00:00,6.485,6.498,6.48,6.496,28620518,185785322.51
2025-08-13 10:30:00,6.506,6.538,6.5,6.521,75800114,494191476.58
2025-08-13 11:30:00,6.522,6.577,6.519,6.574,32594184,213709199.76
2025-08-13 14:00:00,6.574,6.587,6.569,6.582,28586935,188082974.34
2025-08-13 15:00:00,6.583,6.596,6.558,6.583,42289309,278221363.91
2025-08-14 10:30:00,6.561,6.595,6.561,6.589,52123621,343060298.88
2025-08-14 11:30:00,6.589,6.597,6.553,6.553,29544508,194038480.37
2025-08-14 14:00:00,6.552,6.553,6.489,6.527,58330230,380488090.29
2025-08-14 15:00:00,6.527,6.549,6.509,6.514,83898553,547354159.77
2025-08-15 10:30:00,6.501,6.603,6.494,6.583,84399051,553657774.56
2025-08-15 11:30:00,6.584,6.624,6.582,6.624,33492660,221386482.6
2025-08-15 14:00:00,6.622,6.663,6.622,6.652,55462741,368586889.11
2025-08-15 15:00:00,6.654,6.66,6.629,6.66,55762250,370800375.08
2025-08-18 10:30:00,6.688,6.74,6.658,6.74,86951419,583675891.94
2025-08-18 11:30:00,6.738,6.797,6.737,6.79,150843845,1021916768.59
2025-08-18 14:00:00,6.79,6.801,6.744,6.752,56784523,384185154.44
2025-08-18 15:00:00,6.752,6.761,6.709,6.751,124103559,836499355.51
2025-08-19 10:30:00,6.748,6.779,6.716,6.744,92113598,621429036.64
2025-08-19 11:30:00,6.746,6.779,6.741,6.768,64266933,434615845.57
2025-08-19 14:00:00,6.768,6.786,6.727,6.729,49891539,336634844.15
2025-08-19 15:00:00,6.729,6.75,6.711,6.734,108493422,730341552.43
2025-08-20 10:30:00,6.714,6.739,6.667,6.731,102103245,685351014.86
2025-08-20 11:30:00,6.731,6.748,6.675,6.7,69493464,466138992.02
2025-08-20 14:00:00,6.699,6.755,6.688,6.754,28275799,190362104.13
2025-08-20 15:00:00,6.755,6.826,6.753,6.825,137787513,937138805.08
2025-08-21 10:30:00,6.836,6.856,6.779,6.81,110882956,755667345.14
2025-08-21 11:30:00,6.811,6.837,6.793,6.816,49022090,334101884.05
2025-08-21 14:00:00,6.816,6.836,6.796,6.802,18388142,125247764.54
2025-08-21 15:00:00,6.802,6.807,6.759,6.788,120037408,814413800.81
2025-08-22 10:30:00,6.785,6.847,6.785,6.824,200126652,1364596931.1
2025-08-22 11:30:00,6.825,6.869,6.824,6.858,65406764,448058135.65
2025-08-22 14:00:00,6.859,6.88,6.846,6.869,45613623,313137521.9
2025-08-22 15:00:00,6.87,6.921,6.869,6.92,532631462,3676932526.01
2025-08-25 10:30:00,6.962,7.042,6.953,7.038,219460725,1538639142.98
2025-08-25 11:30:00,7.038,7.065,6.975,6.996,164885582,1156177700.98
2025-08-25 14:00:00,6.995,6.996,6.944,6.978,336283641,2344793734.15
2025-08-25 15:00:00,6.978,7.056,6.965,7.038,160856826,1129161299.58
2025-08-26 10:30:00,7.01,7.066,6.995,7.038,208962113,1469630540.73
2025-08-26 11:30:00,7.039,7.089,7.027,7.085,105391728,744803341.78
2025-08-26 14:00:00,7.086,7.091,7.055,7.09,67366425,476864467.1
2025-08-26 15:00:00,7.09,7.102,7.028,7.046,117126157,826754500.21
2025-08-27 10:30:00,7.046,7.114,7.046,7.096,97100559,687989827.37
2025-08-27 11:30:00,7.097,7.159,7.088,7.153,81484265,581254423.67
2025-08-27 14:00:00,7.154,7.16,7.05,7.065,81201862,575856538.02
2025-08-27 15:00:00,7.066,7.1,6.944,6.954,172540525,1207668647.98
2025-08-28 10:30:00,6.953,7.011,6.95,7.006,136581991,954571535.1
2025-08-28 11:30:00,7.006,7.055,6.95,6.977,68795395,481154992.63
2025-08-28 14:00:00,6.979,6.99,6.883,6.962,69602778,483391293.21
2025-08-28 15:00:00,6.962,7.108,6.961,7.098,114546072,808198902.01
2025-08-29 10:30:00,7.094,7.156,7.069,7.148,225704160,1607991670.56
2025-08-29 11:30:00,7.148,7.18,7.107,7.128,55128347,393524517.0
2025-08-29 14:00:00,7.127,7.159,7.098,7.14,36749665,262110860.67
2025-08-29 15:00:00,7.139,7.154,7.113,7.145,31879743,227536352.37
2025-09-01 10:30:00,7.161,7.188,7.124,7.141,89755644,641842610.24
2025-09-01 11:30:00,7.142,7.196,7.133,7.155,28836891,206510588.75
2025-09-01 14:00:00,7.155,7.19,7.149,7.19,23763737,170536497.96
2025-09-01 15:00:00,7.191,7.21,7.184,7.21,40725038,293274573.65
2025-09-02 10:30:00,7.175,7.19,7.071,7.117,104435722,744208954.97
2025-09-02 11:30:00,7.118,7.123,7.015,7.042,44407474,313516766.44
2025-09-02 14:00:00,7.042,7.099,6.995,7.051,44862427,316205339.64
2025-09-02 15:00:00,7.048,7.074,7.005,7.06,51413779,362278624.76
2025-09-03 10:30:00,7.062,7.084,7.003,7.008,85650591,602266405.71
2025-09-03 11:30:00,7.007,7.064,6.97,6.98,54823466,384020104.84
2025-09-03 14:00:00,6.98,6.999,6.932,6.964,31706782,220837736.63
2025-09-03 15:00:00,6.964,7.014,6.915,6.941,68814611,478720310.52
2025-09-04 10:30:00,6.946,6.994,6.862,6.862,104654128,722741407.97
2025-09-04 11:30:00,6.862,6.867,6.79,6.805,88606269,604353825.43
2025-09-04 14:00:00,6.803,6.858,6.777,6.803,65587431,446825304.93
2025-09-04 15:00:00,6.803,6.803,6.689,6.78,68049560,459833560.11
2025-09-05 10:30:00,6.779,6.866,6.758,6.863,102716671,701452146.26
2025-09-05 11:30:00,6.861,6.907,6.858,6.89,76416776,526129502.76
2025-09-05 14:00:00,6.89,6.949,6.88,6.948,39859490,276053541.24
2025-09-05 15:00:00,6.949,7.023,6.948,7.011,88752292,620733530.25
2025-09-08 10:30:00,7.011,7.051,6.992,7.004,95421510,669445506.99
2025-09-08 11:30:00,7.004,7.028,6.971,7.021,55572114,389375278.76
2025-09-08 14:00:00,7.021,7.049,7.007,7.047,36100032,253939658.43
2025-09-08 15:00:00,7.048,7.084,7.034,7.073,45938086,324491326.81
2025-09-09 10:30:00,7.051,7.077,7.012,7.059,47217741,332853595.56
2025-09-09 11:30:00,7.059,7.071,7.012,7.022,25032186,176101428.51
2025-09-09 14:00:00,7.023,7.029,6.973,6.976,29594234,206942613.62
2025-09-09 15:00:00,6.976,7.018,6.965,7.007,37745955,264095865.15
2025-09-10 10:30:00,6.994,7.063,6.976,6.976,55403423,388100978.12
2025-09-10 11:30:00,6.977,7.015,6.951,7.004,24815513,173460435.87
2025-09-10 14:00:00,7.004,7.03,6.995,7.012,13595078,95333218.63
2025-09-10 15:00:00,7.013,7.041,6.996,7.003,27758471,194679409.95
2025-09-11 10:30:00,7.0,7.054,6.957,7.051,78986605,554538624.84
2025-09-11 11:30:00,7.051,7.164,7.046,7.164,112881742,804244784.5
2025-09-11 14:00:00,7.163,7.178,7.138,7.17,62707718,449112676.32
2025-09-11 15:00:00,7.17,7.229,7.167,7.228,217142243,1565161287.54
2025-09-12 10:30:00,7.227,7.283,7.209,7.279,108825190,789744403.83
2025-09-12 11:30:00,7.28,7.291,7.219,7.265,49030284,355878144.7
2025-09-12 14:00:00,7.267,7.301,7.253,7.278,30016663,218441262.21
2025-09-12 15:00:00,7.278,7.278,7.23,7.245,71505282,518484799.78
2025-09-15 10:30:00,7.252,7.258,7.209,7.235,148528445,1074454771.13
2025-09-15 11:30:00,7.235,7.256,7.221,7.242,98861547,715724646.43
2025-09-15 14:00:00,7.241,7.262,7.238,7.253,37241410,270037463.91
2025-09-15 15:00:00,7.253,7.261,7.222,7.224,71980664,520828091.15
2025-09-16 10:30:00,7.228,7.287,7.211,7.224,107460882,778088426.27
2025-09-16 11:30:00,7.225,7.236,7.165,7.23,55412589,399543237.55
2025-09-16 14:00:00,7.23,7.278,7.216,7.278,41286236,299627976.73
2025-09-16 15:00:00,7.279,7.294,7.26,7.284,31965798,232689698.91
2025-09-17 10:30:00,7.266,7.317,7.246,7.25,62289397,452906205.59
2025-09-17 11:30:00,7.25,7.354,7.243,7.341,44832406,327844440.94
2025-09-17 14:00:00,7.34,7.358,7.313,7.358,18874871,138598177.75
2025-09-17 15:00:00,7.358,7.363,7.33,7.358,32686944,240259934.05
2025-09-18 10:30:00,7.352,7.447,7.323,7.441,87145995,645199898.31
2025-09-18 11:30:00,7.44,7.448,7.4,7.444,44197825,328419304.97
2025-09-18 14:00:00,7.445,7.448,7.342,7.343,36908047,272295268.08
2025-09-18 15:00:00,7.343,7.346,7.2,7.291,170166314,1238640599.61
2025-09-19 10:30:00,7.279,7.32,7.264,7.315,77880313,568500324.8
2025-09-19 11:30:00,7.315,7.318,7.261,7.304,44811518,326870149.46
2025-09-19 14:00:00,7.304,7.326,7.23,7.247,41150811,299070377.41
2025-09-19 15:00:00,7.247,7.303,7.237,7.261,121709613,884463757.67
2025-09-22 10:30:00,7.259,7.29,7.226,7.286,122448712,889875606.34
2025-09-22 11:30:00,7.286,7.297,7.252,7.282,37011026,269329236.2
2025-09-22 14:00:00,7.282,7.296,7.265,7.27,21003559,152842898.84
2025-09-22 15:00:00,7.271,7.32,7.251,7.32,55154829,402464787.21
2025-09-23 10:30:00,7.318,7.335,7.18,7.186,136693621,988796089.77
2025-09-23 11:30:00,7.186,7.233,7.152,7.153,49823436,357699054.86
2025-09-23 14:00:00,7.153,7.199,7.14,7.173,29043455,208260934.65
2025-09-23 15:00:00,7.173,7.281,7.142,7.279,47401600,342903174.4
2025-09-24 10:30:00,7.232,7.315,7.227,7.292,71033243,516979942.55
2025-09-24 11:30:00,7.292,7.388,7.272,7.388,53009817,389586815.07
2025-09-24 14:00:00,7.389,7.431,7.356,7.406,50741267,375366979.51
2025-09-24 15:00:00,7.407,7.436,7.396,7.432,44669155,331504688.97
2025-09-25 10:30:00,7.43,7.472,7.415,7.457,67348603,501612395.14
2025-09-25 11:30:00,7.457,7.478,7.452,7.471,22698161,169487168.19
2025-09-25 14:00:00,7.471,7.471,7.427,7.457,36171807,269540248.5
2025-09-25 15:00:00,7.46,7.478,7.439,7.439,37806462,281733754.82
2025-09-26 10:30:00,7.401,7.455,7.39,7.405,88878748,659184047.67
2025-09-26 11:30:00,7.407,7.445,7.391,7.403,28399596,210526205.15
2025-09-26 14:00:00,7.402,7.414,7.366,7.367,16630651,122773009.23
2025-09-26 15:00:00,7.367,7.38,7.333,7.335,87094142,640083880.94
2025-09-29 10:30:00,7.335,7.399,7.312,7.397,60491726,445783692.8
2025-09-29 11:30:00,7.397,7.413,7.375,7.379,39773454,293886051.61
2025-09-29 14:00:00,7.379,7.48,7.378,7.473,93204062,693779969.51
2025-09-29 15:00:00,7.473,7.491,7.412,7.463,139470787,1039801207.35
2025-09-30 10:30:00,7.463,7.533,7.463,7.488,146870374,1100744496.34
2025-09-30 11:30:00,7.49,7.526,7.476,7.51,46703591,350463746.86
2025-09-30 14:00:00,7.51,7.528,7.482,7.496,25838118,193837561.24
2025-09-30 15:00:00,7.496,7.532,7.492,7.521,49919775,375147109.12
2025-10-09 10:30:00,7.553,7.636,7.54,7.636,100407647,763499747.79
2025-10-09 11:30:00,7.636,7.678,7.631,7.658,70457947,539402556.25
2025-10-09 14:00:00,7.658,7.67,7.635,7.66,26602642,203643224.51
2025-10-09 15:00:00,7.66,7.67,7.633,7.651,49862196,381512282.33
2025-10-10 10:30:00,7.611,7.619,7.533,7.581,133084546,1008470328.07
2025-10-10 11:30:00,7.581,7.602,7.521,7.54,29283368,221216322.99
2025-10-10 14:00:00,7.54,7.546,7.512,7.546,28010800,211052041.07
2025-10-10 15:00:00,7.547,7.555,7.479,7.506,101149009,759966220.95
2025-10-13 10:30:00,7.29,7.43,7.29,7.408,164359899,1212318615.02
2025-10-13 11:30:00,7.408,7.438,7.362,7.363,34490158,254801790.58
2025-10-13 14:00:00,7.363,7.442,7.334,7.44,46878417,347150304.02
2025-10-13 15:00:00,7.439,7.488,7.422,7.47,140809207,1050436684.22
2025-10-14 10:30:00,7.51,7.553,7.455,7.456,147040692,1101040701.7
2025-10-14 11:30:00,7.456,7.459,7.369,7.39,125316765,928095961.59
2025-10-14 14:00:00,7.394,7.41,7.339,7.34,71704912,527963267.06
2025-10-14 15:00:00,7.34,7.34,7.259,7.29,81954126,597964621.34
2025-10-15 10:30:00,7.288,7.36,7.256,7.329,105678304,773036793.76
2025-10-15 11:30:00,7.329,7.335,7.253,7.283,43492983,317078343.73
2025-10-15 14:00:00,7.283,7.355,7.28,7.352,34051121,249560665.81
2025-10-15 15:00:00,7.351,7.399,7.338,7.391,63345017,467232845.39
2025-10-16 10:30:00,7.32,7.393,7.32,7.369,112939887,831312861.58
2025-10-16 11:30:00,7.369,7.399,7.352,7.358,30804348,227017776.64
2025-10-16 14:00:00,7.359,7.367,7.301,7.308,58303640,427093597.55
2025-10-16 15:00:00,7.308,7.338,7.296,7.338,73025936,534841955.26
2025-10-17 10:30:00,7.318,7.359,7.203,7.218,120372832,873906760.32
2025-10-17 11:30:00,7.219,7.255,7.188,7.192,44064948,317781716.66
2025-10-17 14:00:00,7.192,7.195,7.162,7.164,47035162,337414573.8
2025-10-17 15:00:00,7.164,7.181,7.102,7.114,90002433,641927352.97
2025-10-20 10:30:00,7.174,7.233,7.152,7.203,188745911,1358215575.56
2025-10-20 11:30:00,7.203,7.22,7.176,7.191,60970456,438723077.89
2025-10-20 14:00:00,7.191,7.197,7.14,7.165,29806197,213630949.3
2025-10-20 15:00:00,7.163,7.163,7.126,7.159,76726820,548545611.79
2025-10-21 10:30:00,7.182,7.268,7.177,7.261,161959713,1171832510.13
2025-10-21 11:30:00,7.261,7.295,7.25,7.28,84718481,616326949.28
2025-10-21 14:00:00,7.28,7.291,7.26,7.274,29436320,214149228.0
2025-10-21 15:00:00,7.274,7.289,7.271,7.28,208991846,1521460638.88
2025-10-22 10:30:00,7.25,7.261,7.202,7.26,99015751,716973052.99
2025-10-22 11:30:00,7.26,7.261,7.216,7.219,17456130,126242732.16
2025-10-22 14:00:00,7.219,7.258,7.215,7.225,94764536,685400300.71
2025-10-22 15:00:00,7.225,7.234,7.214,7.224,60135083,434415839.59
2025-10-23 10:30:00,7.202,7.213,7.114,7.144,98921039,707977876.12
2025-10-23 11:30:00,7.143,7.18,7.129,7.149,43700032,312571762.22
2025-10-23 14:00:00,7.148,7.16,7.133,7.151,12013745,85874249.26
2025-10-23 15:00:00,7.153,7.254,7.151,7.248,48738549,351778600.5
2025-10-24 10:30:00,7.274,7.327,7.274,7.284,95320140,695360421.3
2025-10-24 11:30:00,7.284,7.322,7.268,7.311,41079839,299896517.98
2025-10-24 14:00:00,7.311,7.346,7.304,7.334,38807428,284380832.38
2025-10-24 15:00:00,7.334,7.372,7.323,7.371,52262979,384411631.54
2025-10-27 10:30:00,7.433,7.486,7.424,7.426,82488907,614157408.92
2025-10-27 11:30:00,7.426,7.463,7.402,7.461,19426330,144570747.86
2025-10-27 14:00:00,7.46,7.481,7.443,7.449,27302053,203609610.59
2025-10-27 15:00:00,7.45,7.491,7.447,7.479,85068132,635657438.35
2025-10-28 10:30:00,7.468,7.493,7.447,7.467,74474962,556253491.18
2025-10-28 11:30:00,7.469,7.514,7.459,7.505,25956690,194484825.94
2025-10-28 14:00:00,7.505,7.505,7.41,7.45,38769124,289023819.42
2025-10-28 15:00:00,7.45,7.464,7.435,7.443,31248664,232719217.03
2025-10-29 10:30:00,7.452,7.518,7.45,7.497,76957615,576284273.66
2025-10-29 11:30:00,7.497,7.545,7.49,7.533,23690780,178217841.01
2025-10-29 14:00:00,7.533,7.566,7.523,7.546,30620932,231034931.94
2025-10-29 15:00:00,7.546,7.596,7.541,7.595,74922940,567716090.69
2025-10-30 10:30:00,7.586,7.586,7.497,7.537,78176958,589454263.32
2025-10-30 11:30:00,7.538,7.57,7.527,7.558,44761524,338024108.74
2025-10-30 14:00:00,7.558,7.559,7.476,7.549,51984045,391335890.76
2025-10-30 15:00:00,7.549,7.551,7.493,7.497,64852844,487282652.2
2025-10-31 10:30:00,7.494,7.545,7.464,7.497,135966020,1020017082.04
2025-10-31 11:30:00,7.497,7.5,7.45,7.455,38302920,286058974.2
2025-10-31 14:00:00,7.457,7.479,7.434,7.453,33288054,248173538.59
2025-10-31 15:00:00,7.453,7.478,7.435,7.438,31969383,238182559.81
2025-11-03 10:30:00,7.427,7.434,7.33,7.331,107393386,790952287.89
2025-11-03 11:30:00,7.331,7.374,7.312,7.351,54647549,401422679.1
2025-11-03 14:00:00,7.35,7.436,7.348,7.436,29928550,221670793.67
2025-11-03 15:00:00,7.436,7.448,7.418,7.438,62129521,461912278.79
2025-11-04 10:30:00,7.42,7.425,7.35,7.356,129595253,956024181.38
2025-11-04 11:30:00,7.355,7.359,7.322,7.334,41753802,306403317.01
2025-11-04 14:00:00,7.333,7.334,7.295,7.308,65743700,480739848.97
2025-11-04 15:00:00,7.309,7.328,7.268,7.312,60790229,443930778.98
2025-11-05 10:30:00,7.2,7.269,7.2,7.247,57555699,416626519.83
2025-11-05 11:30:00,7.246,7.318,7.228,7.308,23375751,170284554.12
2025-11-05 14:00:00,7.308,7.359,7.308,7.333,22797344,167180522.67
2025-11-05 15:00:00,7.333,7.358,7.325,7.331,39566760,290340884.88
2025-11-06 10:30:00,7.335,7.415,7.335,7.413,60138957,444286568.0
2025-11-06 11:30:00,7.414,7.449,7.412,7.433,40546951,301317908.53
2025-11-06 14:00:00,7.429,7.444,7.417,7.443,29094273,216306221.66
2025-11-06 15:00:00,7.443,7.464,7.434,7.455,44214547,329442589.7
2025-11-07 10:30:00,7.42,7.441,7.383,7.436,50685178,376084020.76
2025-11-07 11:30:00,7.437,7.476,7.43,7.447,22184217,165294600.87
2025-11-07 14:00:00,7.446,7.476,7.434,7.441,12068178,89911948.83
2025-11-07 15:00:00,7.443,7.455,7.429,7.44,18814388,140004132.57
2025-11-10 10:30:00,7.475,7.502,7.396,7.42,55609716,413699213.9
2025-11-10 11:30:00,7.421,7.43,7.39,7.394,22126132,163836632.08
2025-11-10 14:00:00,7.394,7.44,7.392,7.404,11834069,87714119.43
2025-11-10 15:00:00,7.404,7.459,7.401,7.446,22765301,169267601.37
2025-11-11 10:30:00,7.468,7.495,7.416,7.418,63401651,471898488.39
2025-11-11 11:30:00,7.418,7.429,7.399,7.416,47978301,355743109.15
2025-11-11 14:00:00,7.418,7.423,7.381,7.39,26832102,198503890.6
2025-11-11 15:00:00,7.39,7.425,7.381,7.394,19485817,144195045.8
2025-11-12 10:30:00,7.368,7.417,7.316,7.375,44745202,329742308.61
2025-11-12 11:30:00,7.375,7.376,7.306,7.307,22689091,166303474.0
2025-11-12 14:00:00,7.307,7.344,7.288,7.331,28810542,210921977.98
2025-11-12 15:00:00,7.331,7.368,7.322,7.358,37972678,279073868.18
2025-11-13 10:30:00,7.337,7.435,7.337,7.427,76703508,567580391.36
2025-11-13 11:30:00,7.427,7.481,7.427,7.475,47900263,357383862.24
2025-11-13 14:00:00,7.475,7.477,7.428,7.434,29105979,216732821.63
2025-11-13 15:00:00,7.434,7.466,7.419,7.466,34951926,260403499.34
2025-11-14 10:30:00,7.403,7.431,7.369,7.431,56324233,417381341.27
2025-11-14 11:30:00,7.431,7.435,7.391,7.395,19651690,145560067.83
2025-11-14 14:00:00,7.398,7.408,7.383,7.401,21085924,155979608.47
2025-11-14 15:00:00,7.401,7.418,7.335,7.336,58537124,431008844.01
2025-11-17 10:30:00,7.334,7.374,7.31,7.325,65654125,481660545.71
2025-11-17 11:30:00,7.326,7.365,7.316,7.32,61531642,451252551.88
2025-11-17 14:00:00,7.32,7.341,7.318,7.321,18569830,136054954.47
2025-11-17 15:00:00,7.321,7.355,7.308,7.336,74048793,542999799.07
2025-11-18 10:30:00,7.31,7.335,7.272,7.31,64921817,474297154.4
2025-11-18 11:30:00,7.31,7.317,7.265,7.28,33801618,246323657.57
2025-11-18 14:00:00,7.28,7.28,7.242,7.249,38008015,275824164.86
2025-11-18 15:00:00,7.249,7.267,7.217,7.262,128689218,932825244.88
2025-11-19 10:30:00,7.252,7.293,7.227,7.238,90974377,659806831.59
2025-11-19 11:30:00,7.239,7.267,7.195,7.2,42122210,304150437.67
2025-11-19 14:00:00,7.201,7.234,7.193,7.234,51244073,369999288.42
2025-11-19 15:00:00,7.234,7.26,7.206,7.228,62451724,451609233.49
2025-11-20 10:30:00,7.27,7.293,7.206,7.208,78556097,568405732.53
2025-11-20 11:30:00,7.208,7.215,7.187,7.212,24151739,174005228.92
2025-11-20 14:00:00,7.213,7.22,7.17,7.18,33619345,241723090.55
2025-11-20 15:00:00,7.183,7.197,7.163,7.171,166913593,1197938856.96
2025-11-21 10:30:00,7.098,7.131,6.983,6.983,344289495,2421158492.0
2025-11-21 11:30:00,6.983,6.993,6.93,6.978,140722298,980412250.17
2025-11-21 14:00:00,6.977,7.025,6.964,6.972,94096449,657451889.16
2025-11-21 15:00:00,6.972,6.987,6.918,6.919,176248597,1223400261.31
2025-11-24 10:30:00,6.96,6.966,6.915,6.934,169166777,1173735487.75
2025-11-24 11:30:00,6.935,6.951,6.903,6.911,31140070,215541184.52
2025-11-24 14:00:00,6.909,7.005,6.909,6.99,112374706,783026951.41
2025-11-24 15:00:00,6.99,7.006,6.962,6.97,102084149,712479303.92
2025-11-25 10:30:00,7.016,7.11,7.014,7.11,222902808,1577706075.02
2025-11-25 11:30:00,7.11,7.126,7.081,7.097,55570818,394626902.22
2025-11-25 14:00:00,7.095,7.095,7.05,7.073,106095357,750377094.94
2025-11-25 15:00:00,7.074,7.076,7.046,7.057,219789473,1551640416.22
2025-11-26 10:30:00,7.055,7.118,7.038,7.087,93426759,661554880.48
2025-11-26 11:30:00,7.088,7.124,7.076,7.11,65886898,468016598.79
2025-11-26 14:00:00,7.11,7.117,7.075,7.08,127054871,900903738.64
2025-11-26 15:00:00,7.081,7.085,7.057,7.069,127560887,901897991.39
2025-11-27 10:30:00,7.065,7.154,7.065,7.123,58363014,415194481.6
2025-11-27 11:30:00,7.123,7.141,7.09,7.09,24140453,171566199.47
2025-11-27 14:00:00,7.091,7.119,7.089,7.1,17471569,124094730.75
2025-11-27 15:00:00,7.101,7.102,7.04,7.052,88567516,625699978.03
2025-11-28 10:30:00,7.048,7.116,7.042,7.094,44863028,317809690.35
2025-11-28 11:30:00,7.095,7.12,7.083,7.116,16423336,116709700.06
2025-11-28 14:00:00,7.116,7.127,7.096,7.12,14260651,101455024.76
2025-11-28 15:00:00,7.12,7.144,7.114,7.136,101786160,725871035.68
2025-12-01 10:30:00,7.152,7.197,7.138,7.167,47656793,341572121.03
2025-12-01 11:30:00,7.167,7.194,7.163,7.188,20506490,147270775.68
2025-12-01 14:00:00,7.188,7.192,7.17,7.186,14509935,104220026.46
2025-12-01 15:00:00,7.186,7.203,7.182,7.201,49333034,354967623.97
2025-12-02 10:30:00,7.154,7.188,7.143,7.152,48051534,344097034.97
2025-12-02 11:30:00,7.15,7.167,7.135,7.137,35268499,252040450.02
2025-12-02 14:00:00,7.137,7.146,7.123,7.135,29980375,213899982.17
2025-12-02 15:00:00,7.135,7.148,7.13,7.142,37069246,264674416.44
2025-12-03 10:30:00,7.145,7.17,7.121,7.122,41330783,295005352.13
2025-12-03 11:30:00,7.122,7.139,7.101,7.134,21693450,154558600.1
2025-12-03 14:00:00,7.133,7.147,7.098,7.098,14637049,104132845.6
2025-12-03 15:00:00,7.099,7.104,7.078,7.104,43662753,309801786.79
2025-12-04 10:30:00,7.1,7.125,7.06,7.096,43401399,307875057.37
2025-12-04 11:30:00,7.097,7.15,7.093,7.124,24724667,176097319.93
2025-12-04 14:00:00,7.125,7.131,7.105,7.111,18253964,129889123.17
2025-12-04 15:00:00,7.112,7.129,7.109,7.128,35991067,256328379.17
2025-12-05 10:30:00,7.122,7.135,7.067,7.114,65150355,462914989.06
2025-12-05 11:30:00,7.115,7.173,7.113,7.154,33309143,238049341.97
2025-12-05 14:00:00,7.153,7.213,7.139,7.212,62579214,449819390.23
2025-12-05 15:00:00,7.213,7.219,7.203,7.216,147487350,1063777093.1
2025-12-08 10:30:00,7.238,7.279,7.229,7.264,142711245,1035703075.38
2025-12-08 11:30:00,7.264,7.281,7.254,7.274,55593960,404149557.88
2025-12-08 14:00:00,7.273,7.305,7.27,7.285,38878569,283295172.78
2025-12-08 15:00:00,7.285,7.293,7.271,7.278,45624299,332175312.92
2025-12-09 10:30:00,7.256,7.29,7.25,7.253,59403988,431530370.16
2025-12-09 11:30:00,7.254,7.268,7.236,7.254,56753654,411615334.58
2025-12-09 14:00:00,7.25,7.254,7.216,7.22,29948710,216529173.3
2025-12-09 15:00:00,7.22,7.231,7.211,7.222,46329230,334558812.91
2025-12-10 10:30:00,7.225,7.229,7.172,7.197,106582233,767321022.78
2025-12-10 11:30:00,7.197,7.229,7.193,7.205,58022140,418281607.26
2025-12-10 14:00:00,7.204,7.231,7.191,7.225,23331747,168354109.1
2025-12-10 15:00:00,7.226,7.28,7.223,7.262,71621712,519615520.56
2025-12-11 10:30:00,7.275,7.284,7.251,7.272,41040650,298324484.85
2025-12-11 11:30:00,7.273,7.275,7.227,7.227,24508010,177511516.43
2025-12-11 14:00:00,7.228,7.231,7.203,7.221,40464665,292087440.19
2025-12-11 15:00:00,7.221,7.234,7.196,7.197,80125073,577621651.26
2025-12-12 10:30:00,7.217,7.226,7.184,7.212,123312127,888751603.33
2025-12-12 11:30:00,7.214,7.273,7.202,7.254,91496542,662709453.71
2025-12-12 14:00:00,7.254,7.294,7.25,7.293,63086074,459203532.65
2025-12-12 15:00:00,7.295,7.304,7.28,7.286,97633739,711749957.31
2025-12-15 10:30:00,7.25,7.281,7.237,7.277,77299739,561582603.84
2025-12-15 11:30:00,7.277,7.299,7.249,7.249,41550797,301894240.74
2025-12-15 14:00:00,7.248,7.261,7.229,7.255,21257761,154083337.65
2025-12-15 15:00:00,7.256,7.262,7.231,7.235,34677551,251157942.71
2025-12-16 10:30:00,7.22,7.22,7.104,7.126,127251952,909851456.8
2025-12-16 11:30:00,7.126,7.127,7.076,7.078,47757353,338774743.06
2025-12-16 14:00:00,7.08,7.133,7.076,7.109,42134935,299410848.11
2025-12-16 15:00:00,7.109,7.133,7.1,7.124,45757115,325744901.68
2025-12-17 10:30:00,7.12,7.165,7.1,7.132,59441846,423959059.62
2025-12-17 11:30:00,7.132,7.149,7.113,7.135,24470147,174529245.12
2025-12-17 14:00:00,7.135,7.24,7.127,7.24,75090057,540823620.53
2025-12-17 15:00:00,7.24,7.287,7.239,7.262,140632314,1021365619.14
2025-12-18 10:30:00,7.225,7.295,7.219,7.26,76991702,558805773.12
2025-12-18 11:30:00,7.262,7.277,7.242,7.25,55623472,403622453.99
2025-12-18 14:00:00,7.252,7.28,7.224,7.227,54075860,391707504.55
2025-12-18 15:00:00,7.228,7.241,7.219,7.222,64799067,468324456.9
2025-12-19 10:30:00,7.238,7.312,7.231,7.304,118937284,866140947.85
2025-12-19 11:30:00,7.304,7.318,7.281,7.303,57596731,420494534.12
2025-12-19 14:00:00,7.303,7.315,7.284,7.284,29030693,211759551.64
2025-12-19 15:00:00,7.284,7.296,7.271,7.285,45402489,330711729.88
2025-12-22 10:30:00,7.32,7.386,7.32,7.378,77434980,570024699.44
2025-12-22 11:30:00,7.379,7.397,7.366,7.379,23290624,171900332.2
2025-12-22 14:00:00,7.379,7.388,7.367,7.374,55126220,406629374.13
2025-12-22 15:00:00,7.375,7.385,7.363,7.367,125895637,928060670.75
2025-12-23 10:30:00,7.364,7.393,7.349,7.383,69195882,510319629.75
2025-12-23 11:30:00,7.383,7.417,7.372,7.4,27814513,205725409.65
2025-12-23 14:00:00,7.399,7.4,7.364,7.37,24099265,177804377.17
2025-12-23 15:00:00,7.37,7.381,7.35,7.376,63949832,471246312.01
2025-12-24 10:30:00,7.373,7.413,7.363,7.404,49835886,368453317.16
2025-12-24 11:30:00,7.404,7.446,7.398,7.436,58172266,432026028.83
2025-12-24 14:00:00,7.436,7.492,7.43,7.47,110180315,822385871.16
2025-12-24 15:00:00,7.469,7.482,7.464,7.473,132178882,987772785.19
2025-12-25 10:30:00,7.469,7.502,7.452,7.468,77363502,578214813.95
2025-12-25 11:30:00,7.468,7.498,7.466,7.492,41672429,311932021.87
2025-12-25 14:00:00,7.492,7.542,7.489,7.534,39110954,294179559.0
2025-12-25 15:00:00,7.535,7.555,7.53,7.536,128814734,971306032.6
2025-12-26 10:30:00,7.544,7.598,7.544,7.594,165121559,1251401255.14
2025-12-26 11:30:00,7.594,7.616,7.527,7.54,201991734,1527259500.77
2025-12-26 14:00:00,7.541,7.609,7.528,7.599,72438697,548988738.33
2025-12-26 15:00:00,7.599,7.61,7.562,7.58,75178084,570150589.06
2025-12-29 10:30:00,7.579,7.602,7.552,7.59,101761449,771487465.35
2025-12-29 11:30:00,7.59,7.61,7.572,7.589,82110386,623245199.87
2025-12-29 14:00:00,7.589,7.591,7.563,7.563,64123231,485562479.54
2025-12-29 15:00:00,7.564,7.57,7.531,7.549,89808983,678057821.65
2025-12-30 10:30:00,7.512,7.59,7.512,7.572,80195190,606115246.02
2025-12-30 11:30:00,7.572,7.593,7.566,7.576,32113416,243366170.92
2025-12-30 14:00:00,7.575,7.625,7.561,7.587,67577954,512984248.81
2025-12-30 15:00:00,7.587,7.608,7.577,7.581,61591376,467396422.01
2025-12-31 10:30:00,7.597,7.611,7.562,7.599,141741885,1075915401.74
2025-12-31 11:30:00,7.599,7.6,7.564,7.566,50359079,381553955.22
2025-12-31 14:00:00,7.566,7.607,7.551,7.585,55938240,424067797.44
2025-12-31 15:00:00,7.584,7.604,7.575,7.588,198314233,1505006714.24
2026-01-05 10:30:00,7.642,7.74,7.64,7.74,88974114,685693838.56
2026-01-05 11:30:00,7.739,7.76,7.732,7.755,65600120,508335329.88
2026-01-05 14:00:00,7.755,7.768,7.733,7.765,41447287,321437526.45
2026-01-05 15:00:00,7.764,7.794,7.763,7.793,80349900,625390055.0
2026-01-06 10:30:00,7.797,7.899,7.797,7.872,200338414,1573858580.38
2026-01-06 11:30:00,7.871,7.905,7.838,7.895,40912353,322362066.74
2026-01-06 14:00:00,7.895,7.926,7.881,7.908,47266890,373644765.45
2026-01-06 15:00:00,7.908,7.965,7.902,7.964,67559030,536666414.64
2026-01-07 10:30:00,7.969,8.031,7.954,8.0,146480591,1171112325.04
2026-01-07 11:30:00,8.0,8.04,7.993,8.03,50437211,404556869.43
2026-01-07 14:00:00,8.031,8.032,7.964,7.993,79179475,633145475.26
2026-01-07 15:00:00,7.993,8.023,7.984,8.0,155489526,1244279016.89
2026-01-08 10:30:00,7.974,8.058,7.972,8.033,124230037,996449126.78
2026-01-08 11:30:00,8.033,8.078,8.023,8.05,68192361,548971236.84
2026-01-08 14:00:00,8.049,8.07,8.02,8.044,82091235,660396621.83
2026-01-08 15:00:00,8.045,8.045,7.983,8.024,107717428,863606526.09
2026-01-09 10:30:00,8.024,8.201,8.023,8.189,161238867,1312108153.36
2026-01-09 11:30:00,8.189,8.218,8.117,8.128,115495528,941789033.82
2026-01-09 14:00:00,8.128,8.184,8.103,8.178,79351079,647108049.24
2026-01-09 15:00:00,8.179,8.223,8.153,8.217,169118053,1386373425.81
2026-01-12 10:30:00,8.27,8.335,8.235,8.268,194352700,1609110787.53
2026-01-12 11:30:00,8.267,8.378,8.255,8.374,72214797,601958476.19
2026-01-12 14:00:00,8.374,8.396,8.29,8.396,133013707,1112083266.32
2026-01-12 15:00:00,8.396,8.448,8.384,8.415,171938652,1446978382.35
2026-01-13 10:30:00,8.437,8.44,8.29,8.321,228891813,1911322935.82
2026-01-13 11:30:00,8.321,8.407,8.29,8.356,91818889,766779542.04
2026-01-13 14:00:00,8.361,8.376,8.282,8.34,83864704,698816623.53
2026-01-13 15:00:00,8.341,8.353,8.259,8.306,119458577,992222940.56
2026-01-14 10:30:00,8.308,8.514,8.308,8.509,438836950,3705392926.82
2026-01-14 11:30:00,8.509,8.536,8.488,8.524,223057572,1899558283.15
2026-01-14 14:00:00,8.523,8.524,8.269,8.272,353841064,2956342089.72
2026-01-14 15:00:00,8.272,8.409,8.25,8.367,333340626,2780727502.09
2026-01-15 10:30:00,8.3,8.39,8.285,8.32,597789103,4980579543.16
2026-01-15 11:30:00,8.321,8.344,8.269,8.287,738202483,6127080608.9
2026-01-15 14:00:00,8.286,8.34,8.265,8.304,340004953,2823061124.76
2026-01-15 15:00:00,8.304,8.344,8.274,8.342,1491303916,12407648581.12
2026-01-16 10:30:00,8.318,8.353,8.244,8.266,895002602,7417483231.18
2026-01-16 11:30:00,8.269,8.308,8.244,8.251,640487465,5295336864.8
2026-01-16 14:00:00,8.251,8.331,8.24,8.308,373339598,3096105286.21
2026-01-16 15:00:00,8.308,8.309,8.264,8.295,141925296,1176466086.98
2026-01-19 10:30:00,8.27,8.397,8.25,8.349,485396953,4044327412.4
2026-01-19 11:30:00,8.35,8.379,8.311,8.355,313513546,2617315586.52
2026-01-19 14:00:00,8.355,8.386,8.321,8.346,523411492,4371009369.69
2026-01-19 15:00:00,8.346,8.372,8.337,8.347,199263696,1664250388.99
2026-01-20 10:30:00,8.356,8.414,8.201,8.225,804122428,6658133703.84
2026-01-20 11:30:00,8.225,8.298,8.201,8.26,373049029,3078773636.34
2026-01-20 14:00:00,8.26,8.327,8.239,8.297,329163481,2727997209.37
2026-01-20 15:00:00,8.298,8.325,8.258,8.325,107920944,896031624.38
2026-01-21 10:30:00,8.282,8.422,8.28,8.421,217808347,1823999700.56
2026-01-21 11:30:00,8.422,8.43,8.381,8.383,397343077,3336887160.65
2026-01-21 14:00:00,8.382,8.424,8.378,8.42,249921411,2101172609.41
2026-01-21 15:00:00,8.42,8.435,8.404,8.433,169021277,1423835237.45
2026-01-22 10:30:00,8.46,8.496,8.419,8.443,171462755,1449317513.76
2026-01-22 11:30:00,8.445,8.455,8.417,8.422,105598130,890333033.41
2026-01-22 14:00:00,8.422,8.443,8.404,8.437,102994053,868033878.68
2026-01-22 15:00:00,8.438,8.475,8.429,8.473,100801948,852683678.13
2026-01-23 10:30:00,8.505,8.607,8.493,8.58,211633671,1811584223.76
2026-01-23 11:30:00,8.581,8.623,8.568,8.608,124979916,1074785617.63
2026-01-23 14:00:00,8.607,8.677,8.602,8.673,118768352,1027425423.7
2026-01-23 15:00:00,8.671,8.725,8.663,8.722,213963653,1862196993.28
2026-01-26 10:30:00,8.763,8.787,8.584,8.596,593747174,5139277622.42
2026-01-26 11:30:00,8.596,8.627,8.55,8.591,462110701,3969222847.79
2026-01-26 14:00:00,8.588,8.602,8.517,8.552,404417413,3460599803.04
2026-01-26 15:00:00,8.553,8.609,8.536,8.564,206451194,1769217915.52
2026-01-27 10:30:00,8.542,8.594,8.437,8.48,430958767,3664729701.65
2026-01-27 11:30:00,8.481,8.554,8.477,8.518,182061422,1550495756.89
2026-01-27 14:00:00,8.518,8.664,8.513,8.649,345029983,2970248113.65
2026-01-27 15:00:00,8.65,8.67,8.593,8.619,516601092,4456889821.05
2026-01-28 10:30:00,8.645,8.661,8.596,8.624,610574733,5267428221.59
2026-01-28 11:30:00,8.624,8.666,8.595,8.664,545595766,4714856744.52
2026-01-28 14:00:00,8.665,8.711,8.626,8.643,711683896,6163182539.36
2026-01-28 15:00:00,8.643,8.72,8.639,8.686,649592244,5639543331.66
2026-01-29 10:30:00,8.661,8.754,8.642,8.661,285726292,2481723330.21
2026-01-29 11:30:00,8.663,8.728,8.66,8.677,256156798,2225575646.62
2026-01-29 14:00:00,8.677,8.7,8.574,8.592,619448263,5340882923.59
2026-01-29 15:00:00,8.592,8.64,8.578,8.595,212136342,1825291798.68
2026-01-30 10:30:00,8.518,8.594,8.299,8.3,469331454,3941289106.87
2026-01-30 11:30:00,8.299,8.386,8.232,8.374,582624084,4853647035.78
2026-01-30 14:00:00,8.378,8.499,8.377,8.457,135956041,1148058128.88
2026-01-30 15:00:00,8.457,8.483,8.43,8.437,95966166,810914102.7
2026-02-02 10:30:00,8.33,8.4,8.252,8.264,350986811,2915062460.96
2026-02-02 11:30:00,8.264,8.289,8.216,8.227,207270428,1708737408.43
2026-02-02 14:00:00,8.227,8.236,8.114,8.18,582591110,4763653309.43
2026-02-02 15:00:00,8.182,8.218,8.045,8.047,806538584,6535650992.35
2026-02-03 10:30:00,8.186,8.267,8.17,8.22,296520693,2437103575.77
2026-02-03 11:30:00,8.221,8.258,8.132,8.251,109787046,901754200.16
2026-02-03 14:00:00,8.254,8.326,8.232,8.315,170321274,1412133682.73
2026-02-03 15:00:00,8.316,8.375,8.304,8.365,359973165,3005055981.42
2026-02-04 10:30:00,8.36,8.36,8.269,8.322,332119980,2762241873.66
2026-02-04 11:30:00,8.322,8.331,8.263,8.272,228438198,1893448077.16
2026-02-04 14:00:00,8.271,8.305,8.249,8.267,210940913,1745254800.52
2026-02-04 15:00:00,8.268,8.395,8.267,8.393,457297940,3819199962.23
2026-02-05 10:30:00,8.3,8.313,8.159,8.175,369545356,3036061463.11
2026-02-05 11:30:00,8.176,8.222,8.15,8.169,223558582,1828783720.29
2026-02-05 14:00:00,8.169,8.253,8.147,8.215,166970693,1369994536.06
2026-02-05 15:00:00,8.217,8.27,8.201,8.212,195168618,1605782332.7
2026-02-06 10:30:00,8.105,8.286,8.075,8.274,431330751,3541944350.29
2026-02-06 11:30:00,8.277,8.319,8.264,8.3,240651474,1996043542.51
2026-02-06 14:00:00,8.301,8.33,8.282,8.311,71459724,593663567.08
2026-02-06 15:00:00,8.311,8.323,8.211,8.213,196494648,1620884351.35
2026-02-09 10:30:00,8.35,8.393,8.306,8.375,360888540,3016306417.32
2026-02-09 11:30:00,8.375,8.396,8.356,8.365,67482624,564987022.34
2026-02-09 14:00:00,8.366,8.39,8.35,8.387,56626422,474284035.2
2026-02-09 15:00:00,8.388,8.397,8.363,8.396,109265177,916224930.87
2026-02-10 10:30:00,8.395,8.404,8.329,8.374,104213431,872162204.04
2026-02-10 11:30:00,8.374,8.384,8.351,8.361,42349546,354268068.81
2026-02-10 14:00:00,8.361,8.398,8.355,8.397,102335532,857912876.6
2026-02-10 15:00:00,8.398,8.398,8.376,8.377,95443997,800170656.18
2026-02-11 10:30:00,8.355,8.457,8.355,8.434,138947825,1169292263.32
2026-02-11 11:30:00,8.434,8.45,8.417,8.441,27350783,230731205.39
2026-02-11 14:00:00,8.439,8.445,8.418,8.426,25161718,212104895.5
2026-02-11 15:00:00,8.425,8.426,8.401,8.413,103775419,873097191.85
2026-02-12 10:30:00,8.41,8.489,8.41,8.466,97887599,827639649.54
2026-02-12 11:30:00,8.466,8.52,8.458,8.502,88190075,749027703.67
2026-02-12 14:00:00,8.498,8.517,8.484,8.516,71306501,606509328.67
2026-02-12 15:00:00,8.516,8.527,8.507,8.518,140232916,1194410489.88
2026-02-13 10:30:00,8.474,8.496,8.43,8.461,174872961,1479833286.97
2026-02-13 11:30:00,8.462,8.471,8.421,8.441,132687328,1120456026.74
2026-02-13 14:00:00,8.441,8.46,8.41,8.429,98699411,832332132.96
2026-02-13 15:00:00,8.429,8.436,8.361,8.377,611136928,5128253675.16
2026-02-24 10:30:00,8.471,8.5,8.403,8.49,159027782,1346064156.11
2026-02-24 11:30:00,8.491,8.534,8.483,8.513,80802434,687628713.34
2026-02-24 14:00:00,8.513,8.518,8.465,8.484,91201952,774213370.53
2026-02-24 15:00:00,8.484,8.494,8.464,8.469,107772747,913445879.32
2026-02-25 10:30:00,8.48,8.58,8.479,8.576,278164363,2376914481.84
2026-02-25 11:30:00,8.576,8.615,8.575,8.614,93397369,803341903.23
2026-02-25 14:00:00,8.614,8.633,8.606,8.619,189327179,1631874064.86
2026-02-25 15:00:00,8.618,8.625,8.567,8.603,174995226,1504667284.89
2026-02-26 10:30:00,8.623,8.627,8.561,8.584,308354133,2648967571.89
2026-02-26 11:30:00,8.585,8.637,8.579,8.636,109418416,942894963.48
2026-02-26 14:00:00,8.636,8.656,8.621,8.621,152558443,1316986185.6
2026-02-26 15:00:00,8.622,8.637,8.611,8.631,235226558,2029142698.16
2026-02-27 10:30:00,8.58,8.687,8.58,8.683,176205370,1524176450.5
2026-02-27 11:30:00,8.683,8.698,8.645,8.646,64951724,562676785.01
2026-02-27 14:00:00,8.646,8.726,8.644,8.707,151531199,1317159692.11
2026-02-27 15:00:00,8.706,8.739,8.698,8.738,89346600,779549085.0
2026-03-02 10:30:00,8.682,8.773,8.62,8.663,327682183,2846028986.75
2026-03-02 11:30:00,8.663,8.705,8.648,8.678,93194110,808645292.47
2026-03-02 14:00:00,8.677,8.77,8.673,8.725,106583458,929691976.31
2026-03-02 15:00:00,8.725,8.743,8.706,8.732,244935990,2137556384.73
2026-03-03 10:30:00,8.74,8.74,8.44,8.466,297811888,2545894559.88
2026-03-03 11:30:00,8.467,8.591,8.467,8.539,140078213,1195194006.05
2026-03-03 14:00:00,8.538,8.538,8.407,8.409,71506402,604324438.77
2026-03-03 15:00:00,8.409,8.416,8.335,8.374,170393164,1427042748.5
2026-03-04 10:30:00,8.241,8.466,8.237,8.401,265188847,2219100271.7
2026-03-04 11:30:00,8.401,8.402,8.301,8.312,87179134,726928679.0
2026-03-04 14:00:00,8.312,8.383,8.297,8.339,79419535,662332448.72
2026-03-04 15:00:00,8.338,8.338,8.291,8.317,95193955,791569467.14
2026-03-05 10:30:00,8.433,8.459,8.365,8.417,195046791,1641058683.88
2026-03-05 11:30:00,8.417,8.435,8.386,8.402,160418323,1348743787.01
2026-03-05 14:00:00,8.401,8.418,8.369,8.373,81700654,685196151.55
2026-03-05 15:00:00,8.373,8.377,8.311,8.372,114998391,960619892.82
2026-03-06 10:30:00,8.31,8.456,8.31,8.433,142499488,1196948199.37
2026-03-06 11:30:00,8.434,8.469,8.424,8.467,51686180,436920508.27
2026-03-06 14:00:00,8.467,8.469,8.414,8.429,46343744,391017616.04
2026-03-06 15:00:00,8.429,8.432,8.412,8.42,77216227,650263586.31
2026-03-09 10:30:00,8.298,8.299,8.124,8.166,251432112,2060821400.66
2026-03-09 11:30:00,8.165,8.254,8.161,8.247,56650930,465708411.89
2026-03-09 14:00:00,8.248,8.348,8.223,8.345,84301308,700150463.38
2026-03-09 15:00:00,8.345,8.38,8.336,8.355,77055300,643951142.1
2026-03-10 10:30:00,8.44,8.486,8.427,8.433,256024968,2163069612.98
2026-03-10 11:30:00,8.433,8.441,8.391,8.418,85654908,720928809.0
2026-03-10 14:00:00,8.418,8.466,8.408,8.465,41790344,352975175.54
2026-03-10 15:00:00,8.465,8.492,8.449,8.48,52103646,441508928.32
2026-03-11 10:30:00,8.489,8.519,8.464,8.486,95323892,809268068.45
2026-03-11 11:30:00,8.486,8.498,8.454,8.478,78427543,664804139.5
2026-03-11 14:00:00,8.478,8.482,8.441,8.46,78611474,665131681.51
2026-03-11 15:00:00,8.46,8.482,8.459,8.469,132865438,1125370259.86
2026-03-12 10:30:00,8.452,8.495,8.437,8.446,155491273,1315352508.73
2026-03-12 11:30:00,8.446,8.454,8.36,8.361,97495641,818150920.72
2026-03-12 14:00:00,8.361,8.42,8.354,8.415,36495119,306425184.16
2026-03-12 15:00:00,8.416,8.438,8.405,8.427,36140390,304422551.77
2026-03-13 10:30:00,8.362,8.447,8.334,8.411,77785249,653188664.27
2026-03-13 11:30:00,8.412,8.43,8.361,8.366,23925576,200631905.14
2026-03-13 14:00:00,8.367,8.386,8.349,8.35,21497982,179758959.49
2026-03-13 15:00:00,8.35,8.36,8.29,8.313,75020293,624243858.05
2026-03-16 10:30:00,8.298,8.308,8.148,8.158,117683856,965556810.53
2026-03-16 11:30:00,8.158,8.187,8.124,8.186,79409612,648432421.72
2026-03-16 14:00:00,8.185,8.262,8.185,8.24,101289166,833508547.01
2026-03-16 15:00:00,8.24,8.262,8.223,8.258,94506887,779461301.68
2026-03-17 10:30:00,8.265,8.29,8.184,8.24,113931200,938565225.6
2026-03-17 11:30:00,8.24,8.258,8.184,8.19,60039267,492962408.25
2026-03-17 14:00:00,8.191,8.209,8.135,8.136,42828330,349479172.8
2026-03-17 15:00:00,8.136,8.139,8.074,8.078,132404796,1072081633.21
2026-03-18 10:30:00,8.11,8.129,8.066,8.08,222560988,1800889327.9
2026-03-18 11:30:00,8.081,8.09,8.023,8.086,73418084,592214738.24
2026-03-18 14:00:00,8.084,8.129,8.056,8.116,58664864,475204953.35
2026-03-18 15:00:00,8.116,8.168,8.116,8.159,137504110,1120337653.58
2026-03-19 10:30:00,8.04,8.073,7.961,8.007,193137928,1547742975.68
2026-03-19 11:30:00,8.008,8.048,7.988,8.016,42957498,344404580.63
2026-03-19 14:00:00,8.016,8.016,7.931,7.962,60403295,481394126.72
2026-03-19 15:00:00,7.962,7.997,7.906,7.946,95301613,757616056.15
2026-03-20 10:30:00,7.96,8.012,7.911,7.939,397345324,3160484707.1
2026-03-20 11:30:00,7.939,7.993,7.884,7.986,120007251,954577676.87
2026-03-20 14:00:00,7.986,8.001,7.897,7.9,101373578,804162803.08
2026-03-20 15:00:00,7.9,7.918,7.809,7.813,112907798,885949854.97
2026-03-23 10:30:00,7.701,7.777,7.625,7.695,222166782,1710462054.62
2026-03-23 11:30:00,7.695,7.697,7.625,7.627,116397489,890401991.69
2026-03-23 14:00:00,7.627,7.671,7.51,7.548,138296534,1047780640.43
2026-03-23 15:00:00,7.549,7.556,7.46,7.509,197940315,1486201865.12
2026-03-24 10:30:00,7.589,7.598,7.437,7.515,155044333,1165416569.72
2026-03-24 11:30:00,7.515,7.579,7.508,7.549,125808392,949266253.77
2026-03-24 14:00:00,7.548,7.552,7.471,7.524,65729375,494000072.71
2026-03-24 15:00:00,7.524,7.657,7.522,7.655,244505013,1861009155.61
2026-03-25 10:30:00,7.7,7.879,7.698,7.831,300500034,2344701598.62
2026-03-25 11:30:00,7.831,7.848,7.777,7.783,116162181,906374777.62
2026-03-25 14:00:00,7.783,7.842,7.782,7.82,59089789,461767004.44
2026-03-25 15:00:00,7.82,7.829,7.791,7.827,110837332,866267641.13
2026-03-26 10:30:00,7.792,7.835,7.777,7.791,95701874,746570319.07
2026-03-26 11:30:00,7.791,7.805,7.757,7.762,45178804,351250141.5
2026-03-26 14:00:00,7.762,7.764,7.681,7.691,123939680,955822812.16
2026-03-26 15:00:00,7.692,7.716,7.682,7.699,55364076,426248021.12
2026-03-27 10:30:00,7.58,7.743,7.58,7.74,128181888,985419627.65
2026-03-27 11:30:00,7.741,7.775,7.729,7.769,45972088,356636134.67
2026-03-27 14:00:00,7.769,7.852,7.769,7.793,135259830,1055657886.54
2026-03-27 15:00:00,7.793,7.807,7.775,7.804,86895179,677376885.36
2026-03-30 10:30:00,7.706,7.784,7.665,7.709,330309132,2549766292.95
2026-03-30 11:30:00,7.711,7.834,7.692,7.83,62108623,483536332.93
2026-03-30 14:00:00,7.834,7.836,7.771,7.814,38078746,297280770.02
2026-03-30 15:00:00,7.814,7.828,7.798,7.819,47745698,373132629.87
2026-03-31 10:30:00,7.805,7.86,7.78,7.807,150844979,1178954074.2
2026-03-31 11:30:00,7.807,7.811,7.7,7.717,90093820,697566416.99
2026-03-31 14:00:00,7.717,7.768,7.708,7.748,39707923,307392267.92
2026-03-31 15:00:00,7.749,7.749,7.68,7.681,87753197,675992127.56
2026-04-01 10:30:00,7.815,7.836,7.755,7.764,203319752,1582844269.32
2026-04-01 11:30:00,7.765,7.806,7.758,7.773,31833407,247632073.05
2026-04-01 14:00:00,7.773,7.85,7.761,7.775,64641678,503903427.24
2026-04-01 15:00:00,7.775,7.823,7.773,7.809,56873795,443710390.66
2026-04-02 10:30:00,7.771,7.809,7.702,7.712,263168180,2037184881.38
2026-04-02 11:30:00,7.713,7.734,7.691,7.704,41741482,321812912.39
2026-04-02 14:00:00,7.701,7.701,7.632,7.634,54435167,416737493.5
2026-04-02 15:00:00,7.634,7.674,7.619,7.673,127089340,972911260.81
2026-04-03 10:30:00,7.697,7.707,7.603,7.642,116590006,891991272.57
2026-04-03 11:30:00,7.643,7.67,7.596,7.605,33375016,254439996.98
2026-04-03 14:00:00,7.605,7.643,7.581,7.64,41468437,316044781.19
2026-04-03 15:00:00,7.64,7.66,7.594,7.605,49343420,375980412.59
2026-04-07 10:30:00,7.617,7.701,7.617,7.666,197658035,1514324092.15
2026-04-07 11:30:00,7.667,7.678,7.602,7.608,32983189,251639743.28
2026-04-07 14:00:00,7.608,7.654,7.6,7.652,42392630,323681860.93
2026-04-07 15:00:00,7.652,7.66,7.612,7.631,55097901,420635742.2
2026-04-08 10:30:00,7.82,7.901,7.815,7.896,801650167,6309521247.73
2026-04-08 11:30:00,7.896,7.955,7.894,7.947,132756092,1053021321.74
2026-04-08 14:00:00,7.948,8.015,7.946,7.998,95549916,763093479.15
2026-04-08 15:00:00,8.0,8.029,7.993,8.028,125048348,1002470923.13
2026-04-09 10:30:00,7.961,8.005,7.908,7.993,235542255,1876957716.01
2026-04-09 11:30:00,7.993,8.009,7.961,7.963,93406879,745168945.04
2026-04-09 14:00:00,7.963,7.981,7.933,7.968,125420865,998433699.31
2026-04-09 15:00:00,7.969,7.982,7.951,7.968,188455821,1501427525.91
2026-04-10 10:30:00,8.015,8.149,8.015,8.1,172597223,1395966339.62
2026-04-10 11:30:00,8.1,8.107,8.055,8.056,58127355,469242761.13
2026-04-10 14:00:00,8.055,8.095,8.048,8.084,45703256,369084261.04
2026-04-10 15:00:00,8.084,8.092,8.033,8.036,103607070,834416806.09
2026-04-13 10:30:00,7.985,8.059,7.978,8.048,131312965,1054224254.01
2026-04-13 11:30:00,8.05,8.056,8.008,8.021,44623669,358253689.29
2026-04-13 14:00:00,8.022,8.055,8.011,8.044,61220830,492011403.77
2026-04-13 15:00:00,8.044,8.056,8.023,8.029,240570831,1933227197.92
2026-04-14 10:30:00,8.11,8.135,8.068,8.132,116807501,947503512.28
2026-04-14 11:30:00,8.132,8.139,8.106,8.136,60392547,490810229.47
2026-04-14 14:00:00,8.136,8.139,8.067,8.086,90465161,732526563.67
2026-04-14 15:00:00,8.086,8.162,8.084,8.158,169148548,1375967055.13
2026-04-15 10:30:00,8.22,8.235,8.175,8.175,155188122,1271766659.79
2026-04-15 11:30:00,8.175,8.191,8.143,8.168,54727893,446980944.76
2026-04-15 14:00:00,8.169,8.179,8.124,8.135,76794924,625571450.9
2026-04-15 15:00:00,8.137,8.146,8.095,8.111,121607050,987124960.53
2026-04-16 10:30:00,8.13,8.219,8.125,8.192,143938499,1177225003.82
2026-04-16 11:30:00,8.192,8.242,8.192,8.232,114874897,944501403.13
2026-04-16 14:00:00,8.231,8.236,8.2,8.234,87454214,719165153.13
2026-04-16 15:00:00,8.234,8.271,8.227,8.253,141701009,1169080557.92
2026-04-17 10:30:00,8.232,8.258,8.21,8.248,129698919,1068546160.67
2026-04-17 11:30:00,8.248,8.278,8.245,8.247,116580561,962566831.99
2026-04-17 14:00:00,8.251,8.312,8.235,8.297,129764743,1074625091.7
2026-04-17 15:00:00,8.296,8.308,8.27,8.292,86929465,720645264.85
2026-04-20 10:30:00,8.281,8.394,8.278,8.378,259259773,2164819104.55
2026-04-20 11:30:00,8.379,8.383,8.331,8.374,139991920,1170705762.99
2026-04-20 14:00:00,8.374,8.379,8.326,8.339,114891019,959110226.61
2026-04-20 15:00:00,8.339,8.36,8.335,8.355,398398922,3326630998.7
2026-04-21 10:30:00,8.351,8.351,8.256,8.29,131734045,1093260839.46
2026-04-21 11:30:00,8.291,8.312,8.282,8.287,89424312,741655435.62
2026-04-21 14:00:00,8.285,8.348,8.285,8.32,75238237,625806575.95
2026-04-21 15:00:00,8.32,8.339,8.304,8.333,164947823,1373245609.08
2026-04-22 10:30:00,8.283,8.389,8.283,8.373,120686456,1007530763.51
2026-04-22 11:30:00,8.375,8.403,8.36,8.4,117731003,987488409.5
2026-04-22 14:00:00,8.4,8.434,8.384,8.418,185208022,1557969881.06
2026-04-22 15:00:00,8.418,8.457,8.403,8.449,214696905,1811254656.21
2026-04-23 10:30:00,8.46,8.474,8.35,8.39,314598994,2644099678.24
2026-04-23 11:30:00,8.392,8.401,8.299,8.301,126476533,1054013267.18
2026-04-23 14:00:00,8.3,8.387,8.296,8.386,93558016,781801967.7
2026-04-23 15:00:00,8.387,8.395,8.34,8.377,159346758,1333838595.63
2026-04-24 10:30:00,8.321,8.365,8.242,8.264,126905437,1052088374.54
2026-04-24 11:30:00,8.264,8.315,8.26,8.277,117060169,969726440.0
2026-04-24 14:00:00,8.277,8.315,8.258,8.303,87092126,722167908.79
2026-04-24 15:00:00,8.305,8.38,8.303,8.323,106101624,884392403.25
2026-04-27 10:30:00,8.32,8.396,8.292,8.379,102610474,857378917.25
2026-04-27 11:30:00,8.38,8.398,8.356,8.367,213008972,1783666128.54
2026-04-27 14:00:00,8.368,8.398,8.355,8.363,225518967,1888044791.72
2026-04-27 15:00:00,8.363,8.375,8.355,8.369,86380360,722686885.21
2026-04-28 10:30:00,8.346,8.356,8.285,8.324,169505825,1410570973.71
2026-04-28 11:30:00,8.326,8.34,8.301,8.33,203385162,1692910293.43
2026-04-28 14:00:00,8.33,8.332,8.247,8.271,195683858,1620914623.77
2026-04-28 15:00:00,8.271,8.295,8.247,8.274,68363851,565505775.47
2026-04-29 10:30:00,8.24,8.36,8.234,8.352,307829753,2559707006.11
2026-04-29 11:30:00,8.351,8.405,8.344,8.383,235524540,1973067579.76
2026-04-29 14:00:00,8.383,8.415,8.377,8.41,249779106,2098311009.8
2026-04-29 15:00:00,8.41,8.436,8.408,8.423,85834143,722923763.73
2026-04-30 10:30:00,8.41,8.424,8.37,8.394,290371656,2437960423.78
2026-04-30 11:30:00,8.394,8.416,8.376,8.407,120823129,1014874009.22
2026-04-30 14:00:00,8.406,8.414,8.382,8.41,232459609,1953125634.82
2026-04-30 15:00:00,8.411,8.45,8.407,8.429,135707545,1143833660.96
2026-05-06 10:30:00,8.519,8.682,8.518,8.676,439221054,3788427997.77
2026-05-06 11:30:00,8.677,8.698,8.652,8.686,297513418,2582019783.68
2026-05-06 14:00:00,8.686,8.702,8.674,8.691,146300242,1271202802.74
2026-05-06 15:00:00,8.691,8.691,8.631,8.658,142413446,1233300442.36
2026-05-07 10:30:00,8.702,8.711,8.669,8.688,288538917,2507210829.45
2026-05-07 11:30:00,8.688,8.731,8.685,8.722,243602879,2122430683.77
2026-05-07 14:00:00,8.721,8.778,8.702,8.76,264124769,2310211312.85
2026-05-07 15:00:00,8.76,8.778,8.758,8.774,432893520,3796476170.4
2026-05-08 10:30:00,8.715,8.788,8.712,8.74,250679301,2192608286.08
2026-05-08 11:30:00,8.741,8.752,8.691,8.701,270961206,2361336589.89
2026-05-08 14:00:00,8.701,8.777,8.7,8.773,311075522,2721910817.5
2026-05-08 15:00:00,8.774,8.779,8.759,8.771,278382618,2441322765.65
2026-05-11 10:30:00,8.838,8.894,8.788,8.874,235206654,2082049301.21
2026-05-11 11:30:00,8.874,8.945,8.863,8.937,81343460,725176945.9
2026-05-11 14:00:00,8.938,8.942,8.869,8.891,158421066,1410053101.44
2026-05-11 15:00:00,8.891,8.932,8.89,8.912,185903224,1656645596.81
2026-05-12 10:30:00,8.92,8.927,8.823,8.857,155749704,1381344124.78
2026-05-12 11:30:00,8.858,8.901,8.825,8.836,125753129,1113418204.17
2026-05-12 14:00:00,8.837,8.868,8.821,8.85,99177922,877360957.32
2026-05-12 15:00:00,8.851,8.87,8.841,8.864,129717325,1149079303.96
2026-05-13 10:30:00,8.8,8.895,8.8,8.895,162434199,1439708450.47
2026-05-13 11:30:00,8.895,8.931,8.864,8.904,121356981,1080036678.57
2026-05-13 14:00:00,8.905,8.98,8.905,8.978,145432387,1302250070.66
2026-05-13 15:00:00,8.978,9.021,8.96,9.007,86221537,775648946.85
2026-05-14 10:30:00,9.049,9.049,8.846,8.868,494920678,4415187368.44
2026-05-14 11:30:00,8.868,8.888,8.794,8.827,148051010,1308228074.7
2026-05-14 14:00:00,8.827,8.876,8.808,8.849,60364320,533882167.52
2026-05-14 15:00:00,8.849,8.895,8.76,8.769,186922795,1646415978.36
2026-05-15 10:30:00,8.76,8.809,8.58,8.64,545205512,4730384757.28
2026-05-15 11:30:00,8.641,8.796,8.632,8.77,110278435,963024813.38
2026-05-15 14:00:00,8.764,8.772,8.585,8.589,341864027,2956668014.85
2026-05-15 15:00:00,8.59,8.647,8.553,8.608,316311221,2721119997.19
2026-05-18 10:30:00,8.559,8.696,8.551,8.66,168437668,1454571554.96
2026-05-18 11:30:00,8.66,8.688,8.616,8.638,68871205,595552266.7
2026-05-18 14:00:00,8.635,8.676,8.594,8.597,85118822,733922856.22
2026-05-18 15:00:00,8.597,8.639,8.562,8.638,158451403,1364741934.04
2026-05-19 10:30:00,8.613,8.659,8.481,8.486,233260191,1992508551.52
2026-05-19 11:30:00,8.487,8.606,8.485,8.601,143423578,1228279521.99
2026-05-19 14:00:00,8.602,8.66,8.556,8.653,81908262,706294943.23
2026-05-19 15:00:00,8.653,8.709,8.638,8.706,251197665,2181484255.42
2026-05-20 10:30:00,8.652,8.695,8.626,8.667,292427126,2533198716.83
2026-05-20 11:30:00,8.668,8.69,8.635,8.686,60457055,524182819.2
2026-05-20 14:00:00,8.686,8.76,8.665,8.708,77095049,671574971.84
2026-05-20 15:00:00,8.708,8.75,8.69,8.748,76813026,670526508.3
2026-05-21 10:30:00,8.8,8.887,8.791,8.865,239720744,2120969236.0
2026-05-21 11:30:00,8.865,8.872,8.748,8.75,59493501,522947873.79
2026-05-21 14:00:00,8.75,8.781,8.68,8.68,75628042,658997548.64
2026-05-21 15:00:00,8.681,8.685,8.484,8.505,159662623,1366392727.63
2026-05-22 10:30:00,8.553,8.623,8.511,8.517,372238013,3182759090.49
2026-05-22 11:30:00,8.519,8.593,8.51,8.591,67810969,580778345.83
2026-05-22 14:00:00,8.591,8.682,8.589,8.651,151126829,1305836553.78
2026-05-22 15:00:00,8.651,8.684,8.638,8.66,201761671,1747390578.64
2026-05-25 10:30:00,8.708,8.73,8.619,8.698,344907719,2994603785.6
2026-05-25 11:30:00,8.698,8.742,8.676,8.705,106959209,931365138.9
2026-05-25 14:00:00,8.705,8.762,8.684,8.722,79680539,695026781.52
2026-05-25 15:00:00,8.724,8.79,8.722,8.788,76966042,674735634.87
2026-05-26 10:30:00,8.743,8.748,8.631,8.724,89968631,782817058.33
2026-05-26 11:30:00,8.725,8.739,8.619,8.649,52806956,457783501.56
2026-05-26 14:00:00,8.65,8.712,8.637,8.646,26657567,230987818.06
2026-05-26 15:00:00,8.646,8.769,8.617,8.753,71968749,627063710.04
2026-05-27 10:30:00,8.74,8.821,8.738,8.785,88409312,776351638.44
2026-05-27 11:30:00,8.786,8.805,8.655,8.675,72368994,630454552.73
2026-05-27 14:00:00,8.675,8.698,8.581,8.588,73335826,632325937.05
2026-05-27 15:00:00,8.588,8.669,8.58,8.619,96127903,828878864.93
2026-05-28 10:30:00,8.575,8.612,8.524,8.55,103990392,890365736.3
2026-05-28 11:30:00,8.552,8.605,8.535,8.604,41198015,353533899.39
2026-05-28 14:00:00,8.603,8.694,8.506,8.665,135533328,1168523176.24
2026-05-28 15:00:00,8.666,8.684,8.642,8.648,51499819,445885432.9
2026-05-29 10:30:00,8.66,8.681,8.508,8.524,126798161,1086787037.93
2026-05-29 11:30:00,8.523,8.582,8.508,8.515,44500752,379813918.32
2026-05-29 14:00:00,8.515,8.579,8.461,8.464,37671549,320258395.23
2026-05-29 15:00:00,8.464,8.466,8.387,8.444,118974262,1003230635.27
2026-06-01 10:30:00,8.434,8.532,8.393,8.491,188655094,1598285956.37
2026-06-01 11:30:00,8.492,8.5,8.358,8.42,71121886,599273011.44
2026-06-01 14:00:00,8.421,8.479,8.394,8.408,38129037,321313394.8
2026-06-01 15:00:00,8.408,8.414,8.354,8.369,110463367,925572552.09
2026-06-02 10:30:00,8.368,8.4,8.238,8.361,239451130,1995346266.29
2026-06-02 11:30:00,8.362,8.404,8.341,8.375,53083505,444485881.87
2026-06-02 14:00:00,8.375,8.48,8.375,8.44,97156573,819191838.01
2026-06-02 15:00:00,8.441,8.453,8.392,8.405,69118216,581744984.67
2026-06-03 10:30:00,8.4,8.528,8.38,8.496,112803221,955217675.43
2026-06-03 11:30:00,8.496,8.565,8.48,8.529,60227606,513420265.28
2026-06-03 14:00:00,8.529,8.545,8.494,8.505,36861783,313865794.98
2026-06-03 15:00:00,8.505,8.525,8.387,8.456,116845044,988041692.06
2026-06-04 10:30:00,8.371,8.485,8.371,8.457,135252925,1141219096.84
2026-06-04 11:30:00,8.457,8.481,8.433,8.445,22101505,186824021.76
2026-06-04 14:00:00,8.444,8.489,8.432,8.468,39749773,336402328.9
2026-06-04 15:00:00,8.47,8.487,8.402,8.446,98825697,834583011.17
2026-06-05 10:30:00,8.415,8.454,8.32,8.446,184641451,1552219131.41
2026-06-05 11:30:00,8.446,8.5,8.422,8.458,31485914,266370832.44
2026-06-05 14:00:00,8.46,8.484,8.411,8.414,39067270,329584512.14
2026-06-05 15:00:00,8.414,8.414,8.314,8.34,176851020,1477767123.12
2026-06-08 10:30:00,8.16,8.233,8.121,8.204,195750369,1602412520.63
2026-06-08 11:30:00,8.205,8.23,8.128,8.128,60658901,495097949.96
2026-06-08 14:00:00,8.129,8.129,7.983,8.039,101829730,819763269.74
2026-06-08 15:00:00,8.038,8.108,8.02,8.073,110549369,891801759.72
2026-06-09 10:30:00,8.12,8.144,8.058,8.106,143951575,1166391628.37
2026-06-09 11:30:00,8.107,8.15,8.086,8.147,70754692,575070551.68
2026-06-09 14:00:00,8.144,8.222,8.143,8.203,61379857,502660108.93
2026-06-09 15:00:00,8.204,8.285,8.203,8.267,86188550,711199185.08
2026-06-10 10:30:00,8.184,8.24,8.13,8.13,124406674,1015987837.67
2026-06-10 11:30:00,8.131,8.154,8.105,8.144,44725432,363811572.37
2026-06-10 14:00:00,8.145,8.146,8.078,8.141,50926192,413605556.03
2026-06-10 15:00:00,8.141,8.182,8.121,8.171,59225824,483164272.19
2026-06-11 10:30:00,8.133,8.192,8.084,8.092,72685740,590402037.44
2026-06-11 11:30:00,8.093,8.115,8.068,8.076,29102789,235334852.78
2026-06-11 14:00:00,8.076,8.153,8.076,8.133,38375632,311635715.59
2026-06-11 15:00:00,8.133,8.139,8.078,8.135,41393888,336007986.86
2026-06-12 10:30:00,8.297,8.317,8.224,8.278,116058783,960154311.76
2026-06-12 11:30:00,8.278,8.37,8.272,8.332,70898325,590204922.85
2026-06-12 14:00:00,8.333,8.336,8.25,8.259,38778880,321153757.87
2026-06-12 15:00:00,8.259,8.275,8.211,8.245,87621772,722324681.11
2026-06-15 10:30:00,8.322,8.476,8.312,8.465,470410687,3959760359.6
2026-06-15 11:30:00,8.465,8.476,8.428,8.438,113624079,959820470.01
2026-06-15 14:00:00,8.439,8.498,8.432,8.49,94852819,803719552.99
2026-06-15 15:00:00,8.49,8.55,8.479,8.546,97888217,834497049.92
2026-06-16 10:30:00,8.55,8.602,8.525,8.598,124276816,1065673697.2
2026-06-16 11:30:00,8.597,8.645,8.592,8.639,55661511,480099086.21
2026-06-16 14:00:00,8.639,8.668,8.58,8.615,63221767,545034853.31
2026-06-16 15:00:00,8.616,8.657,8.603,8.634,76374869,659216952.63
2026-06-17 10:30:00,8.602,8.717,8.58,8.7,69676733,603795342.6
2026-06-17 11:30:00,8.7,8.708,8.655,8.662,28577034,247905769.95
2026-06-17 14:00:00,8.662,8.728,8.645,8.715,39956954,347465671.98
2026-06-17 15:00:00,8.716,8.766,8.695,8.764,60431682,528273620.15
2026-06-18 10:30:00,8.726,8.837,8.722,8.834,86098220,757463440.15
2026-06-18 11:30:00,8.834,8.834,8.759,8.788,52280431,459736683.4
2026-06-18 14:00:00,8.786,8.85,8.777,8.83,58109046,512463676.67
2026-06-18 15:00:00,8.833,8.863,8.804,8.827,56473225,498733874.38
2026-06-22 10:30:00,8.84,8.9,8.771,8.781,129071819,1138069252.06
2026-06-22 11:30:00,8.777,8.824,8.748,8.822,91377954,803943239.29
2026-06-22 14:00:00,8.822,8.92,8.811,8.912,73250111,650534235.79
2026-06-22 15:00:00,8.916,9.01,8.912,9.008,76408856,685896830.69
2026-06-23 10:30:00,8.98,9.017,8.872,9.008,182945582,1640229106.35
2026-06-23 11:30:00,9.008,9.028,8.905,8.935,40560994,363264262.26
2026-06-23 14:00:00,8.935,8.935,8.838,8.838,50604075,448875013.28
2026-06-23 15:00:00,8.838,8.851,8.758,8.812,149235496,1314317013.27
2026-06-24 10:30:00,8.776,8.902,8.756,8.897,145470141,1287653198.08
2026-06-24 11:30:00,8.897,8.901,8.808,8.888,45401614,402515575.85
2026-06-24 14:00:00,8.888,8.995,8.888,8.965,54964464,491895309.82
2026-06-24 15:00:00,8.966,8.989,8.953,8.986,36872215,330965001.84
2026-06-25 10:30:00,8.983,9.068,8.94,9.002,93255412,839609559.37
2026-06-25 11:30:00,9.002,9.06,8.959,9.045,44162301,398402838.09
2026-06-25 14:00:00,9.043,9.084,9.019,9.031,25925849,234490662.26
2026-06-25 15:00:00,9.032,9.087,9.031,9.087,35320116,320294585.26
2026-06-26 10:30:00,9.006,9.066,8.929,8.936,108725230,976026389.71
2026-06-26 11:30:00,8.936,8.94,8.795,8.871,87920255,779735434.84
2026-06-26 14:00:00,8.871,8.965,8.841,8.938,60692568,541054012.86
2026-06-26 15:00:00,8.938,8.938,8.839,8.857,77664735,689507517.33
2026-06-29 10:30:00,8.84,8.979,8.769,8.845,118009188,1046072778.83
2026-06-29 11:30:00,8.844,8.857,8.734,8.807,31180460,274367261.03
2026-06-29 14:00:00,8.812,8.95,8.756,8.94,43789145,388935185.89
2026-06-29 15:00:00,8.941,8.977,8.894,8.974,91528745,819029719.84
2026-06-30 10:30:00,8.944,9.05,8.909,9.04,67347686,606106724.77
2026-06-30 11:30:00,9.043,9.15,9.029,9.148,45753269,416766527.32
2026-06-30 14:00:00,9.148,9.159,9.104,9.146,27921157,255096997.4
2026-06-30 15:00:00,9.146,9.203,9.136,9.197,61790982,567158826.78
2026-07-01 10:30:00,9.201,9.286,9.17,9.258,105423314,973900574.73
2026-07-01 11:30:00,9.259,9.305,9.204,9.285,45567028,422163325.41
2026-07-01 14:00:00,9.285,9.29,9.125,9.166,50020910,459875572.9
2026-07-01 15:00:00,9.167,9.199,9.1,9.183,51058293,467728002.74
2026-07-02 10:30:00,9.091,9.091,8.9,9.018,127039125,1143733242.38
2026-07-02 11:30:00,9.018,9.082,9.008,9.025,27491255,248475126.44
2026-07-02 14:00:00,9.025,9.039,8.91,8.928,98970866,886679988.49
2026-07-02 15:00:00,8.928,8.959,8.813,8.849,160790448,1426800838.74
2026-07-03 10:30:00,8.798,8.894,8.79,8.857,113912959,1007787948.27
2026-07-03 11:30:00,8.857,8.959,8.851,8.936,75167182,670140483.26
2026-07-03 14:00:00,8.937,9.014,8.918,8.974,45551002,408531753.27
2026-07-03 15:00:00,8.974,8.991,8.895,8.901,45504073,406305867.82
2026-07-06 10:30:00,8.93,8.966,8.799,8.8,138491370,1226341081.35
2026-07-06 11:30:00,8.8,8.865,8.727,8.864,117209929,1033635293.87
2026-07-06 14:00:00,8.864,8.889,8.812,8.868,21575923,191083566.06
2026-07-06 15:00:00,8.868,8.868,8.798,8.81,82685887,729730514.74
2026-07-07 10:30:00,8.76,8.817,8.717,8.728,69984934,612648112.24
2026-07-07 11:30:00,8.728,8.773,8.675,8.701,66963296,583674409.03
2026-07-07 14:00:00,8.702,8.711,8.613,8.683,89528348,776121248.81
2026-07-07 15:00:00,8.683,8.69,8.626,8.657,50819276,439976351.85
2026-07-08 10:30:00,8.661,8.709,8.502,8.596,200810323,1727437335.22
2026-07-08 11:30:00,8.597,8.713,8.583,8.686,121990483,1056518909.77
2026-07-08 14:00:00,8.686,8.69,8.566,8.627,56663027,488869709.28
2026-07-08 15:00:00,8.627,8.632,8.544,8.551,167855517,1439472961.95
2026-07-09 10:30:00,8.562,8.657,8.53,8.563,165964757,1424530830.92
2026-07-09 11:30:00,8.563,8.569,8.444,8.502,118745833,1009933309.67
2026-07-09 14:00:00,8.502,8.709,8.502,8.709,131340584,1134782645.76
2026-07-09 15:00:00,8.71,8.815,8.695,8.804,178200999,1563060362.56
2026-07-10 10:30:00,8.806,8.933,8.806,8.891,162738820,1444578258.87
2026-07-10 11:30:00,8.891,8.901,8.851,8.874,85521321,759030230.98
2026-07-10 14:00:00,8.876,8.916,8.806,8.807,90230765,797910654.9
2026-07-10 15:00:00,8.807,8.813,8.661,8.698,96715323,843744477.85
2026-07-13 10:30:00,8.61,8.636,8.457,8.517,209110533,1785106916.71
2026-07-13 11:30:00,8.517,8.517,8.373,8.398,161919278,1364871567.35
2026-07-13 14:00:00,8.398,8.41,8.294,8.354,241606057,2018054858.77
2026-07-13 15:00:00,8.353,8.354,8.266,8.292,283238161,2352009688.94
2026-07-14 10:30:00,8.293,8.338,8.212,8.265,314140041,2598461705.8
2026-07-14 11:30:00,8.269,8.288,8.116,8.182,189411385,1552289437.2
2026-07-14 14:00:00,8.183,8.419,8.181,8.323,146277746,1215226754.52
2026-07-14 15:00:00,8.323,8.418,8.321,8.413,205673087,1724363161.41
2026-07-15 10:30:00,8.269,8.322,8.187,8.274,160621753,1326896301.53
2026-07-15 11:30:00,8.274,8.286,8.151,8.19,60685062,498163673.96
2026-07-15 14:00:00,8.19,8.215,8.115,8.161,51061110,416845881.67
2026-07-15 15:00:00,8.161,8.178,8.113,8.151,72008042,586673520.85
2026-07-16 10:30:00,8.061,8.158,7.952,8.116,188413653,1521503052.53
2026-07-16 11:30:00,8.115,8.155,8.041,8.078,66349461,536855605.44
2026-07-16 14:00:00,8.089,8.104,7.99,8.003,115428404,927159417.06
2026-07-16 15:00:00,8.003,8.024,7.911,7.956,204580850,1629213695.78
2026-07-17 10:30:00,7.915,7.928,7.748,7.75,233981098,1827080400.58
2026-07-17 11:30:00,7.75,7.781,7.668,7.701,107961448,833102507.07
2026-07-17 14:00:00,7.701,7.714,7.485,7.567,215309102,1633909005.38
2026-07-17 15:00:00,7.566,7.697,7.489,7.505,192551281,1456393705.72
2026-07-20 10:30:00,7.614,7.64,7.439,7.453,373318377,2803869890.19
2026-07-20 11:30:00,7.453,7.603,7.418,7.496,308390069,2314673061.22
2026-07-20 14:00:00,7.497,7.511,7.239,7.279,316452127,2323707968.56
2026-07-20 15:00:00,7.279,7.428,7.226,7.426,172627701,1270539879.36
2026-07-21 10:30:00,7.423,7.5,7.277,7.451,416064142,3082757916.13
2026-07-21 11:30:00,7.452,7.683,7.445,7.679,291313873,2214665167.17
2026-07-21 14:00:00,7.68,7.737,7.632,7.702,202540835,1557606534.76
2026-07-21 15:00:00,7.702,7.805,7.7,7.792,276860549,2150006736.68
2026-07-22 10:30:00,7.714,7.883,7.713,7.875,421910934,3300890510.64
2026-07-22 11:30:00,7.876,7.887,7.782,7.881,146566848,1150549756.8
2026-07-22 14:00:00,7.882,7.883,7.738,7.749,99021697,771379019.63
2026-07-22 15:00:00,7.746,7.792,7.711,7.74,78624142,609153644.17
2026-07-23 10:30:00,7.741,7.803,7.69,7.702,106445231,822999044.35
2026-07-23 11:30:00,7.702,7.739,7.661,7.691,44373701,341544376.6
2026-07-23 14:00:00,7.689,7.787,7.689,7.718,57193235,442179964.2
2026-07-23 15:00:00,7.718,7.742,7.707,7.737,42135571,325651783.07
2026-07-24 10:30:00,7.651,7.712,7.608,7.651,95504104,731274924.33
2026-07-24 11:30:00,7.651,7.652,7.547,7.594,73237684,556435510.47
2026-07-24 14:00:00,7.596,7.699,7.56,7.565,104568452,795556782.82
2026-07-24 15:00:00,7.565,7.602,7.541,7.545,67345199,509309291.64
2026-07-27 10:30:00,7.544,7.695,7.484,7.681,235730930,1796269686.6
2026-07-27 11:30:00,7.681,7.687,7.6,7.636,56535289,431986143.25
2026-07-27 14:00:00,7.636,7.661,7.543,7.598,61405090,466719620.73
2026-07-27 15:00:00,7.605,7.739,7.597,7.726,237194819,1823395638.59
2026-07-28 10:30:00,7.608,7.647,7.544,7.553,535013377,4056114748.83
2026-07-28 11:30:00,7.552,7.552,7.475,7.515,118737394,892192778.52
2026-07-28 14:00:00,7.515,7.52,7.457,7.467,45704469,341930367.41
2026-07-28 15:00:00,7.467,7.478,7.429,7.463,99620704,742838382.83
2026-07-29 10:30:00,7.46,7.524,7.342,7.491,313633224,2337299329.66
2026-07-29 11:30:00,7.492,7.507,7.363,7.403,87630749,650599890.83
2026-07-29 14:00:00,7.403,7.593,7.375,7.528,185832449,1393495590.9
2026-07-29 15:00:00,7.529,7.552,7.489,7.54,114376899,860914918.77
2026-07-30 10:30:00,7.49,7.557,7.381,7.385,260651076,1939504656.52
2026-07-30 11:30:00,7.385,7.398,7.255,7.263,272054129,1987446097.05
2026-07-30 14:00:00,7.263,7.374,7.22,7.34,184703576,1350429411.99
2026-07-30 15:00:00,7.34,7.444,7.327,7.336,184198342,1357357582.2
2026-07-31 10:30:00,7.6,7.679,7.555,7.565,611258519,4645360991.56
2026-07-31 11:30:00,7.567,7.598,7.521,7.57,116788262,883269625.51
2026-07-31 14:00:00,7.571,7.636,7.547,7.566,88081867,667924797.46
2026-07-31 15:00:00,7.566,7.582,7.491,7.5,177508106,1335630158.91
2026-08-03 10:30:00,7.461,7.52,7.42,7.442,152525756,1137943823.6
2026-08-03 11:30:00,7.441,7.491,7.439,7.456,44501687,332071588.39
2026-08-03 14:00:00,7.464,7.475,7.429,7.433,21179348,157694365.43
2026-08-03 15:00:00,7.433,7.462,7.417,7.42,81308222,604364014.13
2026-08-04 10:30:00,7.47,7.565,7.464,7.537,227672480,1712552394.56
2026-08-04 11:30:00,7.537,7.608,7.53,7.595,96792124,733458451.63
2026-08-04 14:00:00,7.595,7.66,7.589,7.656,77568838,592238078.13
2026-08-04 15:00:00,7.655,7.665,7.594,7.601,262767934,2002291657.08
2026-08-05 10:30:00,7.6,7.73,7.575,7.709,171356142,1314530084.0
2026-08-05 11:30:00,7.709,7.817,7.695,7.809,109998422,855091066.49
2026-08-05 14:00:00,7.81,7.854,7.784,7.84,134791003,1054874389.48
2026-08-05 15:00:00,7.84,7.841,7.777,7.815,119746028,935336224.71
2026-08-06 10:30:00,7.75,7.865,7.723,7.859,344059876,2689057304.19
2026-08-06 11:30:00,7.86,7.872,7.771,7.799,100031963,781649758.88
2026-08-06 14:00:00,7.798,7.826,7.757,7.799,44283156,345142917.86
2026-08-06 15:00:00,7.799,7.839,7.768,7.832,105578905,824887984.76
2026-08-07 10:30:00,7.82,7.922,7.767,7.904,149511848,1175811009.95
2026-08-07 11:30:00,7.905,7.94,7.895,7.929,61830161,489777315.33
2026-08-07 14:00:00,7.929,7.993,7.922,7.963,66634469,530365950.26
2026-08-07 15:00:00,7.963,7.989,7.926,7.987,92092374,733730641.12
2026-08-10 10:30:00,8.002,8.027,7.961,7.988,165367839,1321619769.29
2026-08-10 11:30:00,7.988,7.989,7.941,7.944,43699000,347756642.0
2026-08-10 14:00:00,7.943,7.97,7.922,7.951,30539663,242719061.64
2026-08-10 15:00:00,7.951,8.04,7.951,8.037,82621113,661740034.39
2026-08-11 10:30:00,7.993,8.036,7.959,8.031,66679185,534011366.27
2026-08-11 11:30:00,8.032,8.093,8.024,8.07,29641315,238978161.97
2026-08-11 14:00:00,8.068,8.076,8.032,8.04,49627616,399469223.72
2026-08-11 15:00:00,8.04,8.043,7.97,7.989,73077977,584672534.65
2026-08-12 10:30:00,7.982,8.049,7.973,8.034,56492709,452996202.57
2026-08-12 11:30:00,8.034,8.086,8.033,8.073,26422603,213071870.59
2026-08-12 14:00:00,8.073,8.076,8.019,8.042,36864050,296595858.28
2026-08-12 15:00:00,8.042,8.067,8.022,8.053,61093256,491637795.45
2026-08-13 10:30:00,8.085,8.149,8.085,8.128,77449985,628945511.52
2026-08-13 11:30:00,8.128,8.129,8.097,8.12,102285345,830079669.79
2026-08-13 14:00:00,8.12,8.139,8.075,8.076,36108911,292361816.06
2026-08-13 15:00:00,8.076,8.099,7.979,7.98,135043474,1082958632.5
2026-08-14 10:30:00,8.0,8.024,7.973,7.981,77442271,618970258.01
2026-08-14 11:30:00,7.98,8.004,7.93,7.965,47495232,378362849.86
2026-08-14 14:00:00,7.965,7.996,7.91,7.996,45694612,364064205.34
2026-08-14 15:00:00,7.996,8.014,7.97,7.998,84046419,671867073.49
2026-08-17 10:30:00,8.005,8.073,7.998,8.056,78667267,632668383.64
2026-08-17 11:30:00,8.057,8.145,8.056,8.141,55542241,450669743.47
2026-08-17 14:00:00,8.14,8.166,8.13,8.163,55300267,450863076.85
2026-08-17 15:00:00,8.163,8.198,8.161,8.197,89628354,733637953.61
2026-08-18 10:30:00,8.194,8.223,8.14,8.142,127770370,1043670972.28
2026-08-18 11:30:00,8.144,8.157,8.075,8.123,71737747,582390942.73
2026-08-18 14:00:00,8.123,8.154,8.093,8.135,41602661,338118693.5
2026-08-18 15:00:00,8.135,8.2,8.126,8.185,66145367,540429696.85
2026-08-19 10:30:00,8.085,8.085,7.92,7.926,123083644,981838228.19
2026-08-19 11:30:00,7.926,7.956,7.88,7.88,71523811,565419567.23
2026-08-19 14:00:00,7.88,7.888,7.819,7.837,82869773,650361978.5
2026-08-19 15:00:00,7.837,7.846,7.781,7.804,204214144,1594980536.02
2026-08-20 10:30:00,7.855,7.931,7.836,7.886,145179582,1144644217.68
2026-08-20 11:30:00,7.886,7.908,7.857,7.89,30260645,238605185.82
2026-08-20 14:00:00,7.886,7.904,7.825,7.83,27353600,214807820.8
2026-08-20 15:00:00,7.83,7.868,7.818,7.863,87411944,686154623.09
2026-08-21 10:30:00,7.838,7.895,7.768,7.867,139375801,1093170865.84
2026-08-21 11:30:00,7.87,7.89,7.832,7.846,74824360,587820172.16
2026-08-21 14:00:00,7.851,7.853,7.813,7.831,29694588,232577911.41
2026-08-21 15:00:00,7.832,7.898,7.821,7.866,42094230,330930804.85
2026-08-24 10:30:00,7.859,7.875,7.735,7.76,201353523,1568543944.17
2026-08-24 11:30:00,7.763,7.77,7.686,7.707,43939027,339253227.47
2026-08-24 14:00:00,7.706,7.711,7.63,7.646,45761556,350640295.92
2026-08-24 15:00:00,7.646,7.74,7.64,7.74,61374759,472994809.36
2026-08-25 10:30:00,7.663,7.729,7.594,7.675,175686918,1346815913.39
2026-08-25 11:30:00,7.676,7.683,7.63,7.68,22314001,171021941.66
2026-08-25 14:00:00,7.68,7.777,7.672,7.709,123052909,949886422.21
2026-08-25 15:00:00,7.709,7.749,7.708,7.726,57220630,442181955.1
2026-08-26 10:30:00,7.732,7.781,7.708,7.774,195542565,1516302229.87
2026-08-26 11:30:00,7.775,7.863,7.77,7.825,138873017,1085894410.93
2026-08-26 14:00:00,7.824,7.825,7.778,7.79,73142941,570344272.94
2026-08-26 15:00:00,7.79,7.811,7.772,7.789,28477313,221857253.15
2026-08-27 10:30:00,7.799,7.864,7.782,7.844,67718186,530233396.38
2026-08-27 11:30:00,7.844,7.94,7.835,7.93,115290629,910988120.15
2026-08-27 14:00:00,7.93,7.931,7.895,7.922,48269244,382099335.5
2026-08-27 15:00:00,7.922,7.979,7.917,7.973,185638493,1477001729.81
2026-08-28 10:30:00,7.96,8.004,7.952,7.971,109879625,876363262.46
2026-08-28 11:30:00,7.97,7.973,7.925,7.942,53083271,421835060.21
2026-08-28 14:00:00,7.94,7.952,7.917,7.932,28305225,224564220.08
2026-08-28 15:00:00,7.928,7.943,7.914,7.923,75880999,601483385.41
2026-08-31 10:30:00,7.85,7.879,7.797,7.831,157107620,1231042941.11
2026-08-31 11:30:00,7.832,7.84,7.777,7.828,93782404,732909487.26
2026-08-31 14:00:00,7.833,7.926,7.831,7.915,62779564,495372613
2026-08-31 15:00:00,7.915,7.978,7.903,7.967,164080319,1304329149.17
