datetime,open,high,low,close,volume,amount
2024-01-25 15:00:00,5.151,5.169,5.15,5.168,30843400,159223911.93
2024-01-26 10:00:00,5.145,5.165,5.124,5.132,79858423,410498913.69
2024-01-26 10:30:00,5.133,5.168,5.128,5.155,70138345,361235856.2
2024-01-26 11:00:00,5.154,5.164,5.133,5.139,31385191,161487269.43
2024-01-26 11:30:00,5.139,5.146,5.127,5.132,20068875,103053673.12
2024-01-26 13:30:00,5.132,5.135,5.112,5.131,22508568,115378919.57
2024-01-26 14:00:00,5.131,5.155,5.129,5.142,27868927,143302022.63
2024-01-26 14:30:00,5.145,5.145,5.107,5.111,18978830,97190588.43
2024-01-26 15:00:00,5.111,5.119,5.091,5.111,20669485,105559059.9
2024-01-29 10:00:00,5.115,5.135,5.07,5.092,43206214,220308485.19
2024-01-29 10:30:00,5.092,5.092,5.045,5.05,26299018,133134395.46
2024-01-29 11:00:00,5.049,5.057,5.032,5.041,33468841,168794521.44
2024-01-29 11:30:00,5.041,5.074,5.041,5.066,17964493,90906322.74
2024-01-29 13:30:00,5.066,5.066,5.022,5.035,15810491,79700685.13
2024-01-29 14:00:00,5.035,5.041,5.021,5.026,15236644,76630161.56
2024-01-29 14:30:00,5.027,5.047,5.013,5.046,20790187,104685521.61
2024-01-29 15:00:00,5.046,5.065,5.012,5.013,23828332,119856509.96
2024-01-30 10:00:00,4.993,5.027,4.955,5.001,39344706,196500576.67
2024-01-30 10:30:00,5.002,5.024,4.976,4.98,25776737,128711840.09
2024-01-30 11:00:00,4.98,5.009,4.973,4.994,22882005,114226968.96
2024-01-30 11:30:00,4.995,5.001,4.983,4.994,5772229,28818815.32
2024-01-30 13:30:00,4.994,4.995,4.968,4.968,10018145,49860307.67
2024-01-30 14:00:00,4.968,5.003,4.967,4.974,14553069,72493687.71
2024-01-30 14:30:00,4.974,4.974,4.927,4.931,30789213,152221869.07
2024-01-30 15:00:00,4.931,4.939,4.888,4.918,39437459,193835110.98
2024-01-31 10:00:00,4.9,4.918,4.851,4.853,55939010,272646734.74
2024-01-31 10:30:00,4.852,4.857,4.779,4.779,74131259,356200699.5
2024-01-31 11:00:00,4.78,4.867,4.779,4.855,34559440,167048813.15
2024-01-31 11:30:00,4.854,4.889,4.841,4.873,21139127,102898223.86
2024-01-31 13:30:00,4.873,4.882,4.831,4.836,14365917,69669908.81
2024-01-31 14:00:00,4.837,4.844,4.811,4.838,23703488,114511550.53
2024-01-31 14:30:00,4.84,4.843,4.78,4.787,36541121,175519184.54
2024-01-31 15:00:00,4.788,4.823,4.776,4.784,86668991,415520032.52
2024-02-01 10:00:00,4.756,4.783,4.709,4.712,90986865,430792476.82
2024-02-01 10:30:00,4.712,4.856,4.709,4.841,85310814,409662528.83
2024-02-01 11:00:00,4.841,4.852,4.797,4.807,38738904,186669865.41
2024-02-01 11:30:00,4.806,4.841,4.806,4.813,35773683,172429152.06
2024-02-01 13:30:00,4.813,4.822,4.769,4.793,27456386,131644218.74
2024-02-01 14:00:00,4.793,4.802,4.76,4.772,18319269,87529467.28
2024-02-01 14:30:00,4.772,4.792,4.757,4.768,27348510,130516205.89
2024-02-01 15:00:00,4.769,4.776,4.762,4.766,24268054,115710081.47
2024-02-02 10:00:00,4.764,4.811,4.75,4.761,65499391,312694092.63
2024-02-02 10:30:00,4.762,4.793,4.745,4.757,37802603,180129403.3
2024-02-02 11:00:00,4.754,4.759,4.73,4.752,29800214,141461615.86
2024-02-02 11:30:00,4.754,4.756,4.689,4.692,28571845,134640057.59
2024-02-02 13:30:00,4.692,4.7,4.643,4.663,58474045,272995824.76
2024-02-02 14:00:00,4.664,4.664,4.603,4.615,51532120,238456296.61
2024-02-02 14:30:00,4.615,4.619,4.504,4.612,65710931,300846545.76
2024-02-02 15:00:00,4.612,4.69,4.612,4.639,47111164,218925579.11
2024-02-05 10:00:00,4.62,4.621,4.483,4.516,152452525,692134463.5
2024-02-05 10:30:00,4.516,4.524,4.423,4.442,113494316,506525132.31
2024-02-05 11:00:00,4.442,4.46,4.351,4.383,61863249,272074569.1
2024-02-05 11:30:00,4.383,4.476,4.38,4.442,32963535,146116362.81
2024-02-05 13:30:00,4.442,4.587,4.404,4.578,566815891,2563708274.99
2024-02-05 14:00:00,4.578,4.68,4.571,4.667,722704997,3352869382.75
2024-02-05 14:30:00,4.666,4.666,4.576,4.593,481519451,2220607201.53
2024-02-05 15:00:00,4.593,4.616,4.521,4.533,1381199613,6293666236.57
2024-02-06 10:00:00,4.483,4.665,4.465,4.638,301115696,1381920300.84
2024-02-06 10:30:00,4.638,4.675,4.638,4.651,82989703,386289404.23
2024-02-06 11:00:00,4.651,4.719,4.65,4.683,100440316,470462440.14
2024-02-06 11:30:00,4.683,4.704,4.666,4.684,43252149,202621900.68
2024-02-06 13:30:00,4.681,4.837,4.681,4.836,254171015,1216123583.1
2024-02-06 14:00:00,4.836,4.93,4.834,4.881,126492768,617495529.12
2024-02-06 14:30:00,4.881,4.885,4.855,4.857,46208877,224836992.52
2024-02-06 15:00:00,4.857,4.916,4.85,4.914,73373884,359042872.37
2024-02-07 10:00:00,4.941,5.107,4.903,5.104,295134888,1486889565.74
2024-02-07 10:30:00,5.104,5.171,5.085,5.146,224879097,1154529284.0
2024-02-07 11:00:00,5.146,5.156,5.1,5.136,103352295,530266174.88
2024-02-07 11:30:00,5.136,5.196,5.133,5.19,136025954,703662260.04
2024-02-07 13:30:00,5.189,5.192,5.109,5.141,139488086,717991674.67
2024-02-07 14:00:00,5.142,5.156,5.125,5.143,53184534,273439417.47
2024-02-07 14:30:00,5.143,5.146,5.1,5.122,74312440,380677859.31
2024-02-07 15:00:00,5.121,5.235,5.121,5.214,297655281,1544830908.39
2024-02-08 10:00:00,5.297,5.399,5.227,5.386,415227927,2216209855.71
2024-02-08 10:30:00,5.386,5.475,5.383,5.46,394184014,2144098246.82
2024-02-08 11:00:00,5.459,5.462,5.411,5.411,171695916,931965432.05
2024-02-08 11:30:00,5.411,5.424,5.35,5.367,69059342,371562279.74
2024-02-08 13:30:00,5.367,5.38,5.265,5.272,213058289,1130416262.0
2024-02-08 14:00:00,5.272,5.272,5.215,5.246,111322456,583812066.75
2024-02-08 14:30:00,5.246,5.279,5.221,5.233,72122051,378232076.13
2024-02-08 15:00:00,5.234,5.255,5.216,5.246,173836558,910729727.36
2024-02-19 10:00:00,5.3,5.3,5.197,5.235,599759226,3145137381.14
2024-02-19 10:30:00,5.239,5.274,5.212,5.274,368455870,1935621503.73
2024-02-19 11:00:00,5.273,5.278,5.19,5.194,80183034,418608892.84
2024-02-19 11:30:00,5.194,5.2,5.173,5.186,72192469,374414208.39
2024-02-19 13:30:00,5.186,5.187,5.145,5.162,129849851,670631197.13
2024-02-19 14:00:00,5.165,5.183,5.16,5.172,135421853,700356683.1
2024-02-19 14:30:00,5.172,5.197,5.168,5.176,70830386,366925009.61
2024-02-19 15:00:00,5.177,5.22,5.176,5.218,94582811,492272003.65
2024-02-20 10:00:00,5.186,5.196,5.149,5.179,108468691,561289319.69
2024-02-20 10:30:00,5.178,5.201,5.161,5.19,50060015,259511117.76
2024-02-20 11:00:00,5.19,5.196,5.171,5.179,29038722,150478657.4
2024-02-20 11:30:00,5.179,5.187,5.163,5.18,27381961,141747284.78
2024-02-20 13:30:00,5.181,5.187,5.171,5.182,29229665,151409664.7
2024-02-20 14:00:00,5.183,5.211,5.166,5.2,60759689,315484558.52
2024-02-20 14:30:00,5.201,5.219,5.197,5.206,62031630,323019374.62
2024-02-20 15:00:00,5.207,5.228,5.206,5.215,109382161,570573812.5
2024-02-21 10:00:00,5.181,5.218,5.165,5.201,53058557,275621517.43
2024-02-21 10:30:00,5.2,5.215,5.191,5.214,26959156,140367338.91
2024-02-21 11:00:00,5.214,5.275,5.214,5.262,102393193,537598394.31
2024-02-21 11:30:00,5.263,5.303,5.26,5.302,73149244,386837585.35
2024-02-21 13:30:00,5.303,5.34,5.302,5.315,70901624,377125738.06
2024-02-21 14:00:00,5.32,5.331,5.3,5.306,57362567,304729076.76
2024-02-21 14:30:00,5.306,5.309,5.236,5.24,75111768,395213085.96
2024-02-21 15:00:00,5.24,5.252,5.206,5.216,141143655,737428549.49
2024-02-22 10:00:00,5.212,5.27,5.203,5.25,70609346,370063582.39
2024-02-22 10:30:00,5.25,5.259,5.195,5.223,60541527,316369839.59
2024-02-22 11:00:00,5.223,5.244,5.211,5.23,37494882,196035741.39
2024-02-22 11:30:00,5.232,5.241,5.21,5.221,16091791,84063516.18
2024-02-22 13:30:00,5.221,5.256,5.214,5.254,20130407,105510173.22
2024-02-22 14:00:00,5.252,5.253,5.217,5.225,17992216,94129276.71
2024-02-22 14:30:00,5.225,5.242,5.209,5.239,29319676,153341905.48
2024-02-22 15:00:00,5.239,5.259,5.228,5.258,42662488,223906957.85
2024-02-23 10:00:00,5.259,5.279,5.221,5.239,70856645,371737578.55
2024-02-23 10:30:00,5.239,5.26,5.21,5.21,38718841,202370475.63
2024-02-23 11:00:00,5.21,5.233,5.194,5.227,50728186,264699674.55
2024-02-23 11:30:00,5.227,5.233,5.212,5.223,29529361,154222009.38
2024-02-23 13:30:00,5.223,5.245,5.209,5.236,29713736,155402839.28
2024-02-23 14:00:00,5.235,5.26,5.232,5.253,31981976,167852070.71
2024-02-23 14:30:00,5.253,5.274,5.248,5.269,35997951,189481214.75
2024-02-23 15:00:00,5.269,5.283,5.265,5.283,34709705,183163113.28
2024-02-26 10:00:00,5.27,5.307,5.257,5.262,93323001,492309937.94
2024-02-26 10:30:00,5.262,5.266,5.241,5.263,26529784,139458231.23
2024-02-26 11:00:00,5.264,5.3,5.262,5.292,36632996,193593172.86
2024-02-26 11:30:00,5.292,5.3,5.279,5.286,8791639,46493117.58
2024-02-26 13:30:00,5.287,5.32,5.278,5.315,39449529,209253451.66
2024-02-26 14:00:00,5.315,5.341,5.314,5.32,110187234,586747021.05
2024-02-26 14:30:00,5.32,5.32,5.254,5.277,27182599,143623792.25
2024-02-26 15:00:00,5.277,5.301,5.27,5.271,44749781,236308676.87
2024-02-27 10:00:00,5.26,5.279,5.245,5.274,54310292,285997997.67
2024-02-27 10:30:00,5.274,5.306,5.272,5.284,29297614,154906251.09
2024-02-27 11:00:00,5.284,5.31,5.28,5.304,17116627,90683889.85
2024-02-27 11:30:00,5.305,5.337,5.301,5.336,28415978,151305610.86
2024-02-27 13:30:00,5.336,5.361,5.33,5.337,46732339,249675309.83
2024-02-27 14:00:00,5.336,5.346,5.313,5.339,26055169,138943531.22
2024-02-27 14:30:00,5.34,5.368,5.324,5.364,52775057,282452105.06
2024-02-27 15:00:00,5.364,5.4,5.358,5.4,112384101,605300767.99
2024-02-28 10:00:00,5.399,5.465,5.399,5.462,54610353,297189541.03
2024-02-28 10:30:00,5.462,5.472,5.414,5.449,37399954,203642749.53
2024-02-28 11:00:00,5.449,5.449,5.377,5.406,37882798,204971192.38
2024-02-28 11:30:00,5.406,5.409,5.337,5.371,95426824,512664707.47
2024-02-28 13:30:00,5.371,5.424,5.358,5.406,50728390,273730392.44
2024-02-28 14:00:00,5.405,5.413,5.381,5.385,43740241,235891119.71
2024-02-28 14:30:00,5.385,5.389,5.34,5.365,84468439,453145019.09
2024-02-28 15:00:00,5.365,5.38,5.257,5.263,76085902,403255280.6
2024-02-29 10:00:00,5.241,5.355,5.241,5.348,106663187,566879284.51
2024-02-29 10:30:00,5.348,5.398,5.345,5.383,82581524,443903218.67
2024-02-29 11:00:00,5.383,5.42,5.37,5.415,97285123,525501806.07
2024-02-29 11:30:00,5.415,5.415,5.347,5.359,99819209,536395156.1
2024-02-29 13:30:00,5.36,5.378,5.343,5.365,44770555,240059715.91
2024-02-29 14:00:00,5.365,5.389,5.348,5.382,41384489,222358859.4
2024-02-29 14:30:00,5.382,5.401,5.353,5.394,49384156,265818450.36
2024-02-29 15:00:00,5.395,5.444,5.39,5.426,112858988,611695714.96
2024-03-01 10:00:00,5.423,5.466,5.406,5.437,89999294,489266161.95
2024-03-01 10:30:00,5.437,5.461,5.429,5.454,58745720,320046682.56
2024-03-01 11:00:00,5.454,5.46,5.421,5.458,33602460,183010197.98
2024-03-01 11:30:00,5.459,5.459,5.425,5.437,29329990,159564922.26
2024-03-01 13:30:00,5.436,5.446,5.419,5.431,34691887,188446330.18
2024-03-01 14:00:00,5.433,5.451,5.431,5.442,16170898,87991246.32
2024-03-01 14:30:00,5.442,5.474,5.441,5.472,27959095,152721896.59
2024-03-01 15:00:00,5.472,5.478,5.446,5.468,43628979,238388741.26
2024-03-04 10:00:00,5.461,5.485,5.435,5.446,90174075,491929637.15
2024-03-04 10:30:00,5.447,5.447,5.403,5.442,101039212,548710280.63
2024-03-04 11:00:00,5.44,5.47,5.435,5.467,39862278,217541738.47
2024-03-04 11:30:00,5.467,5.47,5.442,5.453,33074236,180419957.38
2024-03-04 13:30:00,5.455,5.47,5.445,5.445,35106013,191444790.89
2024-03-04 14:00:00,5.445,5.452,5.425,5.451,43975082,239341712.97
2024-03-04 14:30:00,5.451,5.461,5.438,5.449,20476033,111580729.16
2024-03-04 15:00:00,5.453,5.471,5.45,5.467,70359378,384349828.89
2024-03-05 10:00:00,5.434,5.474,5.42,5.467,320068700,1745548000.23
2024-03-05 10:30:00,5.467,5.47,5.425,5.43,103590931,563707316.19
2024-03-05 11:00:00,5.43,5.469,5.43,5.462,167596460,914015227.35
2024-03-05 11:30:00,5.462,5.475,5.454,5.475,109100040,596559018.72
2024-03-05 13:30:00,5.475,5.475,5.44,5.455,20353614,111062887.06
2024-03-05 14:00:00,5.454,5.463,5.431,5.444,43057919,234493426.87
2024-03-05 14:30:00,5.444,5.457,5.432,5.445,225684106,1228774729.13
2024-03-05 15:00:00,5.445,5.461,5.419,5.435,447900491,2435832170.22
2024-03-06 10:00:00,5.43,5.434,5.399,5.415,42618017,230819180.07
2024-03-06 10:30:00,5.415,5.416,5.382,5.392,35693200,192624302.67
2024-03-06 11:00:00,5.393,5.418,5.392,5.418,29014092,156946894.99
2024-03-06 11:30:00,5.417,5.467,5.412,5.467,39914504,217480827.46
2024-03-06 13:30:00,5.466,5.496,5.455,5.456,77406888,423338270.47
2024-03-06 14:00:00,5.456,5.476,5.452,5.453,25888027,141357256.76
2024-03-06 14:30:00,5.453,5.462,5.432,5.443,27684097,150758364.23
2024-03-06 15:00:00,5.443,5.451,5.418,5.433,41552514,225796361.08
2024-03-07 10:00:00,5.432,5.474,5.431,5.459,40446490,220622120.79
2024-03-07 10:30:00,5.459,5.466,5.447,5.455,22430452,122380546.11
2024-03-07 11:00:00,5.457,5.468,5.455,5.455,20102085,109743982.71
2024-03-07 11:30:00,5.455,5.457,5.41,5.413,24167878,131151017.95
2024-03-07 13:30:00,5.412,5.413,5.392,5.403,44031417,237887068.91
2024-03-07 14:00:00,5.403,5.415,5.387,5.388,19599682,105772950.53
2024-03-07 14:30:00,5.388,5.408,5.38,5.39,22053911,118929390.72
2024-03-07 15:00:00,5.391,5.395,5.357,5.363,57400986,308338963.13
2024-03-08 10:00:00,5.37,5.408,5.366,5.398,52241873,281618523.39
2024-03-08 10:30:00,5.397,5.402,5.372,5.383,30610440,164857626.36
2024-03-08 11:00:00,5.384,5.384,5.354,5.355,20717983,111138166.81
2024-03-08 11:30:00,5.355,5.393,5.353,5.391,39455238,212229725.2
2024-03-08 13:30:00,5.391,5.4,5.381,5.387,17725216,95527097.43
2024-03-08 14:00:00,5.387,5.407,5.387,5.397,26332089,142114284.33
2024-03-08 14:30:00,5.397,5.431,5.394,5.429,42813445,231963245.01
2024-03-08 15:00:00,5.428,5.453,5.425,5.433,75157281,408630136.8
2024-03-11 10:00:00,5.432,5.451,5.423,5.446,80019323,435305117.12
2024-03-11 10:30:00,5.446,5.453,5.432,5.442,39558077,215288241.06
2024-03-11 11:00:00,5.442,5.458,5.431,5.446,40415569,220062773.2
2024-03-11 11:30:00,5.446,5.466,5.437,5.466,25708140,140272181.22
2024-03-11 13:30:00,5.465,5.476,5.461,5.462,23166084,126633537.17
2024-03-11 14:00:00,5.463,5.482,5.456,5.47,33994769,185928723.25
2024-03-11 14:30:00,5.469,5.495,5.468,5.49,25493875,139816908.46
2024-03-11 15:00:00,5.49,5.539,5.49,5.538,130828243,722477167.26
2024-03-12 10:00:00,5.535,5.564,5.527,5.556,110232551,611680425.5
2024-03-12 10:30:00,5.555,5.555,5.488,5.497,62746350,345941543.0
2024-03-12 11:00:00,5.498,5.504,5.474,5.478,46633339,255799408.86
2024-03-12 11:30:00,5.479,5.512,5.468,5.492,60497234,332170146.15
2024-03-12 13:30:00,5.493,5.51,5.492,5.498,21682808,119255444.0
2024-03-12 14:00:00,5.498,5.513,5.479,5.511,35487589,195217227.09
2024-03-12 14:30:00,5.511,5.517,5.482,5.498,42733098,234989305.9
2024-03-12 15:00:00,5.499,5.508,5.497,5.506,37755908,207795932.33
2024-03-13 10:00:00,5.506,5.512,5.491,5.493,71073565,390809842.75
2024-03-13 10:30:00,5.492,5.496,5.48,5.48,26795052,146979791.9
2024-03-13 11:00:00,5.48,5.496,5.47,5.495,28292469,155240777.4
2024-03-13 11:30:00,5.496,5.513,5.487,5.51,29628689,163056551.8
2024-03-13 13:30:00,5.51,5.533,5.5,5.529,27113078,149682265.95
2024-03-13 14:00:00,5.528,5.549,5.522,5.538,49552886,274341294.52
2024-03-13 14:30:00,5.539,5.541,5.497,5.504,55806916,307719334.82
2024-03-13 15:00:00,5.504,5.508,5.481,5.497,58441894,321157688.16
2024-03-14 10:00:00,5.488,5.531,5.488,5.519,57612669,317599439.97
2024-03-14 10:30:00,5.518,5.524,5.478,5.483,39383475,216412195.12
2024-03-14 11:00:00,5.484,5.504,5.481,5.495,26766954,147039800.64
2024-03-14 11:30:00,5.495,5.515,5.488,5.494,21447943,117942238.56
2024-03-14 13:30:00,5.494,5.501,5.475,5.477,30638129,168029712.15
2024-03-14 14:00:00,5.476,5.486,5.46,5.468,40613678,222210970.23
2024-03-14 14:30:00,5.468,5.468,5.433,5.458,58511047,319060739.29
2024-03-14 15:00:00,5.459,5.483,5.458,5.475,43220602,236503134.14
2024-03-15 10:00:00,5.463,5.477,5.447,5.461,60382378,329788421.18
2024-03-15 10:30:00,5.461,5.468,5.45,5.455,19972318,109002254.2
2024-03-15 11:00:00,5.456,5.458,5.437,5.441,49548634,269808828.34
2024-03-15 11:30:00,5.441,5.467,5.437,5.465,55360078,302063038.93
2024-03-15 13:30:00,5.465,5.476,5.455,5.457,82941405,453081248.38
2024-03-15 14:00:00,5.458,5.51,5.457,5.497,113260600,621574172.8
2024-03-15 14:30:00,5.499,5.511,5.493,5.507,37127727,204338633.5
2024-03-15 15:00:00,5.507,5.55,5.506,5.548,92951975,514458197.63
2024-03-18 10:00:00,5.552,5.571,5.549,5.568,60167331,334690806.58
2024-03-18 10:30:00,5.568,5.576,5.551,5.574,38019620,211655224.54
2024-03-18 11:00:00,5.574,5.579,5.546,5.549,26030009,144674790.02
2024-03-18 11:30:00,5.549,5.572,5.541,5.568,29232975,162545085.32
2024-03-18 13:30:00,5.566,5.579,5.559,5.568,25463737,141799063.44
2024-03-18 14:00:00,5.568,5.593,5.568,5.587,43239966,241394316.86
2024-03-18 14:30:00,5.588,5.597,5.575,5.594,20663554,115481715.45
2024-03-18 15:00:00,5.594,5.624,5.593,5.62,80388248,451165643.86
2024-03-19 10:00:00,5.61,5.611,5.59,5.604,51550297,288767580.36
2024-03-19 10:30:00,5.604,5.615,5.595,5.608,29343080,164497306.48
2024-03-19 11:00:00,5.608,5.609,5.591,5.598,19403749,108648058.57
2024-03-19 11:30:00,5.598,5.599,5.57,5.578,14816517,82710736.73
2024-03-19 13:30:00,5.578,5.599,5.574,5.59,23638918,132086394.14
2024-03-19 14:00:00,5.589,5.599,5.584,5.593,49350746,275969371.63
2024-03-19 14:30:00,5.594,5.602,5.571,5.582,54374461,303681364.68
2024-03-19 15:00:00,5.582,5.587,5.557,5.563,32917336,183316644.18
2024-03-20 10:00:00,5.562,5.583,5.559,5.576,33337490,185778719.27
2024-03-20 10:30:00,5.577,5.577,5.55,5.554,20774742,115514490.43
2024-03-20 11:00:00,5.554,5.57,5.547,5.561,23506577,130680897.07
2024-03-20 11:30:00,5.561,5.564,5.543,5.561,13533087,75189831.37
2024-03-20 13:30:00,5.562,5.582,5.557,5.564,30804794,171510824.73
2024-03-20 14:00:00,5.566,5.581,5.564,5.57,22376126,124672315.36
2024-03-20 14:30:00,5.571,5.591,5.561,5.567,27874351,155343758.12
2024-03-20 15:00:00,5.566,5.576,5.564,5.576,16101961,89720126.69
2024-03-21 10:00:00,5.588,5.599,5.579,5.594,43367031,242450614.64
2024-03-21 10:30:00,5.594,5.595,5.56,5.566,27480000,153164360.0
2024-03-21 11:00:00,5.566,5.572,5.538,5.547,22975557,127567950.98
2024-03-21 11:30:00,5.546,5.55,5.537,5.543,17990273,99726080.0
2024-03-21 13:30:00,5.543,5.553,5.537,5.548,37465986,207786358.36
2024-03-21 14:00:00,5.546,5.573,5.541,5.568,39886945,221798005.5
2024-03-21 14:30:00,5.568,5.572,5.554,5.572,26836498,149371947.87
2024-03-21 15:00:00,5.572,5.577,5.545,5.549,27437597,152470726.53
2024-03-22 10:00:00,5.547,5.548,5.492,5.493,39793415,219301510.06
2024-03-22 10:30:00,5.493,5.5,5.47,5.473,35760992,196005997.15
2024-03-22 11:00:00,5.473,5.479,5.44,5.455,23250767,126902686.29
2024-03-22 11:30:00,5.455,5.47,5.437,5.443,21723933,118395434.85
2024-03-22 13:30:00,5.444,5.48,5.439,5.478,33806048,184772589.69
2024-03-22 14:00:00,5.477,5.491,5.463,5.475,22008703,120526993.86
2024-03-22 14:30:00,5.475,5.501,5.469,5.488,13946267,76509220.76
2024-03-22 15:00:00,5.488,5.493,5.461,5.464,56673188,310153466.86
2024-03-25 10:00:00,5.459,5.459,5.415,5.435,83732659,455198645.21
2024-03-25 10:30:00,5.435,5.459,5.425,5.449,24069440,131042054.51
2024-03-25 11:00:00,5.45,5.463,5.446,5.453,13228557,72148549.88
2024-03-25 11:30:00,5.454,5.485,5.449,5.47,24579978,134403319.7
2024-03-25 13:30:00,5.47,5.483,5.457,5.463,29541909,161525311.11
2024-03-25 14:00:00,5.462,5.466,5.446,5.446,15903097,86714286.91
2024-03-25 14:30:00,5.446,5.452,5.403,5.417,27919831,151437163.34
2024-03-25 15:00:00,5.417,5.425,5.374,5.386,51580738,278278081.51
2024-03-26 10:00:00,5.386,5.408,5.366,5.386,108601784,585001609.81
2024-03-26 10:30:00,5.385,5.393,5.363,5.387,73816263,397205311.2
2024-03-26 11:00:00,5.387,5.394,5.368,5.372,20681580,111225537.24
2024-03-26 11:30:00,5.372,5.375,5.346,5.346,48643523,260518494.68
2024-03-26 13:30:00,5.345,5.364,5.337,5.343,70960155,379494908.94
2024-03-26 14:00:00,5.343,5.376,5.325,5.368,51971754,278378038.34
2024-03-26 14:30:00,5.368,5.396,5.352,5.37,29267050,157242103.97
2024-03-26 15:00:00,5.37,5.379,5.359,5.36,71224675,382191606.05
2024-03-27 10:00:00,5.358,5.358,5.303,5.321,70894961,377681088.9
2024-03-27 10:30:00,5.321,5.321,5.3,5.317,49279944,261807915.82
2024-03-27 11:00:00,5.318,5.318,5.294,5.309,40095865,212788755.55
2024-03-27 11:30:00,5.309,5.312,5.293,5.311,25039546,132843138.05
2024-03-27 13:30:00,5.31,5.312,5.294,5.296,11713610,62089942.07
2024-03-27 14:00:00,5.297,5.324,5.296,5.302,23613041,125322279.6
2024-03-27 14:30:00,5.302,5.323,5.291,5.301,29942922,158847201.21
2024-03-27 15:00:00,5.301,5.303,5.233,5.238,89643192,471343903.54
2024-03-28 10:00:00,5.239,5.275,5.239,5.267,46550118,244869137.39
2024-03-28 10:30:00,5.267,5.296,5.267,5.285,41938828,221548848.71
2024-03-28 11:00:00,5.285,5.321,5.285,5.313,52934671,280889009.22
2024-03-28 11:30:00,5.314,5.361,5.309,5.345,47092854,251397352.27
2024-03-28 13:30:00,5.345,5.361,5.317,5.335,25673673,137037508.58
2024-03-28 14:00:00,5.335,5.345,5.317,5.32,21403970,114026082.85
2024-03-28 14:30:00,5.32,5.344,5.302,5.303,46788880,248745282.37
2024-03-28 15:00:00,5.303,5.305,5.275,5.303,73140608,387230758.95
2024-03-29 10:00:00,5.295,5.327,5.295,5.322,57473607,305453063.34
2024-03-29 10:30:00,5.323,5.324,5.288,5.305,39598577,210096850.04
2024-03-29 11:00:00,5.306,5.315,5.295,5.314,43098956,228769258.45
2024-03-29 11:30:00,5.314,5.325,5.298,5.307,29428976,156267862.56
2024-03-29 13:30:00,5.307,5.329,5.301,5.323,33729325,179361307.24
2024-03-29 14:00:00,5.323,5.33,5.315,5.326,31871910,169675424.87
2024-03-29 14:30:00,5.328,5.372,5.326,5.344,71750328,383672920.59
2024-03-29 15:00:00,5.344,5.375,5.342,5.37,76175179,408476701.52
2024-04-01 10:00:00,5.387,5.46,5.386,5.449,164825714,895278336.54
2024-04-01 10:30:00,5.449,5.48,5.434,5.478,60222647,329056543.21
2024-04-01 11:00:00,5.478,5.482,5.452,5.464,36513391,199582195.21
2024-04-01 11:30:00,5.464,5.474,5.446,5.463,24796411,135413200.47
2024-04-01 13:30:00,5.464,5.468,5.448,5.454,22030702,120214197.25
2024-04-01 14:00:00,5.454,5.457,5.442,5.457,14814403,80768125.16
2024-04-01 14:30:00,5.456,5.474,5.45,5.468,14578012,79654257.57
2024-04-01 15:00:00,5.468,5.493,5.466,5.483,68628992,376132628.82
2024-04-02 10:00:00,5.483,5.489,5.457,5.466,26293803,143844631.61
2024-04-02 10:30:00,5.466,5.466,5.431,5.448,47029344,256231542.56
2024-04-02 11:00:00,5.448,5.465,5.442,5.463,43390623,236768166.17
2024-04-02 11:30:00,5.463,5.475,5.452,5.47,40917179,223639661.35
2024-04-02 13:30:00,5.47,5.471,5.449,5.457,39303201,214556174.26
2024-04-02 14:00:00,5.457,5.468,5.447,5.457,53582894,292419713.52
2024-04-02 14:30:00,5.458,5.464,5.447,5.453,54127758,295248877.3
2024-04-02 15:00:00,5.453,5.465,5.439,5.464,27536546,150239394.98
2024-04-03 10:00:00,5.456,5.46,5.438,5.444,97863115,533093008.44
2024-04-03 10:30:00,5.444,5.449,5.428,5.433,74733482,406301030.47
2024-04-03 11:00:00,5.435,5.454,5.431,5.441,31651171,172245672.58
2024-04-03 11:30:00,5.442,5.458,5.437,5.457,33583839,183054311.78
2024-04-03 13:30:00,5.457,5.465,5.445,5.455,35988358,196316492.89
2024-04-03 14:00:00,5.455,5.466,5.446,5.455,60637011,330815319.68
2024-04-03 14:30:00,5.457,5.463,5.448,5.456,28468397,155314084.57
2024-04-03 15:00:00,5.456,5.464,5.449,5.462,34873172,190349397.17
2024-04-08 10:00:00,5.45,5.451,5.409,5.431,125080865,679230790.57
2024-04-08 10:30:00,5.431,5.465,5.423,5.456,33160917,180660675.82
2024-04-08 11:00:00,5.457,5.465,5.442,5.459,17246655,94086251.91
2024-04-08 11:30:00,5.459,5.461,5.43,5.431,22934268,124777707.43
2024-04-08 13:30:00,5.431,5.438,5.423,5.424,20367978,110564173.91
2024-04-08 14:00:00,5.423,5.423,5.399,5.401,24960331,134977149.94
2024-04-08 14:30:00,5.401,5.412,5.382,5.396,39099420,211006536.6
2024-04-08 15:00:00,5.396,5.405,5.375,5.379,46476730,250339160.02
2024-04-09 10:00:00,5.374,5.403,5.371,5.374,35780097,192592335.45
2024-04-09 10:30:00,5.374,5.398,5.369,5.391,27606644,148689384.58
2024-04-09 11:00:00,5.392,5.403,5.385,5.403,17095027,92261860.72
2024-04-09 11:30:00,5.402,5.423,5.398,5.399,20780483,112353144.75
2024-04-09 13:30:00,5.401,5.416,5.397,5.4,13213595,71410671.91
2024-04-09 14:00:00,5.4,5.407,5.394,5.397,24046315,129834070.12
2024-04-09 14:30:00,5.398,5.416,5.386,5.415,21916208,118471715.05
2024-04-09 15:00:00,5.415,5.426,5.412,5.424,18233756,98839113.36
2024-04-10 10:00:00,5.421,5.421,5.38,5.4,78900624,426089669.81
2024-04-10 10:30:00,5.4,5.4,5.356,5.364,37502372,201512745.55
2024-04-10 11:00:00,5.364,5.377,5.358,5.366,9144137,49076583.28
2024-04-10 11:30:00,5.366,5.383,5.363,5.366,7513691,40353529.8
2024-04-10 13:30:00,5.366,5.368,5.344,5.345,9705020,51944502.05
2024-04-10 14:00:00,5.346,5.357,5.32,5.329,15595819,83208892.97
2024-04-10 14:30:00,5.329,5.364,5.329,5.363,25696359,137526913.37
2024-04-10 15:00:00,5.363,5.378,5.352,5.36,13517418,72498418.54
2024-04-11 10:00:00,5.336,5.366,5.325,5.361,33857813,181161871.43
2024-04-11 10:30:00,5.361,5.405,5.359,5.398,36150842,194756636.13
2024-04-11 11:00:00,5.399,5.406,5.388,5.402,20830606,112457498.26
2024-04-11 11:30:00,5.403,5.419,5.389,5.407,23406024,126509559.72
2024-04-11 13:30:00,5.408,5.44,5.407,5.438,77508214,420740421.66
2024-04-11 14:00:00,5.438,5.441,5.409,5.413,60550831,328246054.85
2024-04-11 14:30:00,5.414,5.417,5.381,5.387,20802922,112231764.19
2024-04-11 15:00:00,5.387,5.397,5.371,5.386,30693786,165275806.35
2024-04-12 10:00:00,5.386,5.413,5.373,5.383,46965331,253127478.98
2024-04-12 10:30:00,5.383,5.383,5.363,5.369,80185057,430727397.85
2024-04-12 11:00:00,5.369,5.384,5.362,5.371,33077536,177703549.24
2024-04-12 11:30:00,5.372,5.38,5.366,5.372,28022250,150554208.5
2024-04-12 13:30:00,5.373,5.425,5.372,5.412,35880391,193861752.57
2024-04-12 14:00:00,5.413,5.417,5.395,5.402,13402930,72438369.01
2024-04-12 14:30:00,5.403,5.403,5.363,5.368,28628905,153966251.09
2024-04-12 15:00:00,5.369,5.376,5.347,5.357,46128883,247250812.88
2024-04-15 10:00:00,5.35,5.413,5.303,5.347,70832680,379261779.61
2024-04-15 10:30:00,5.347,5.45,5.346,5.432,82756105,447655357.31
2024-04-15 11:00:00,5.433,5.454,5.422,5.452,23105394,125754957.74
2024-04-15 11:30:00,5.451,5.464,5.423,5.435,19741780,107408444.39
2024-04-15 13:30:00,5.435,5.439,5.408,5.417,21688851,117582490.89
2024-04-15 14:00:00,5.417,5.427,5.406,5.417,10313556,55865095.0
2024-04-15 14:30:00,5.417,5.417,5.357,5.365,28981009,155908168.08
2024-04-15 15:00:00,5.365,5.429,5.353,5.427,57696383,311733557.35
2024-04-16 10:00:00,5.396,5.429,5.356,5.365,103251599,555837774.62
2024-04-16 10:30:00,5.365,5.381,5.326,5.33,57002634,304717080.49
2024-04-16 11:00:00,5.332,5.352,5.316,5.339,37398094,199543763.55
2024-04-16 11:30:00,5.34,5.346,5.319,5.334,14623914,77989333.36
2024-04-16 13:30:00,5.335,5.37,5.323,5.362,26301717,140758022.15
2024-04-16 14:00:00,5.362,5.368,5.333,5.339,44541828,238150307.04
2024-04-16 14:30:00,5.339,5.34,5.301,5.311,31240471,166115997.8
2024-04-16 15:00:00,5.311,5.314,5.263,5.283,76154353,402602679.53
2024-04-17 10:00:00,5.288,5.37,5.288,5.368,67128206,358598876.45
2024-04-17 10:30:00,5.368,5.375,5.351,5.365,42454765,227713207.87
2024-04-17 11:00:00,5.365,5.388,5.362,5.377,46467990,249796424.91
2024-04-17 11:30:00,5.377,5.385,5.361,5.367,33405906,179423121.13
2024-04-17 13:30:00,5.368,5.369,5.329,5.343,50637600,270759247.2
2024-04-17 14:00:00,5.344,5.391,5.343,5.383,39611201,212804575.51
2024-04-17 14:30:00,5.384,5.41,5.375,5.405,41898452,226111979.29
2024-04-17 15:00:00,5.405,5.424,5.389,5.421,61738337,334086720.95
2024-04-18 10:00:00,5.41,5.414,5.377,5.408,68291444,368751033.79
2024-04-18 10:30:00,5.409,5.445,5.405,5.445,49169521,267072448.23
2024-04-18 11:00:00,5.445,5.5,5.445,5.47,72290465,395549327.66
2024-04-18 11:30:00,5.47,5.486,5.447,5.47,40523496,221568968.3
2024-04-18 13:30:00,5.471,5.475,5.446,5.455,18416827,100531319.65
2024-04-18 14:00:00,5.455,5.46,5.436,5.451,17252917,94011144.73
2024-04-18 14:30:00,5.451,5.464,5.44,5.459,30956931,168849420.65
2024-04-18 15:00:00,5.459,5.46,5.427,5.43,43415998,236139613.12
2024-04-19 10:00:00,5.413,5.451,5.412,5.432,56077523,304594412.43
2024-04-19 10:30:00,5.432,5.437,5.389,5.4,60803019,328863262.1
2024-04-19 11:00:00,5.401,5.414,5.382,5.383,36227293,195373791.15
2024-04-19 11:30:00,5.383,5.394,5.37,5.391,46600283,250942523.96
2024-04-19 13:30:00,5.39,5.416,5.39,5.402,22678825,122526131.87
2024-04-19 14:00:00,5.404,5.405,5.379,5.379,28801743,155174190.7
2024-04-19 14:30:00,5.379,5.404,5.375,5.388,49086828,264528916.09
2024-04-19 15:00:00,5.39,5.402,5.377,5.395,57058486,307621317.52
2024-04-22 10:00:00,5.386,5.416,5.34,5.416,64184880,345999293.12
2024-04-22 10:30:00,5.417,5.43,5.4,5.403,34497659,186666832.85
2024-04-22 11:00:00,5.402,5.402,5.378,5.394,15354954,82783675.33
2024-04-22 11:30:00,5.394,5.4,5.366,5.369,8839917,47544020.26
2024-04-22 13:30:00,5.369,5.374,5.346,5.355,16873989,90416457.72
2024-04-22 14:00:00,5.355,5.371,5.348,5.368,16815382,90169683.41
2024-04-22 14:30:00,5.368,5.383,5.355,5.357,13147913,70538553.24
2024-04-22 15:00:00,5.359,5.362,5.346,5.348,26130290,139849312.08
2024-04-23 10:00:00,5.348,5.374,5.311,5.319,56021558,298856338.08
2024-04-23 10:30:00,5.319,5.321,5.293,5.294,31788393,168563251.95
2024-04-23 11:00:00,5.295,5.301,5.281,5.289,28652369,151580582.8
2024-04-23 11:30:00,5.289,5.299,5.287,5.296,12204139,64608711.87
2024-04-23 13:30:00,5.298,5.302,5.286,5.297,10580015,56021179.42
2024-04-23 14:00:00,5.298,5.316,5.283,5.289,14253752,75487870.59
2024-04-23 14:30:00,5.289,5.296,5.276,5.281,11679545,61718608.96
2024-04-23 15:00:00,5.281,5.303,5.281,5.288,23836542,126111198.21
2024-04-24 10:00:00,5.296,5.31,5.26,5.28,29979477,158391570.15
2024-04-24 10:30:00,5.28,5.313,5.279,5.295,26243804,138978438.05
2024-04-24 11:00:00,5.295,5.308,5.293,5.3,14786795,78374942.43
2024-04-24 11:30:00,5.3,5.304,5.288,5.3,14224621,75352558.98
2024-04-24 13:30:00,5.3,5.318,5.296,5.31,22006320,116809546.56
2024-04-24 14:00:00,5.31,5.326,5.307,5.316,20029615,106484109.88
2024-04-24 14:30:00,5.317,5.323,5.305,5.317,16323037,86756941.66
2024-04-24 15:00:00,5.318,5.35,5.317,5.35,33551740,179132739.86
2024-04-25 10:00:00,5.33,5.333,5.31,5.333,44638449,237714620.41
2024-04-25 10:30:00,5.334,5.353,5.333,5.352,23721473,126814994.66
2024-04-25 11:00:00,5.352,5.38,5.352,5.376,33423484,179461826.76
2024-04-25 11:30:00,5.376,5.385,5.353,5.354,26849363,144019983.13
2024-04-25 13:30:00,5.354,5.356,5.336,5.343,12399821,66277043.24
2024-04-25 14:00:00,5.343,5.354,5.333,5.337,8942062,47762533.83
2024-04-25 14:30:00,5.337,5.338,5.318,5.328,11553023,61554506.54
2024-04-25 15:00:00,5.329,5.353,5.328,5.344,31138745,166332796.21
2024-04-26 10:00:00,5.347,5.401,5.346,5.379,116306504,625186227.83
2024-04-26 10:30:00,5.379,5.406,5.379,5.392,53185223,286792450.82
2024-04-26 11:00:00,5.393,5.408,5.386,5.399,43664719,235687598.26
2024-04-26 11:30:00,5.4,5.429,5.398,5.417,75293960,407691695.41
2024-04-26 13:30:00,5.417,5.454,5.416,5.448,116953635,636149805.31
2024-04-26 14:00:00,5.448,5.46,5.432,5.435,119669099,651279126.46
2024-04-26 14:30:00,5.436,5.466,5.43,5.462,146344159,797965917.64
2024-04-26 15:00:00,5.463,5.475,5.46,5.462,125568406,686315051.06
2024-04-29 10:00:00,5.469,5.51,5.465,5.51,152595400,838511723.0
2024-04-29 10:30:00,5.51,5.552,5.507,5.542,98582684,545523712.36
2024-04-29 11:00:00,5.542,5.563,5.539,5.55,71902790,399108419.69
2024-04-29 11:30:00,5.549,5.576,5.546,5.551,54745407,304256723.64
2024-04-29 13:30:00,5.55,5.562,5.545,5.557,27601336,153316221.03
2024-04-29 14:00:00,5.557,5.57,5.548,5.558,41538885,230900815.42
2024-04-29 14:30:00,5.559,5.58,5.552,5.578,46234366,257525418.62
2024-04-29 15:00:00,5.579,5.586,5.564,5.568,73440603,409260000.32
2024-04-30 10:00:00,5.565,5.574,5.54,5.554,70446369,391400026.16
2024-04-30 10:30:00,5.555,5.567,5.545,5.548,38965098,216386177.56
2024-04-30 11:00:00,5.548,5.557,5.539,5.548,39598199,219690808.05
2024-04-30 11:30:00,5.548,5.55,5.526,5.536,31073102,172062123.47
2024-04-30 13:30:00,5.536,5.545,5.53,5.54,20958500,116075159.17
2024-04-30 14:00:00,5.541,5.556,5.535,5.55,27534842,152735768.57
2024-04-30 14:30:00,5.55,5.558,5.537,5.54,15744552,87303540.84
2024-04-30 15:00:00,5.54,5.545,5.528,5.532,32371455,179176003.42
2024-05-06 10:00:00,5.6,5.628,5.589,5.613,210669559,1181856225.99
2024-05-06 10:30:00,5.612,5.63,5.601,5.62,83796425,470684519.22
2024-05-06 11:00:00,5.62,5.625,5.609,5.619,30259458,169987548.56
2024-05-06 11:30:00,5.62,5.629,5.61,5.614,24391295,137022164.88
2024-05-06 13:30:00,5.613,5.618,5.599,5.601,49191850,275769511.1
2024-05-06 14:00:00,5.601,5.615,5.59,5.613,25511648,143018298.69
2024-05-06 14:30:00,5.613,5.623,5.608,5.614,16869569,94722629.93
2024-05-06 15:00:00,5.614,5.624,5.607,5.614,72277146,405836174.79
2024-05-07 10:00:00,5.61,5.631,5.604,5.627,45625373,256445013.18
2024-05-07 10:30:00,5.627,5.63,5.606,5.612,39269448,220537219.97
2024-05-07 11:00:00,5.613,5.617,5.595,5.597,19127979,107174066.34
2024-05-07 11:30:00,5.597,5.61,5.596,5.596,17127640,95926202.43
2024-05-07 13:30:00,5.597,5.61,5.593,5.609,17745854,99447765.82
2024-05-07 14:00:00,5.609,5.619,5.607,5.617,25835599,145049664.65
2024-05-07 14:30:00,5.617,5.622,5.605,5.606,19104149,107193380.04
2024-05-07 15:00:00,5.606,5.616,5.599,5.615,45096706,252992520.66
2024-05-08 10:00:00,5.61,5.61,5.564,5.58,65185836,364041165.45
2024-05-08 10:30:00,5.58,5.58,5.559,5.564,47608543,265068497.91
2024-05-08 11:00:00,5.563,5.57,5.559,5.566,35719450,198778739.25
2024-05-08 11:30:00,5.567,5.567,5.554,5.556,18867015,104881736.38
2024-05-08 13:30:00,5.555,5.559,5.548,5.557,16371827,90940041.71
2024-05-08 14:00:00,5.557,5.568,5.551,5.556,49298534,274017684.82
2024-05-08 14:30:00,5.556,5.565,5.546,5.549,38424535,213384251.03
2024-05-08 15:00:00,5.549,5.553,5.538,5.541,126081225,698994311.4
2024-05-09 10:00:00,5.539,5.628,5.539,5.626,87213608,488192706.38
2024-05-09 10:30:00,5.627,5.629,5.614,5.618,32032617,180033985.08
2024-05-09 11:00:00,5.617,5.645,5.614,5.641,41328716,232818433.47
2024-05-09 11:30:00,5.641,5.66,5.641,5.66,35077071,198314067.08
2024-05-09 13:30:00,5.659,5.663,5.642,5.643,23089138,130438236.94
2024-05-09 14:00:00,5.643,5.658,5.642,5.648,16602603,93793638.55
2024-05-09 14:30:00,5.648,5.65,5.631,5.645,18808752,106118978.78
2024-05-09 15:00:00,5.645,5.653,5.637,5.642,42855397,241875860.67
2024-05-10 10:00:00,5.647,5.666,5.594,5.594,171926020,965880380.36
2024-05-10 10:30:00,5.595,5.599,5.586,5.591,118812919,664401843.05
2024-05-10 11:00:00,5.591,5.607,5.582,5.603,82692331,462856540.72
2024-05-10 11:30:00,5.604,5.608,5.588,5.602,20218049,113207595.7
2024-05-10 13:30:00,5.602,5.637,5.601,5.628,29068881,163425248.98
2024-05-10 14:00:00,5.628,5.632,5.62,5.626,24659620,138735022.12
2024-05-10 14:30:00,5.627,5.628,5.606,5.615,32006091,179756875.75
2024-05-10 15:00:00,5.616,5.627,5.615,5.627,32773948,184287909.6
2024-05-13 10:00:00,5.586,5.588,5.548,5.568,111630492,621558579.46
2024-05-13 10:30:00,5.568,5.603,5.562,5.592,52097910,291001559.29
2024-05-13 11:00:00,5.593,5.62,5.587,5.605,19432627,108900441.71
2024-05-13 11:30:00,5.606,5.607,5.587,5.601,25079226,140401866.89
2024-05-13 13:30:00,5.601,5.612,5.587,5.609,22122234,123943503.02
2024-05-13 14:00:00,5.61,5.616,5.599,5.603,27863854,156204765.52
2024-05-13 14:30:00,5.603,5.611,5.575,5.58,21944087,122638187.55
2024-05-13 15:00:00,5.58,5.595,5.572,5.594,47052374,262881613.54
2024-05-14 10:00:00,5.593,5.636,5.586,5.586,68776032,385329181.95
2024-05-14 10:30:00,5.586,5.593,5.57,5.592,41248301,230371761.08
2024-05-14 11:00:00,5.593,5.594,5.581,5.588,18601265,103937668.4
2024-05-14 11:30:00,5.587,5.602,5.58,5.594,13894114,77695885.49
2024-05-14 13:30:00,5.593,5.594,5.581,5.585,15698114,87700130.21
2024-05-14 14:00:00,5.585,5.596,5.581,5.592,16959791,94799578.43
2024-05-14 14:30:00,5.594,5.61,5.581,5.592,31534511,176414566.04
2024-05-14 15:00:00,5.593,5.597,5.584,5.587,62028235,346696481.49
2024-05-15 10:00:00,5.588,5.588,5.55,5.577,62873251,350308796.82
2024-05-15 10:30:00,5.577,5.586,5.564,5.564,32150649,179121982.46
2024-05-15 11:00:00,5.565,5.575,5.56,5.565,21586751,120166247.23
2024-05-15 11:30:00,5.565,5.584,5.562,5.584,11333715,63204350.65
2024-05-15 13:30:00,5.585,5.587,5.57,5.576,7759640,43280685.37
2024-05-15 14:00:00,5.576,5.579,5.556,5.556,28102921,156355284.8
2024-05-15 14:30:00,5.556,5.566,5.545,5.561,36747476,204217973.29
2024-05-15 15:00:00,5.562,5.567,5.527,5.543,72642521,402851207.29
2024-05-16 10:00:00,5.555,5.577,5.553,5.558,51913090,288775215.31
2024-05-16 10:30:00,5.558,5.562,5.538,5.543,29807725,165363322.39
2024-05-16 11:00:00,5.543,5.549,5.535,5.542,14074619,78001538.5
2024-05-16 11:30:00,5.542,5.56,5.533,5.557,12697494,70471091.7
2024-05-16 13:30:00,5.557,5.562,5.55,5.559,11282406,62696330.14
2024-05-16 14:00:00,5.558,5.567,5.55,5.552,12512639,69524393.16
2024-05-16 14:30:00,5.551,5.551,5.519,5.522,26120283,144462578.51
2024-05-16 15:00:00,5.522,5.523,5.495,5.514,79954863,440604598.37
2024-05-17 10:00:00,5.439,5.461,5.422,5.46,101733813,554211901.95
2024-05-17 10:30:00,5.46,5.464,5.434,5.434,51114889,278269455.72
2024-05-17 11:00:00,5.434,5.434,5.42,5.429,32371460,175701494.39
2024-05-17 11:30:00,5.43,5.437,5.42,5.426,41617831,225887714.06
2024-05-17 13:30:00,5.426,5.441,5.426,5.43,22282051,121043528.38
2024-05-17 14:00:00,5.429,5.456,5.429,5.449,23421554,127522554.35
2024-05-17 14:30:00,5.448,5.456,5.432,5.451,19412705,105728062.33
2024-05-17 15:00:00,5.452,5.507,5.451,5.507,223212363,1225063852.26
2024-05-20 10:00:00,5.507,5.538,5.492,5.53,107583982,593863580.64
2024-05-20 10:30:00,5.531,5.544,5.523,5.543,48616792,269174971.71
2024-05-20 11:00:00,5.543,5.548,5.508,5.511,72673005,401324557.94
2024-05-20 11:30:00,5.511,5.517,5.496,5.506,58797946,323761089.99
2024-05-20 13:30:00,5.506,5.52,5.505,5.512,49074297,270513883.16
2024-05-20 14:00:00,5.511,5.533,5.508,5.524,39650460,218936623.3
2024-05-20 14:30:00,5.525,5.534,5.512,5.517,80878167,446528360.01
2024-05-20 15:00:00,5.516,5.527,5.515,5.523,74998988,414119412.07
2024-05-21 10:00:00,5.506,5.518,5.488,5.488,54465729,299452578.04
2024-05-21 10:30:00,5.488,5.497,5.484,5.494,44057796,241950729.7
2024-05-21 11:00:00,5.494,5.497,5.485,5.489,23054609,126577488.28
2024-05-21 11:30:00,5.489,5.496,5.488,5.494,8610547,47294864.49
2024-05-21 13:30:00,5.494,5.496,5.487,5.495,21702781,119206141.77
2024-05-21 14:00:00,5.495,5.497,5.478,5.482,44937213,246510571.45
2024-05-21 14:30:00,5.481,5.482,5.464,5.474,37895689,207415737.79
2024-05-21 15:00:00,5.474,5.488,5.472,5.484,46132557,252867922.44
2024-05-22 10:00:00,5.479,5.493,5.466,5.488,42024583,230392772.2
2024-05-22 10:30:00,5.488,5.493,5.474,5.478,33587119,184113390.65
2024-05-22 11:00:00,5.478,5.481,5.465,5.466,34024427,186136298.64
2024-05-22 11:30:00,5.466,5.474,5.461,5.471,22058389,120629976.64
2024-05-22 13:30:00,5.472,5.482,5.463,5.469,9323785,51013535.66
2024-05-22 14:00:00,5.47,5.482,5.466,5.482,19678535,107772776.68
2024-05-22 14:30:00,5.482,5.493,5.476,5.478,21889247,120004148.47
2024-05-22 15:00:00,5.478,5.481,5.47,5.476,47013962,257432784.59
2024-05-23 10:00:00,5.465,5.465,5.406,5.41,147287699,799330342.47
2024-05-23 10:30:00,5.41,5.41,5.39,5.4,65845975,355568265.0
2024-05-23 11:00:00,5.4,5.414,5.396,5.4,30490802,164751966.81
2024-05-23 11:30:00,5.401,5.414,5.391,5.392,48552637,262135687.16
2024-05-23 13:30:00,5.393,5.396,5.38,5.383,21688685,116822486.97
2024-05-23 14:00:00,5.382,5.388,5.362,5.364,21220781,113983888.34
2024-05-23 14:30:00,5.363,5.39,5.363,5.384,28516277,153389053.98
2024-05-23 15:00:00,5.384,5.387,5.362,5.382,35639332,191632688.16
2024-05-24 10:00:00,5.361,5.417,5.361,5.397,60418204,325754816.57
2024-05-24 10:30:00,5.397,5.398,5.373,5.377,30188440,162494309.71
2024-05-24 11:00:00,5.377,5.379,5.363,5.374,17793143,95584764.2
2024-05-24 11:30:00,5.374,5.39,5.371,5.371,8578456,46129217.4
2024-05-24 13:30:00,5.372,5.376,5.355,5.357,12901532,69186615.61
2024-05-24 14:00:00,5.357,5.368,5.353,5.356,9852195,52797913.0
2024-05-24 14:30:00,5.357,5.375,5.347,5.351,17938683,96109483.95
2024-05-24 15:00:00,5.351,5.355,5.324,5.332,51502107,274866745.06
2024-05-27 10:00:00,5.345,5.362,5.307,5.329,47177320,251580921.79
2024-05-27 10:30:00,5.329,5.331,5.294,5.303,31146539,165367357.73
2024-05-27 11:00:00,5.303,5.319,5.297,5.313,14919077,79215325.84
2024-05-27 11:30:00,5.313,5.324,5.304,5.32,9092838,48337526.81
2024-05-27 13:30:00,5.32,5.344,5.311,5.335,17156986,91446735.38
2024-05-27 14:00:00,5.337,5.344,5.331,5.338,30828749,164553585.91
2024-05-27 14:30:00,5.339,5.37,5.335,5.369,30054523,161032134.23
2024-05-27 15:00:00,5.368,5.387,5.368,5.381,62178655,334438259.03
2024-05-28 10:00:00,5.377,5.377,5.337,5.364,51408441,275514971.47
2024-05-28 10:30:00,5.364,5.379,5.357,5.362,34221130,183630583.58
2024-05-28 11:00:00,5.36,5.37,5.353,5.358,26811155,143716727.85
2024-05-28 11:30:00,5.358,5.364,5.349,5.358,18898898,101241396.59
2024-05-28 13:30:00,5.359,5.362,5.348,5.351,13743386,73577507.52
2024-05-28 14:00:00,5.35,5.353,5.338,5.342,20007792,106928309.71
2024-05-28 14:30:00,5.342,5.342,5.324,5.33,24061353,128295134.2
2024-05-28 15:00:00,5.33,5.342,5.327,5.336,25318231,135072762.39
2024-05-29 10:00:00,5.33,5.38,5.329,5.379,118635156,636200796.58
2024-05-29 10:30:00,5.378,5.386,5.362,5.372,60257753,323784992.79
2024-05-29 11:00:00,5.372,5.377,5.355,5.36,33851854,181581344.86
2024-05-29 11:30:00,5.36,5.369,5.357,5.368,14410531,77307695.3
2024-05-29 13:30:00,5.369,5.372,5.349,5.351,16289394,87267713.46
2024-05-29 14:00:00,5.352,5.356,5.336,5.337,11328996,60530825.63
2024-05-29 14:30:00,5.337,5.343,5.325,5.343,20414789,108953728.89
2024-05-29 15:00:00,5.344,5.358,5.336,5.352,39167670,209494810.94
2024-05-30 10:00:00,5.347,5.375,5.318,5.372,44613045,238902855.98
2024-05-30 10:30:00,5.373,5.375,5.347,5.356,35701125,191334229.25
2024-05-30 11:00:00,5.356,5.365,5.341,5.343,12576965,67282570.43
2024-05-30 11:30:00,5.343,5.367,5.341,5.352,8383388,44879070.43
2024-05-30 13:30:00,5.352,5.353,5.326,5.331,31243513,166736214.38
2024-05-30 14:00:00,5.331,5.356,5.326,5.339,24022493,128288120.12
2024-05-30 14:30:00,5.339,5.345,5.325,5.33,14483239,77243941.33
2024-05-30 15:00:00,5.33,5.338,5.321,5.337,31428532,167576932.62
2024-05-31 10:00:00,5.347,5.381,5.344,5.381,113606182,609913722.43
2024-05-31 10:30:00,5.381,5.386,5.349,5.352,53892561,288989876.27
2024-05-31 11:00:00,5.351,5.358,5.344,5.349,12084761,64657499.6
2024-05-31 11:30:00,5.349,5.359,5.341,5.359,18229413,97582047.79
2024-05-31 13:30:00,5.358,5.363,5.338,5.341,19830738,106041566.33
2024-05-31 14:00:00,5.341,5.361,5.339,5.36,9577300,51270479.33
2024-05-31 14:30:00,5.36,5.366,5.338,5.342,24179500,129328085.67
2024-05-31 15:00:00,5.342,5.349,5.332,5.335,50709019,270718549.43
2024-06-03 10:00:00,5.329,5.329,5.286,5.325,43710172,232246713.89
2024-06-03 10:30:00,5.326,5.343,5.319,5.335,26125349,139309069.32
2024-06-03 11:00:00,5.335,5.341,5.311,5.319,16111498,85772244.85
2024-06-03 11:30:00,5.319,5.323,5.281,5.282,44413316,235183312.66
2024-06-03 13:30:00,5.281,5.291,5.27,5.29,47576385,251377759.54
2024-06-03 14:00:00,5.29,5.298,5.277,5.28,22627619,119586966.42
2024-06-03 14:30:00,5.28,5.283,5.253,5.264,49349125,259905391.67
2024-06-03 15:00:00,5.266,5.3,5.257,5.295,47185766,249329587.54
2024-06-04 10:00:00,5.289,5.311,5.273,5.31,35402536,187562635.73
2024-06-04 10:30:00,5.31,5.311,5.289,5.302,26987329,143050835.25
2024-06-04 11:00:00,5.302,5.332,5.298,5.33,22941397,122048232.04
2024-06-04 11:30:00,5.33,5.341,5.32,5.325,17078143,91003731.33
2024-06-04 13:30:00,5.325,5.326,5.311,5.318,8808903,46848682.46
2024-06-04 14:00:00,5.317,5.323,5.307,5.322,7563808,40219288.41
2024-06-04 14:30:00,5.323,5.362,5.322,5.354,50145920,268080088.32
2024-06-04 15:00:00,5.355,5.382,5.354,5.365,61372596,329386722.73
2024-06-05 10:00:00,5.365,5.369,5.345,5.369,57640877,309012741.6
2024-06-05 10:30:00,5.369,5.37,5.35,5.355,16106067,86301675.68
2024-06-05 11:00:00,5.355,5.373,5.354,5.363,22480607,120570988.88
2024-06-05 11:30:00,5.365,5.368,5.351,5.353,16546411,88644639.2
2024-06-05 13:30:00,5.353,5.354,5.345,5.347,10556687,56464199.87
2024-06-05 14:00:00,5.346,5.348,5.334,5.341,7861351,41987475.69
2024-06-05 14:30:00,5.343,5.344,5.323,5.324,14529433,77446721.03
2024-06-05 15:00:00,5.325,5.325,5.304,5.305,39063079,207477033.6
2024-06-06 10:00:00,5.324,5.34,5.32,5.321,36553490,194720441.23
2024-06-06 10:30:00,5.322,5.322,5.275,5.276,44284028,234306792.15
2024-06-06 11:00:00,5.277,5.335,5.273,5.31,34985042,185630632.85
2024-06-06 11:30:00,5.31,5.323,5.289,5.293,14608230,77447966.05
2024-06-06 13:30:00,5.294,5.318,5.283,5.293,17377870,92067955.26
2024-06-06 14:00:00,5.294,5.296,5.266,5.275,33381593,176221429.45
2024-06-06 14:30:00,5.275,5.295,5.255,5.264,38054851,200599804.57
2024-06-06 15:00:00,5.263,5.277,5.244,5.269,31927267,168043848.64
2024-06-07 10:00:00,5.291,5.304,5.271,5.272,51855674,273918955.29
2024-06-07 10:30:00,5.272,5.272,5.247,5.247,23530795,123662171.32
2024-06-07 11:00:00,5.247,5.252,5.234,5.238,32366822,169645303.04
2024-06-07 11:30:00,5.238,5.244,5.213,5.243,31772875,166278045.83
2024-06-07 13:30:00,5.241,5.25,5.216,5.228,29162839,152560531.76
2024-06-07 14:00:00,5.229,5.234,5.212,5.232,19422438,101501660.99
2024-06-07 14:30:00,5.232,5.266,5.222,5.251,22452326,117792386.3
2024-06-07 15:00:00,5.253,5.256,5.236,5.244,56254578,295074013.14
2024-06-11 10:00:00,5.227,5.231,5.199,5.213,53707029,280046351.55
2024-06-11 10:30:00,5.213,5.234,5.206,5.223,22357295,116727437.2
2024-06-11 11:00:00,5.222,5.25,5.22,5.247,22334750,117011755.25
2024-06-11 11:30:00,5.247,5.252,5.23,5.231,17537285,91854453.07
2024-06-11 13:30:00,5.234,5.235,5.219,5.227,12084292,63164594.28
2024-06-11 14:00:00,5.228,5.246,5.226,5.242,9526495,49899780.81
2024-06-11 14:30:00,5.241,5.275,5.23,5.27,27878648,146595224.07
2024-06-11 15:00:00,5.27,5.27,5.251,5.256,20791896,109344581.06
2024-06-12 10:00:00,5.245,5.279,5.243,5.278,44754378,235706390.8
2024-06-12 10:30:00,5.278,5.279,5.26,5.269,16478797,86832274.33
2024-06-12 11:00:00,5.269,5.272,5.256,5.266,13056049,68735745.97
2024-06-12 11:30:00,5.266,5.277,5.265,5.27,11251884,59304929.94
2024-06-12 13:30:00,5.27,5.273,5.255,5.268,18930431,99675029.36
2024-06-12 14:00:00,5.268,5.284,5.268,5.279,22031386,116259623.92
2024-06-12 14:30:00,5.278,5.288,5.27,5.279,27191763,143545316.88
2024-06-12 15:00:00,5.279,5.282,5.27,5.272,33505236,176728951.49
2024-06-13 10:00:00,5.279,5.283,5.242,5.258,46344854,243820276.89
2024-06-13 10:30:00,5.259,5.275,5.247,5.248,25156334,132238462.39
2024-06-13 11:00:00,5.248,5.253,5.244,5.247,19056498,100008501.5
2024-06-13 11:30:00,5.247,5.257,5.243,5.247,8214491,43117863.26
2024-06-13 13:30:00,5.247,5.254,5.243,5.252,10390380,54546031.54
2024-06-13 14:00:00,5.251,5.257,5.244,5.251,15586995,81842115.08
2024-06-13 14:30:00,5.251,5.252,5.229,5.236,31150214,163195971.15
2024-06-13 15:00:00,5.236,5.247,5.231,5.247,39012555,204490809.12
2024-06-14 10:00:00,5.235,5.246,5.214,5.225,56044727,293020514.33
2024-06-14 10:30:00,5.225,5.238,5.217,5.223,14456095,75547552.47
2024-06-14 11:00:00,5.224,5.232,5.221,5.227,10531758,55045988.48
2024-06-14 11:30:00,5.228,5.264,5.227,5.235,64820449,339788793.66
2024-06-14 13:30:00,5.234,5.258,5.232,5.256,27834407,146093524.21
2024-06-14 14:00:00,5.256,5.29,5.256,5.265,98196277,517527111.88
2024-06-14 14:30:00,5.265,5.275,5.259,5.266,25361661,133571414.6
2024-06-14 15:00:00,5.267,5.279,5.266,5.269,15631101,82396743.74
2024-06-17 10:00:00,5.247,5.27,5.239,5.269,43397256,228240635.06
2024-06-17 10:30:00,5.269,5.273,5.258,5.269,18023164,94921997.07
2024-06-17 11:00:00,5.269,5.272,5.256,5.261,19601083,103160499.83
2024-06-17 11:30:00,5.261,5.263,5.244,5.257,10518114,55269183.03
2024-06-17 13:30:00,5.256,5.265,5.25,5.264,11470417,60330569.95
2024-06-17 14:00:00,5.265,5.27,5.259,5.259,11061676,58213913.56
2024-06-17 14:30:00,5.259,5.263,5.25,5.252,8739195,45924469.72
2024-06-17 15:00:00,5.251,5.259,5.25,5.251,20788178,109207228.43
2024-06-18 10:00:00,5.255,5.281,5.255,5.276,48588102,256091689.61
2024-06-18 10:30:00,5.276,5.296,5.265,5.288,78610928,415301532.62
2024-06-18 11:00:00,5.288,5.293,5.279,5.283,35327268,186704611.38
2024-06-18 11:30:00,5.283,5.288,5.279,5.288,12826034,67785589.69
2024-06-18 13:30:00,5.288,5.288,5.272,5.282,19789575,104502149.05
2024-06-18 14:00:00,5.282,5.285,5.257,5.261,19140300,100824720.3
2024-06-18 14:30:00,5.261,5.273,5.258,5.27,14610227,76952065.61
2024-06-18 15:00:00,5.271,5.28,5.266,5.278,19180497,101170728.18
2024-06-19 10:00:00,5.287,5.287,5.248,5.251,39659183,208686620.95
2024-06-19 10:30:00,5.252,5.252,5.218,5.225,42051180,219997756.7
2024-06-19 11:00:00,5.225,5.239,5.221,5.237,20285000,106137881.67
2024-06-19 11:30:00,5.237,5.241,5.228,5.23,16467573,86174809.51
2024-06-19 13:30:00,5.23,5.231,5.222,5.226,9787623,51153380.34
2024-06-19 14:00:00,5.226,5.238,5.225,5.237,10323035,54023883.17
2024-06-19 14:30:00,5.237,5.246,5.221,5.222,17061867,89227877.12
2024-06-19 15:00:00,5.222,5.228,5.219,5.225,39526268,206485224.03
2024-06-20 10:00:00,5.219,5.235,5.197,5.202,35078737,182806991.42
2024-06-20 10:30:00,5.202,5.205,5.184,5.202,21424328,111342232.62
2024-06-20 11:00:00,5.202,5.205,5.174,5.175,14156134,73394836.08
2024-06-20 11:30:00,5.175,5.18,5.159,5.165,24322399,125698158.03
2024-06-20 13:30:00,5.163,5.169,5.148,5.151,21536911,111044313.12
2024-06-20 14:00:00,5.15,5.168,5.15,5.166,13960991,72057328.21
2024-06-20 14:30:00,5.166,5.177,5.15,5.152,13900775,71723365.41
2024-06-20 15:00:00,5.152,5.157,5.141,5.145,29595234,152346399.55
2024-06-21 10:00:00,5.139,5.174,5.129,5.167,64513328,332673728.05
2024-06-21 10:30:00,5.167,5.181,5.152,5.16,19206756,99190090.24
2024-06-21 11:00:00,5.162,5.167,5.154,5.158,13976370,72113410.41
2024-06-21 11:30:00,5.158,5.158,5.144,5.153,21814496,112381011.89
2024-06-21 13:30:00,5.152,5.171,5.141,5.167,48426210,249863101.53
2024-06-21 14:00:00,5.167,5.176,5.16,5.169,17624957,91091652.76
2024-06-21 14:30:00,5.169,5.172,5.158,5.167,8786526,45388264.47
2024-06-21 15:00:00,5.166,5.166,5.15,5.156,71823491,370417684.25
2024-06-24 10:00:00,5.14,5.14,5.1,5.109,41118326,210375061.92
2024-06-24 10:30:00,5.109,5.11,5.073,5.076,41393234,210539785.87
2024-06-24 11:00:00,5.076,5.078,5.046,5.065,91195624,461723444.31
2024-06-24 11:30:00,5.066,5.097,5.055,5.091,198055240,1006318674.44
2024-06-24 13:30:00,5.091,5.112,5.078,5.1,35597956,181430915.75
2024-06-24 14:00:00,5.099,5.101,5.071,5.073,16505353,83874702.16
2024-06-24 14:30:00,5.073,5.094,5.064,5.064,96334007,488798751.52
2024-06-24 15:00:00,5.065,5.075,5.036,5.05,311873870,1576106581.02
2024-06-25 10:00:00,5.05,5.065,5.026,5.054,132825389,670546838.8
2024-06-25 10:30:00,5.053,5.057,5.037,5.039,19675901,99251803.28
2024-06-25 11:00:00,5.039,5.044,5.018,5.023,53026487,266634852.13
2024-06-25 11:30:00,5.023,5.029,5.006,5.015,72530545,363861567.42
2024-06-25 13:30:00,5.016,5.045,5.008,5.033,65913032,331454666.92
2024-06-25 14:00:00,5.033,5.033,4.998,4.998,50065432,250811125.84
2024-06-25 14:30:00,5.0,5.003,4.964,4.99,68913649,343580482.7
2024-06-25 15:00:00,4.99,5.007,4.987,5.004,78497066,392432998.62
2024-06-26 10:00:00,4.992,5.005,4.971,4.986,54440062,271510735.88
2024-06-26 10:30:00,4.986,4.986,4.972,4.981,26206090,130497592.84
2024-06-26 11:00:00,4.981,4.987,4.97,4.972,27616677,137429790.31
2024-06-26 11:30:00,4.971,4.987,4.97,4.987,22634662,112750796.31
2024-06-26 13:30:00,4.986,5.031,4.986,5.004,82870872,414934456.1
2024-06-26 14:00:00,5.003,5.03,5.003,5.024,42882338,215226454.42
2024-06-26 14:30:00,5.024,5.075,5.024,5.068,76967320,389121114.15
2024-06-26 15:00:00,5.069,5.082,5.063,5.073,46428920,235518434.85
2024-06-27 10:00:00,5.053,5.059,5.021,5.022,75105167,378079410.68
2024-06-27 10:30:00,5.022,5.022,5.001,5.009,37098613,185888783.54
2024-06-27 11:00:00,5.01,5.02,4.995,4.998,23251856,116360038.04
2024-06-27 11:30:00,4.998,5.019,4.986,5.019,97447289,488016023.31
2024-06-27 13:30:00,5.018,5.027,4.998,5.003,142833345,715499836.22
2024-06-27 14:00:00,5.003,5.016,4.995,4.995,15589245,77977403.49
2024-06-27 14:30:00,4.996,5.007,4.985,5.003,95191785,475800272.02
2024-06-27 15:00:00,5.003,5.008,4.984,4.987,156888501,783344285.49
2024-06-28 10:00:00,4.978,5.056,4.972,5.054,117919759,592821935.08
2024-06-28 10:30:00,5.053,5.061,5.037,5.052,55540321,280478621.05
2024-06-28 11:00:00,5.053,5.065,5.04,5.064,32656573,165122518.61
2024-06-28 11:30:00,5.064,5.064,5.026,5.039,40679354,205145982.22
2024-06-28 13:30:00,5.039,5.047,5.033,5.039,20669542,104167601.83
2024-06-28 14:00:00,5.04,5.05,5.021,5.021,48699196,244989422.01
2024-06-28 14:30:00,5.021,5.022,4.987,4.997,34705205,173595435.41
2024-06-28 15:00:00,4.996,5.004,4.986,4.992,63961753,319424994.48
2024-07-01 10:00:00,4.996,5.025,4.989,5.013,53191865,266438051.78
2024-07-01 10:30:00,5.014,5.014,4.981,4.994,27318336,136491512.77
2024-07-01 11:00:00,4.994,5.008,4.989,4.998,25634433,128129440.95
2024-07-01 11:30:00,4.999,5.016,4.991,5.011,30094823,150654683.94
2024-07-01 13:30:00,5.011,5.055,5.002,5.054,33964847,171080934.34
2024-07-01 14:00:00,5.054,5.065,5.043,5.059,32512303,164371366.53
2024-07-01 14:30:00,5.059,5.078,5.052,5.055,36590439,185208605.4
2024-07-01 15:00:00,5.056,5.06,5.051,5.054,70245668,355091851.74
2024-07-02 10:00:00,5.052,5.057,5.031,5.037,62803371,316633662.12
2024-07-02 10:30:00,5.036,5.047,5.018,5.043,30603663,154120046.87
2024-07-02 11:00:00,5.043,5.043,5.019,5.019,11691030,58770807.81
2024-07-02 11:30:00,5.02,5.023,5.005,5.014,13843107,69409338.5
2024-07-02 13:30:00,5.014,5.018,5.006,5.009,10289167,51559015.84
2024-07-02 14:00:00,5.01,5.018,5.006,5.013,17842051,89430306.96
2024-07-02 14:30:00,5.013,5.027,5.0,5.0,18554302,92938498.72
2024-07-02 15:00:00,5.001,5.012,4.99,5.01,34201743,171145521.97
2024-07-03 10:00:00,5.003,5.014,4.987,4.995,46173163,230804250.78
2024-07-03 10:30:00,4.994,4.995,4.972,4.98,23525960,117214174.71
2024-07-03 11:00:00,4.98,4.986,4.96,4.966,28140900,139879033.6
2024-07-03 11:30:00,4.966,4.997,4.965,4.994,17010695,84803984.81
2024-07-03 13:30:00,4.994,5.0,4.984,4.986,12601056,62879269.44
2024-07-03 14:00:00,4.987,4.994,4.976,4.979,19084052,95095831.12
2024-07-03 14:30:00,4.979,4.985,4.969,4.973,10042892,49970082.96
2024-07-03 15:00:00,4.973,4.977,4.965,4.967,30933625,153729805.04
2024-07-04 10:00:00,4.98,4.989,4.961,4.962,52801171,262457020.65
2024-07-04 10:30:00,4.962,4.964,4.946,4.951,26612600,131829949.53
2024-07-04 11:00:00,4.951,4.956,4.943,4.946,9711107,48053794.47
2024-07-04 11:30:00,4.947,4.949,4.925,4.926,11589551,57175118.27
2024-07-04 13:30:00,4.93,4.932,4.904,4.906,24894355,122330860.47
2024-07-04 14:00:00,4.907,4.934,4.903,4.923,181225096,891627472.32
2024-07-04 14:30:00,4.923,4.928,4.886,4.887,66982945,328238758.15
2024-07-04 15:00:00,4.887,4.912,4.886,4.895,136944469,670708361.01
2024-07-05 10:00:00,4.89,4.905,4.859,4.87,50573004,246695113.51
2024-07-05 10:30:00,4.87,4.886,4.868,4.879,18613235,90789155.92
2024-07-05 11:00:00,4.878,4.888,4.861,4.872,20646508,100624197.82
2024-07-05 11:30:00,4.872,4.881,4.861,4.878,12259309,59743699.19
2024-07-05 13:30:00,4.879,4.893,4.87,4.874,18308266,89326029.81
2024-07-05 14:00:00,4.874,4.928,4.874,4.924,32215662,158135946.2
2024-07-05 14:30:00,4.925,4.941,4.915,4.917,30664603,151002726.71
2024-07-05 15:00:00,4.916,4.931,4.915,4.93,25173436,123987563.45
2024-07-08 10:00:00,4.915,4.919,4.871,4.874,31969255,156265718.44
2024-07-08 10:30:00,4.874,4.885,4.864,4.875,18143739,88444679.71
2024-07-08 11:00:00,4.875,4.888,4.871,4.885,10419842,50862722.08
2024-07-08 11:30:00,4.885,4.896,4.872,4.874,9639614,47047742.73
2024-07-08 13:30:00,4.874,4.875,4.864,4.866,13742559,66903358.06
2024-07-08 14:00:00,4.866,4.874,4.849,4.849,12730472,61836145.99
2024-07-08 14:30:00,4.85,4.857,4.843,4.844,16720644,81061682.11
2024-07-08 15:00:00,4.845,4.856,4.831,4.848,120996631,586228677.19
2024-07-09 10:00:00,4.84,4.882,4.836,4.86,77770522,377912889.91
2024-07-09 10:30:00,4.861,4.862,4.816,4.818,36711355,177389267.36
2024-07-09 11:00:00,4.817,4.829,4.813,4.816,24494670,118047979.62
2024-07-09 11:30:00,4.817,4.886,4.816,4.865,45640687,221615962.51
2024-07-09 13:30:00,4.867,4.896,4.865,4.893,27765942,135627371.36
2024-07-09 14:00:00,4.893,4.946,4.893,4.941,56144451,276604995.26
2024-07-09 14:30:00,4.941,4.957,4.939,4.947,41564757,205648562.72
2024-07-09 15:00:00,4.947,4.952,4.933,4.936,30684238,151590363.8
2024-07-10 10:00:00,4.926,4.957,4.92,4.948,58770560,290424517.33
2024-07-10 10:30:00,4.948,4.954,4.94,4.951,13023907,64446633.14
2024-07-10 11:00:00,4.951,4.957,4.936,4.938,15039588,74350709.88
2024-07-10 11:30:00,4.938,4.938,4.92,4.936,17716004,87363521.06
2024-07-10 13:30:00,4.935,4.94,4.926,4.931,6411975,31625998.02
2024-07-10 14:00:00,4.932,4.942,4.916,4.92,15674165,77210936.79
2024-07-10 14:30:00,4.92,4.931,4.918,4.918,17432808,85810091.91
2024-07-10 15:00:00,4.918,4.92,4.906,4.909,45525149,223604356.84
2024-07-11 10:00:00,4.964,4.974,4.934,4.96,84987256,421196840.74
2024-07-11 10:30:00,4.959,5.015,4.958,5.001,70424975,351514525.22
2024-07-11 11:00:00,5.001,5.01,4.979,4.981,42961174,214376258.26
2024-07-11 11:30:00,4.981,4.999,4.969,4.99,24221363,120767715.92
2024-07-11 13:30:00,4.991,5.003,4.984,4.997,13081892,65339689.91
2024-07-11 14:00:00,4.996,4.999,4.985,4.999,11729209,58579579.48
2024-07-11 14:30:00,4.999,5.006,4.994,5.005,14799270,74021015.45
2024-07-11 15:00:00,5.005,5.01,4.997,5.007,22973469,114974554.52
2024-07-12 10:00:00,4.999,5.007,4.985,4.995,51520867,257381077.91
2024-07-12 10:30:00,4.994,4.996,4.98,4.983,15231313,75948403.72
2024-07-12 11:00:00,4.983,4.988,4.976,4.981,13355078,66530546.9
2024-07-12 11:30:00,4.982,4.988,4.975,4.977,6389712,31820765.76
2024-07-12 13:30:00,4.978,4.983,4.973,4.978,10234142,50945558.88
2024-07-12 14:00:00,4.978,5.002,4.977,4.995,18351298,91597445.42
2024-07-12 14:30:00,4.994,5.005,4.989,4.994,11907683,59490784.27
2024-07-12 15:00:00,4.994,4.998,4.983,4.984,23896747,119204939.62
2024-07-15 10:00:00,4.97,4.978,4.946,4.968,156757417,778143817.99
2024-07-15 10:30:00,4.968,4.975,4.94,4.941,56693691,280747157.83
2024-07-15 11:00:00,4.942,4.961,4.94,4.956,20792613,102971950.45
2024-07-15 11:30:00,4.956,4.962,4.948,4.955,13106188,64941161.54
2024-07-15 13:30:00,4.955,4.973,4.95,4.954,59145356,293301820.4
2024-07-15 14:00:00,4.954,4.959,4.948,4.953,5113863,25330668.06
2024-07-15 14:30:00,4.954,4.965,4.943,4.95,47238125,233954687.08
2024-07-15 15:00:00,4.95,4.962,4.944,4.949,95712179,473934806.35
2024-07-16 10:00:00,4.939,4.963,4.935,4.946,26896050,133081655.4
2024-07-16 10:30:00,4.946,4.951,4.922,4.935,28703702,141681473.07
2024-07-16 11:00:00,4.935,4.955,4.933,4.942,89556632,442708284.19
2024-07-16 11:30:00,4.942,4.948,4.938,4.946,8985354,44423590.18
2024-07-16 13:30:00,4.946,4.955,4.943,4.947,9436148,46693205.69
2024-07-16 14:00:00,4.948,4.982,4.948,4.964,29332718,145627167.3
2024-07-16 14:30:00,4.964,4.967,4.954,4.957,10982210,54464440.13
2024-07-16 15:00:00,4.957,4.968,4.953,4.965,14859819,73734421.88
2024-07-17 10:00:00,4.962,4.973,4.927,4.931,46429523,229532085.2
2024-07-17 10:30:00,4.932,4.945,4.926,4.942,31973858,157876252.85
2024-07-17 11:00:00,4.942,4.948,4.933,4.934,28271401,139613601.94
2024-07-17 11:30:00,4.935,4.952,4.929,4.951,101883365,503711356.56
2024-07-17 13:30:00,4.951,4.956,4.934,4.937,62193074,307378902.73
2024-07-17 14:00:00,4.936,4.957,4.936,4.953,47182728,233491593.3
2024-07-17 14:30:00,4.953,4.957,4.938,4.939,49064271,242606465.34
2024-07-17 15:00:00,4.938,4.942,4.93,4.93,247774472,1222519244.85
2024-07-18 10:00:00,4.917,4.917,4.872,4.896,132404280,648118950.6
2024-07-18 10:30:00,4.897,4.901,4.868,4.883,70326797,343476076.55
2024-07-18 11:00:00,4.883,4.893,4.866,4.876,81559161,397872773.75
2024-07-18 11:30:00,4.876,4.895,4.871,4.895,25260587,123448488.67
2024-07-18 13:30:00,4.896,4.937,4.895,4.927,33396386,164299086.99
2024-07-18 14:00:00,4.927,4.956,4.927,4.942,29377493,145173777.91
2024-07-18 14:30:00,4.942,4.95,4.926,4.947,20243179,100021547.44
2024-07-18 15:00:00,4.947,4.956,4.931,4.955,81977608,405570552.65
2024-07-19 10:00:00,4.928,4.928,4.914,4.918,32150807,158181970.44
2024-07-19 10:30:00,4.918,4.953,4.914,4.938,66524042,328296147.27
2024-07-19 11:00:00,4.938,4.971,4.935,4.962,39359417,195065270.65
2024-07-19 11:30:00,4.962,4.978,4.952,4.956,29215170,144965673.54
2024-07-19 13:30:00,4.957,4.962,4.943,4.948,25253300,125029088.3
2024-07-19 14:00:00,4.948,4.955,4.939,4.939,20585649,101782310.54
2024-07-19 14:30:00,4.94,4.958,4.935,4.94,144397132,713947552.99
2024-07-19 15:00:00,4.94,4.954,4.935,4.946,260178052,1286580467.14
2024-07-22 10:00:00,4.948,4.965,4.934,4.945,52825606,261381098.49
2024-07-22 10:30:00,4.945,4.945,4.928,4.936,19415112,95839464.54
2024-07-22 11:00:00,4.936,4.955,4.936,4.948,25105250,124178934.92
2024-07-22 11:30:00,4.949,4.958,4.943,4.946,18075814,89457203.49
2024-07-22 13:30:00,4.946,4.947,4.918,4.924,17282741,85198152.22
2024-07-22 14:00:00,4.923,4.926,4.907,4.908,21089147,103625038.64
2024-07-22 14:30:00,4.908,4.926,4.905,4.923,10347325,50888144.35
2024-07-22 15:00:00,4.924,4.946,4.923,4.933,140160398,691551403.73
2024-07-23 10:00:00,4.931,4.952,4.89,4.891,32205143,158159457.27
2024-07-23 10:30:00,4.891,4.891,4.875,4.875,44851702,218891256.33
2024-07-23 11:00:00,4.875,4.883,4.868,4.87,22722913,110743903.66
2024-07-23 11:30:00,4.87,4.871,4.86,4.86,14701462,71503010.68
2024-07-23 13:30:00,4.861,4.865,4.848,4.854,24439864,118671832.96
2024-07-23 14:00:00,4.855,4.857,4.845,4.855,26975918,130896146.11
2024-07-23 14:30:00,4.855,4.858,4.827,4.828,33291542,161053383.02
2024-07-23 15:00:00,4.829,4.834,4.792,4.795,45020383,216412981.08
2024-07-24 10:00:00,4.788,4.809,4.777,4.779,64712683,309865897.1
2024-07-24 10:30:00,4.779,4.792,4.767,4.768,66350740,316869017.33
2024-07-24 11:00:00,4.768,4.776,4.748,4.766,72331378,344538463.87
2024-07-24 11:30:00,4.767,4.789,4.764,4.785,15857552,75788526.86
2024-07-24 13:30:00,4.784,4.787,4.766,4.768,12555188,59934282.45
2024-07-24 14:00:00,4.768,4.77,4.753,4.77,22165963,105606036.39
2024-07-24 14:30:00,4.771,4.771,4.745,4.75,18179182,86448070.14
2024-07-24 15:00:00,4.751,4.758,4.73,4.739,53079336,251719904.42
2024-07-25 10:00:00,4.724,4.737,4.708,4.726,55858993,263859263.27
2024-07-25 10:30:00,4.726,4.729,4.708,4.721,17281607,81557663.97
2024-07-25 11:00:00,4.72,4.762,4.716,4.748,25097424,119011984.61
2024-07-25 11:30:00,4.748,4.783,4.735,4.765,38459862,183107402.98
2024-07-25 13:30:00,4.765,4.768,4.732,4.736,19397597,92048063.63
2024-07-25 14:00:00,4.737,4.744,4.73,4.74,12911015,61172389.07
2024-07-25 14:30:00,4.741,4.746,4.722,4.735,51270469,242731490.4
2024-07-25 15:00:00,4.735,4.745,4.724,4.732,45753315,216580942.1
2024-07-26 10:00:00,4.733,4.812,4.732,4.807,76991571,368302011.81
2024-07-26 10:30:00,4.807,4.808,4.764,4.766,29296774,140019048.54
2024-07-26 11:00:00,4.767,4.782,4.766,4.779,34521599,164863649.62
2024-07-26 11:30:00,4.778,4.82,4.777,4.797,27450508,131707537.38
2024-07-26 13:30:00,4.797,4.815,4.787,4.808,15574125,74807713.75
2024-07-26 14:00:00,4.808,4.82,4.8,4.804,23708158,113988823.66
2024-07-26 14:30:00,4.803,4.806,4.786,4.797,10919721,52374621.82
2024-07-26 15:00:00,4.798,4.808,4.792,4.807,23056738,110726141.46
2024-07-29 10:00:00,4.801,4.813,4.774,4.795,50491176,242054697.74
2024-07-29 10:30:00,4.795,4.798,4.781,4.787,18971323,90847342.07
2024-07-29 11:00:00,4.788,4.793,4.779,4.783,14442059,69105252.32
2024-07-29 11:30:00,4.783,4.796,4.778,4.795,9311310,44598071.13
2024-07-29 13:30:00,4.794,4.795,4.787,4.795,11158667,53476051.82
2024-07-29 14:00:00,4.795,4.803,4.774,4.774,10871787,52007005.08
2024-07-29 14:30:00,4.774,4.787,4.773,4.782,10726632,51280452.05
2024-07-29 15:00:00,4.782,4.785,4.773,4.776,21012401,100397251.98
2024-07-30 10:00:00,4.767,4.77,4.723,4.725,37956711,179889505.67
2024-07-30 10:30:00,4.725,4.742,4.718,4.737,29264642,138490040.82
2024-07-30 11:00:00,4.737,4.788,4.737,4.769,27601208,131510555.72
2024-07-30 11:30:00,4.769,4.779,4.767,4.772,12597348,60122942.89
2024-07-30 13:30:00,4.773,4.773,4.757,4.757,8671300,41295621.03
2024-07-30 14:00:00,4.756,4.789,4.756,4.763,21463412,102366166.3
2024-07-30 14:30:00,4.763,4.771,4.755,4.77,14366300,68460208.27
2024-07-30 15:00:00,4.769,4.779,4.763,4.772,81939783,390962017.95
2024-07-31 10:00:00,4.772,4.85,4.757,4.847,100601462,484697843.92
2024-07-31 10:30:00,4.848,4.875,4.83,4.873,85972889,417770925.28
2024-07-31 11:00:00,4.874,4.911,4.873,4.909,94179472,461259660.7
2024-07-31 11:30:00,4.91,4.942,4.901,4.94,72199912,355777099.7
2024-07-31 13:30:00,4.939,4.955,4.938,4.951,56054046,277355419.61
2024-07-31 14:00:00,4.95,4.96,4.938,4.959,32682950,161856862.72
2024-07-31 14:30:00,4.959,4.959,4.949,4.95,32096068,158961126.11
2024-07-31 15:00:00,4.95,4.977,4.949,4.975,83160317,413057294.54
2024-08-01 10:00:00,4.975,5.012,4.948,4.969,143963142,716408582.31
2024-08-01 10:30:00,4.969,4.969,4.942,4.943,34530759,170973298.06
2024-08-01 11:00:00,4.943,4.944,4.918,4.928,31134968,153495392.24
2024-08-01 11:30:00,4.928,4.929,4.906,4.919,37679004,185305341.67
2024-08-01 13:30:00,4.919,4.954,4.919,4.941,38136739,188319217.18
2024-08-01 14:00:00,4.939,4.953,4.937,4.951,18126472,89671656.98
2024-08-01 14:30:00,4.952,4.952,4.93,4.933,20309147,100293337.6
2024-08-01 15:00:00,4.934,4.942,4.929,4.93,26532000,130900044.0
2024-08-02 10:00:00,4.894,4.955,4.888,4.945,64236150,316641395.4
2024-08-02 10:30:00,4.945,4.946,4.918,4.922,22412474,110463613.52
2024-08-02 11:00:00,4.923,4.928,4.903,4.904,14422640,70839200.13
2024-08-02 11:30:00,4.904,4.918,4.901,4.91,11420448,56070592.86
2024-08-02 13:30:00,4.911,4.923,4.892,4.897,11917348,58442674.59
2024-08-02 14:00:00,4.897,4.899,4.873,4.877,18000646,87897154.42
2024-08-02 14:30:00,4.877,4.885,4.86,4.87,21794286,106174496.63
2024-08-02 15:00:00,4.87,4.879,4.854,4.864,59271262,288394203.8
2024-08-05 10:00:00,4.84,4.926,4.831,4.866,104475319,509247529.91
2024-08-05 10:30:00,4.866,4.866,4.836,4.854,48387450,234775907.4
2024-08-05 11:00:00,4.854,4.873,4.848,4.857,15892139,77225200.78
2024-08-05 11:30:00,4.857,4.895,4.846,4.886,29607791,144357719.65
2024-08-05 13:30:00,4.885,4.893,4.808,4.811,66816909,323215661.14
2024-08-05 14:00:00,4.812,4.819,4.768,4.77,50385962,241130418.81
2024-08-05 14:30:00,4.77,4.794,4.763,4.773,51749414,247189700.87
2024-08-05 15:00:00,4.774,4.789,4.763,4.77,47960135,228961684.49
2024-08-06 10:00:00,4.819,4.852,4.802,4.819,65027386,313713785.86
2024-08-06 10:30:00,4.82,4.822,4.788,4.813,28801928,138470069.18
2024-08-06 11:00:00,4.812,4.822,4.802,4.818,14015500,67470617.0
2024-08-06 11:30:00,4.818,4.832,4.799,4.802,32627943,156973033.77
2024-08-06 13:30:00,4.803,4.807,4.781,4.792,27513372,131880763.12
2024-08-06 14:00:00,4.792,4.803,4.766,4.777,27470894,131365815.11
2024-08-06 14:30:00,4.777,4.799,4.776,4.794,14896187,71347770.33
2024-08-06 15:00:00,4.794,4.823,4.794,4.821,51258839,246691705.83
2024-08-07 10:00:00,4.818,4.836,4.788,4.829,74443588,358644392.45
2024-08-07 10:30:00,4.829,4.83,4.804,4.823,24510458,118115897.1
2024-08-07 11:00:00,4.823,4.84,4.818,4.833,18092919,87394829.74
2024-08-07 11:30:00,4.834,4.844,4.819,4.823,20408445,98545578.09
2024-08-07 13:30:00,4.822,4.862,4.822,4.851,22509370,109057897.65
2024-08-07 14:00:00,4.85,4.857,4.836,4.837,23113804,111947857.37
2024-08-07 14:30:00,4.837,4.839,4.825,4.836,23928179,115652865.17
2024-08-07 15:00:00,4.834,4.836,4.822,4.823,32160910,155240712.57
2024-08-08 10:00:00,4.811,4.828,4.79,4.791,37371042,179493114.73
2024-08-08 10:30:00,4.791,4.795,4.775,4.791,25383644,121511503.83
2024-08-08 11:00:00,4.79,4.829,4.785,4.828,24468420,117790973.88
2024-08-08 11:30:00,4.828,4.872,4.821,4.857,55259327,268007735.95
2024-08-08 13:30:00,4.859,4.859,4.84,4.845,20709525,100399777.2
2024-08-08 14:00:00,4.845,4.849,4.832,4.842,23035878,111516685.4
2024-08-08 14:30:00,4.842,4.852,4.833,4.845,21234439,102845466.22
2024-08-08 15:00:00,4.845,4.845,4.832,4.834,25322496,122484913.15
2024-08-09 10:00:00,4.858,4.884,4.85,4.852,37579328,182710692.74
2024-08-09 10:30:00,4.852,4.853,4.827,4.833,26933756,130296533.61
2024-08-09 11:00:00,4.833,4.853,4.824,4.833,21057125,101846294.58
2024-08-09 11:30:00,4.833,4.848,4.818,4.82,18638744,90000281.86
2024-08-09 13:30:00,4.82,4.821,4.806,4.814,48852497,235159636.39
2024-08-09 14:00:00,4.815,4.825,4.805,4.81,9421884,45350668.32
2024-08-09 14:30:00,4.809,4.815,4.798,4.804,16669327,80107229.12
2024-08-09 15:00:00,4.804,4.812,4.789,4.793,37557280,180199829.44
2024-08-12 10:00:00,4.79,4.805,4.767,4.8,45215704,216613365.96
2024-08-12 10:30:00,4.8,4.806,4.78,4.805,19500458,93543697.03
2024-08-12 11:00:00,4.804,4.814,4.797,4.797,19345057,92907860.42
2024-08-12 11:30:00,4.797,4.801,4.789,4.795,9561404,45846932.18
2024-08-12 13:30:00,4.793,4.816,4.791,4.798,24522383,117748309.04
2024-08-12 14:00:00,4.798,4.8,4.787,4.789,16638645,79732386.84
2024-08-12 14:30:00,4.79,4.799,4.785,4.786,31335849,150098716.71
2024-08-12 15:00:00,4.786,4.797,4.778,4.794,36597848,175291492.64
2024-08-13 10:00:00,4.794,4.802,4.769,4.78,30301636,144952926.08
2024-08-13 10:30:00,4.78,4.802,4.775,4.788,22522529,107845376.36
2024-08-13 11:00:00,4.787,4.79,4.776,4.787,13215277,63226290.26
2024-08-13 11:30:00,4.787,4.79,4.774,4.776,11585959,55380884.02
2024-08-13 13:30:00,4.776,4.791,4.774,4.781,16677664,79752589.25
2024-08-13 14:00:00,4.78,4.781,4.77,4.774,21166246,101068824.65
2024-08-13 14:30:00,4.774,4.776,4.751,4.768,25633114,122141788.21
2024-08-13 15:00:00,4.769,4.809,4.768,4.804,48986052,234822804.6
2024-08-14 10:00:00,4.806,4.806,4.753,4.754,45566510,217397819.21
2024-08-14 10:30:00,4.754,4.763,4.748,4.752,27450803,130510267.73
2024-08-14 11:00:00,4.752,4.778,4.752,4.771,23102761,110130861.69
2024-08-14 11:30:00,4.771,4.772,4.759,4.762,8839622,42114905.75
2024-08-14 13:30:00,4.762,4.764,4.753,4.755,10420167,49572207.81
2024-08-14 14:00:00,4.755,4.763,4.744,4.747,28503400,135429154.53
2024-08-14 14:30:00,4.747,4.763,4.742,4.755,15656794,74421960.81
2024-08-14 15:00:00,4.755,4.759,4.735,4.736,56678663,268845791.5
2024-08-15 10:00:00,4.724,4.75,4.72,4.747,59804584,283413923.58
2024-08-15 10:30:00,4.748,4.818,4.735,4.805,177605560,850020210.16
2024-08-15 11:00:00,4.806,4.826,4.795,4.804,63793396,306739912.43
2024-08-15 11:30:00,4.805,4.811,4.788,4.796,19380865,92995850.56
2024-08-15 13:30:00,4.796,4.797,4.767,4.767,25596455,122274265.54
2024-08-15 14:00:00,4.767,4.767,4.751,4.756,18018363,85731371.15
2024-08-15 14:30:00,4.756,4.762,4.75,4.758,12396269,58964919.54
2024-08-15 15:00:00,4.758,4.781,4.753,4.769,160539578,765399194.71
2024-08-16 10:00:00,4.772,4.785,4.751,4.783,96962552,462802260.7
2024-08-16 10:30:00,4.783,4.786,4.758,4.771,34656402,165368798.21
2024-08-16 11:00:00,4.771,4.771,4.75,4.751,12317026,58596198.36
2024-08-16 11:30:00,4.751,4.76,4.746,4.754,14218091,67583325.89
2024-08-16 13:30:00,4.755,4.769,4.741,4.756,136536782,649277910.67
2024-08-16 14:00:00,4.757,4.759,4.747,4.75,14983351,71200883.95
2024-08-16 14:30:00,4.75,4.759,4.742,4.746,92010461,436957679.29
2024-08-16 15:00:00,4.746,4.756,4.74,4.748,391320682,1857990598.14
2024-08-19 10:00:00,4.741,4.806,4.739,4.805,143892530,688285935.17
2024-08-19 10:30:00,4.805,4.81,4.77,4.772,49022939,234525740.18
2024-08-19 11:00:00,4.772,4.779,4.765,4.773,13534381,64590577.59
2024-08-19 11:30:00,4.773,4.774,4.765,4.772,9552688,45569505.99
2024-08-19 13:30:00,4.772,4.773,4.755,4.761,11689101,55675188.06
2024-08-19 14:00:00,4.761,4.766,4.754,4.761,6670072,31751766.08
2024-08-19 14:30:00,4.761,4.767,4.753,4.757,7389617,35167187.3
2024-08-19 15:00:00,4.757,4.763,4.751,4.755,34196897,162651841.1
2024-08-20 10:00:00,4.762,4.762,4.71,4.712,59511304,281369445.31
2024-08-20 10:30:00,4.711,4.714,4.686,4.689,64079508,300938729.4
2024-08-20 11:00:00,4.689,4.698,4.681,4.685,57398739,269085288.43
2024-08-20 11:30:00,4.685,4.687,4.671,4.673,39074098,182749556.35
2024-08-20 13:30:00,4.672,4.685,4.67,4.677,20943508,97959768.09
2024-08-20 14:00:00,4.677,4.682,4.658,4.674,30358481,141814584.24
2024-08-20 14:30:00,4.674,4.674,4.662,4.672,30553280,142663448.75
2024-08-20 15:00:00,4.672,4.679,4.663,4.673,48941379,228637808.9
2024-08-21 10:00:00,4.667,4.683,4.658,4.659,37333899,174224862.0
2024-08-21 10:30:00,4.659,4.677,4.657,4.672,10004847,46709295.69
2024-08-21 11:00:00,4.672,4.681,4.669,4.676,12399797,57973184.24
2024-08-21 11:30:00,4.676,4.678,4.666,4.667,4394197,20522364.72
2024-08-21 13:30:00,4.668,4.669,4.66,4.668,11119322,51879050.01
2024-08-21 14:00:00,4.668,4.67,4.661,4.664,6305129,29413426.78
2024-08-21 14:30:00,4.665,4.671,4.662,4.664,24852586,115953882.08
2024-08-21 15:00:00,4.664,4.667,4.659,4.664,25592363,119345719.46
2024-08-22 10:00:00,4.665,4.673,4.639,4.64,42451955,197429892.05
2024-08-22 10:30:00,4.64,4.64,4.619,4.628,24717909,114419200.76
2024-08-22 11:00:00,4.628,4.645,4.622,4.632,27825688,128916412.5
2024-08-22 11:30:00,4.632,4.637,4.618,4.633,78260293,362292983.06
2024-08-22 13:30:00,4.634,4.643,4.623,4.632,84970568,393640318.02
2024-08-22 14:00:00,4.632,4.636,4.617,4.618,12016861,55561959.64
2024-08-22 14:30:00,4.617,4.626,4.607,4.61,101313220,467492968.15
2024-08-22 15:00:00,4.61,4.61,4.598,4.608,30768734,141700276.31
2024-08-23 10:00:00,4.603,4.623,4.598,4.602,37282345,171784618.31
2024-08-23 10:30:00,4.601,4.612,4.593,4.597,31217567,143621619.91
2024-08-23 11:00:00,4.597,4.608,4.59,4.595,11599259,53329526.46
2024-08-23 11:30:00,4.595,4.626,4.593,4.612,29092236,134124905.37
2024-08-23 13:30:00,4.612,4.616,4.597,4.597,7957069,36629040.96
2024-08-23 14:00:00,4.598,4.619,4.596,4.603,8145723,37519200.14
2024-08-23 14:30:00,4.604,4.611,4.601,4.61,10998829,50675271.48
2024-08-23 15:00:00,4.61,4.614,4.605,4.609,22133292,102019720.59
2024-08-26 10:00:00,4.612,4.635,4.596,4.622,34739392,160414932.46
2024-08-26 10:30:00,4.622,4.63,4.607,4.609,13442842,62043196.78
2024-08-26 11:00:00,4.609,4.619,4.606,4.612,5858089,27019459.16
2024-08-26 11:30:00,4.612,4.622,4.606,4.614,6824727,31489290.38
2024-08-26 13:30:00,4.614,4.616,4.607,4.612,3196824,14742686.68
2024-08-26 14:00:00,4.611,4.611,4.6,4.603,5515988,25399286.08
2024-08-26 14:30:00,4.604,4.609,4.6,4.606,6289976,28965339.48
2024-08-26 15:00:00,4.606,4.617,4.605,4.615,25104543,115790520.5
2024-08-27 10:00:00,4.597,4.605,4.578,4.578,23561021,108074403.33
2024-08-27 10:30:00,4.578,4.578,4.565,4.568,32224603,147277177.24
2024-08-27 11:00:00,4.569,4.582,4.566,4.577,26163012,119695779.9
2024-08-27 11:30:00,4.577,4.594,4.565,4.586,76227416,349248610.97
2024-08-27 13:30:00,4.585,4.587,4.575,4.576,15265230,69904576.58
2024-08-27 14:00:00,4.576,4.581,4.572,4.573,15753647,72078186.24
2024-08-27 14:30:00,4.573,4.58,4.566,4.571,17217211,78722827.76
2024-08-27 15:00:00,4.57,4.57,4.564,4.568,27579709,125965724.24
2024-08-28 10:00:00,4.566,4.582,4.555,4.568,36125454,165033115.69
2024-08-28 10:30:00,4.568,4.578,4.564,4.569,23139635,105755845.16
2024-08-28 11:00:00,4.569,4.605,4.565,4.59,80416852,368845294.51
2024-08-28 11:30:00,4.592,4.597,4.578,4.579,29748263,136385869.77
2024-08-28 13:30:00,4.578,4.582,4.569,4.569,20965530,95882357.2
2024-08-28 14:00:00,4.569,4.585,4.568,4.574,18839752,86204425.23
2024-08-28 14:30:00,4.574,4.576,4.568,4.574,23072059,105500835.12
2024-08-28 15:00:00,4.574,4.578,4.567,4.568,40034885,182999459.33
2024-08-29 10:00:00,4.556,4.593,4.548,4.58,60817376,278158405.37
2024-08-29 10:30:00,4.58,4.595,4.578,4.585,43539248,199670991.33
2024-08-29 11:00:00,4.585,4.652,4.585,4.641,103929764,480779088.26
2024-08-29 11:30:00,4.64,4.643,4.621,4.634,60993002,282560247.27
2024-08-29 13:30:00,4.633,4.652,4.628,4.648,56143410,260655138.16
2024-08-29 14:00:00,4.648,4.655,4.638,4.643,35101581,163058544.27
2024-08-29 14:30:00,4.643,4.649,4.638,4.647,38027685,176625920.93
2024-08-29 15:00:00,4.647,4.649,4.63,4.633,37977123,176112578.39
2024-08-30 10:00:00,4.628,4.712,4.624,4.706,143960195,673829686.06
2024-08-30 10:30:00,4.707,4.725,4.693,4.719,124964764,588875622.89
2024-08-30 11:00:00,4.719,4.753,4.714,4.751,76758861,363785828.57
2024-08-30 11:30:00,4.751,4.757,4.744,4.754,49055564,233095688.27
2024-08-30 13:30:00,4.754,4.77,4.744,4.765,58233688,277172943.65
2024-08-30 14:00:00,4.765,4.787,4.764,4.769,92151965,439872046.27
2024-08-30 14:30:00,4.769,4.77,4.734,4.735,48501851,230205952.13
2024-08-30 15:00:00,4.734,4.739,4.704,4.712,105321117,496940137.04
2024-09-02 10:00:00,4.7,4.709,4.67,4.682,95551877,447851647.5
2024-09-02 10:30:00,4.682,4.682,4.645,4.647,80824006,376478219.95
2024-09-02 11:00:00,4.647,4.659,4.644,4.654,104036703,484013421.26
2024-09-02 11:30:00,4.654,4.658,4.648,4.652,31715423,147561291.41
2024-09-02 13:30:00,4.653,4.664,4.645,4.646,15812716,73555483.93
2024-09-02 14:00:00,4.648,4.652,4.638,4.643,22588925,104910497.34
2024-09-02 14:30:00,4.643,4.65,4.631,4.637,28315500,131365043.0
2024-09-02 15:00:00,4.637,4.639,4.615,4.617,57358501,265206589.12
2024-09-03 10:00:00,4.616,4.664,4.615,4.656,79483896,369202696.92
2024-09-03 10:30:00,4.656,4.69,4.651,4.669,56151877,262229265.59
2024-09-03 11:00:00,4.669,4.68,4.658,4.669,34687242,161954732.9
2024-09-03 11:30:00,4.669,4.67,4.642,4.649,30062968,139903032.08
2024-09-03 13:30:00,4.649,4.667,4.647,4.664,18297007,85251854.62
2024-09-03 14:00:00,4.665,4.67,4.653,4.665,24186362,112772943.89
2024-09-03 14:30:00,4.665,4.67,4.655,4.664,10482909,48881804.67
2024-09-03 15:00:00,4.665,4.669,4.662,4.667,41106297,191801981.8
2024-09-04 10:00:00,4.64,4.668,4.622,4.653,59768805,277785482.7
2024-09-04 10:30:00,4.654,4.661,4.642,4.657,29636910,137910421.2
2024-09-04 11:00:00,4.656,4.692,4.654,4.692,26322819,123173244.37
2024-09-04 11:30:00,4.692,4.7,4.668,4.668,34383610,160869449.99
2024-09-04 13:30:00,4.668,4.668,4.66,4.665,16344317,76235342.59
2024-09-04 14:00:00,4.664,4.674,4.657,4.67,15485860,72272508.62
2024-09-04 14:30:00,4.67,4.671,4.652,4.659,18206825,84855942.38
2024-09-04 15:00:00,4.659,4.663,4.651,4.655,21062935,98076046.34
2024-09-05 10:00:00,4.68,4.7,4.661,4.672,49053700,229456857.37
2024-09-05 10:30:00,4.672,4.692,4.671,4.689,22350778,104691044.15
2024-09-05 11:00:00,4.689,4.708,4.676,4.678,24375723,114257138.94
2024-09-05 11:30:00,4.678,4.681,4.669,4.67,10392590,48568037.27
2024-09-05 13:30:00,4.67,4.673,4.661,4.67,12056899,56281604.53
2024-09-05 14:00:00,4.67,4.673,4.661,4.661,14546402,67858965.33
2024-09-05 14:30:00,4.661,4.678,4.655,4.67,19961377,93173054.04
2024-09-05 15:00:00,4.669,4.683,4.669,4.676,16790771,78513645.2
2024-09-06 10:00:00,4.69,4.693,4.641,4.682,69552813,324950742.34
2024-09-06 10:30:00,4.682,4.682,4.667,4.678,15887081,74282695.06
2024-09-06 11:00:00,4.678,4.678,4.66,4.664,8255735,38532267.16
2024-09-06 11:30:00,4.665,4.665,4.624,4.629,37411926,173566395.36
2024-09-06 13:30:00,4.629,4.638,4.624,4.626,16531674,76530629.5
2024-09-06 14:00:00,4.626,4.627,4.615,4.624,31835069,147141688.92
2024-09-06 14:30:00,4.624,4.629,4.616,4.62,17555761,81136875.42
2024-09-06 15:00:00,4.619,4.628,4.604,4.612,29789098,137466757.57
2024-09-09 10:00:00,4.6,4.611,4.582,4.593,40955016,188201950.19
2024-09-09 10:30:00,4.593,4.62,4.589,4.598,25787453,118682454.52
2024-09-09 11:00:00,4.599,4.599,4.58,4.589,26341251,120888781.26
2024-09-09 11:30:00,4.59,4.606,4.584,4.591,15736771,72289480.38
2024-09-09 13:30:00,4.591,4.591,4.575,4.578,10016686,45889777.46
2024-09-09 14:00:00,4.578,4.582,4.569,4.573,13912027,63642886.18
2024-09-09 14:30:00,4.573,4.578,4.562,4.565,20190221,92235659.6
2024-09-09 15:00:00,4.565,4.586,4.561,4.579,27397964,125354817.95
2024-09-10 10:00:00,4.587,4.591,4.533,4.545,57512206,262044781.27
2024-09-10 10:30:00,4.546,4.548,4.528,4.53,40018435,181496942.2
2024-09-10 11:00:00,4.53,4.536,4.516,4.516,27450823,124150922.15
2024-09-10 11:30:00,4.517,4.52,4.5,4.507,27681670,124816650.03
2024-09-10 13:30:00,4.507,4.559,4.506,4.537,44481774,201680363.32
2024-09-10 14:00:00,4.536,4.556,4.526,4.553,16554919,75242106.86
2024-09-10 14:30:00,4.553,4.603,4.546,4.568,47263443,216104215.88
2024-09-10 15:00:00,4.568,4.585,4.568,4.576,16571353,75836035.11
2024-09-11 10:00:00,4.556,4.587,4.549,4.568,50334928,229929951.1
2024-09-11 10:30:00,4.569,4.598,4.565,4.589,34302016,157240441.34
2024-09-11 11:00:00,4.59,4.604,4.576,4.58,21063953,96613331.09
2024-09-11 11:30:00,4.58,4.589,4.574,4.579,9985857,45741882.3
2024-09-11 13:30:00,4.581,4.592,4.572,4.582,10442602,47848002.36
2024-09-11 14:00:00,4.582,4.586,4.574,4.577,7855460,35970151.34
2024-09-11 14:30:00,4.578,4.589,4.565,4.578,25116139,114964940.25
2024-09-11 15:00:00,4.577,4.59,4.574,4.589,20161186,92425597.02
2024-09-12 10:00:00,4.596,4.645,4.595,4.615,86711321,400461784.15
2024-09-12 10:30:00,4.615,4.615,4.581,4.588,26468705,121614876.57
2024-09-12 11:00:00,4.587,4.59,4.567,4.575,27146230,124257343.45
2024-09-12 11:30:00,4.574,4.587,4.571,4.585,12608300,57758622.3
2024-09-12 13:30:00,4.583,4.602,4.575,4.599,24561497,112786394.22
2024-09-12 14:00:00,4.599,4.599,4.585,4.59,10859600,49860043.47
2024-09-12 14:30:00,4.589,4.59,4.576,4.581,16925089,77556399.49
2024-09-12 15:00:00,4.579,4.584,4.566,4.574,37160846,169998483.5
2024-09-13 10:00:00,4.574,4.583,4.555,4.582,41066706,187811735.44
2024-09-13 10:30:00,4.582,4.583,4.562,4.568,31097651,142147362.72
2024-09-13 11:00:00,4.568,4.57,4.551,4.556,18565094,84638263.55
2024-09-13 11:30:00,4.556,4.568,4.555,4.56,9726668,44363332.75
2024-09-13 13:30:00,4.561,4.566,4.55,4.553,16219116,73899698.87
2024-09-13 14:00:00,4.553,4.562,4.541,4.541,19947539,90721407.37
2024-09-13 14:30:00,4.542,4.546,4.531,4.535,18483531,83865941.32
2024-09-13 15:00:00,4.535,4.541,4.52,4.523,30711232,139060458.5
2024-09-18 10:00:00,4.527,4.534,4.496,4.508,33081034,149283679.43
2024-09-18 10:30:00,4.508,4.51,4.491,4.493,33820355,152123956.79
2024-09-18 11:00:00,4.494,4.502,4.485,4.488,27051985,121508499.29
2024-09-18 11:30:00,4.488,4.489,4.472,4.473,15335142,68670765.88
2024-09-18 13:30:00,4.472,4.486,4.463,4.48,24118053,107960444.58
2024-09-18 14:00:00,4.481,4.547,4.476,4.546,31290370,141526343.51
2024-09-18 14:30:00,4.547,4.55,4.521,4.526,21310095,96584453.9
2024-09-18 15:00:00,4.525,4.539,4.522,4.539,24085318,109186774.93
2024-09-19 10:00:00,4.546,4.551,4.506,4.539,51683269,234228575.11
2024-09-19 10:30:00,4.539,4.631,4.525,4.629,110783862,509051845.89
2024-09-19 11:00:00,4.63,4.644,4.591,4.593,107824592,496999486.06
2024-09-19 11:30:00,4.593,4.6,4.573,4.595,32630500,149752241.33
2024-09-19 13:30:00,4.595,4.613,4.585,4.593,29453725,135398773.83
2024-09-19 14:00:00,4.593,4.602,4.58,4.583,20523246,94167493.73
2024-09-19 14:30:00,4.583,4.596,4.578,4.592,30000859,137663941.66
2024-09-19 15:00:00,4.592,4.603,4.585,4.603,46781362,215053921.11
2024-09-20 10:00:00,4.585,4.59,4.555,4.556,99103970,452607830.99
2024-09-20 10:30:00,4.555,4.571,4.548,4.568,33339428,152105583.68
2024-09-20 11:00:00,4.568,4.576,4.558,4.562,17299743,78979093.38
2024-09-20 11:30:00,4.562,4.574,4.557,4.566,25933429,118403392.34
2024-09-20 13:30:00,4.565,4.566,4.552,4.553,18450023,84076754.81
2024-09-20 14:00:00,4.553,4.556,4.546,4.55,12647561,57554834.26
2024-09-20 14:30:00,4.549,4.56,4.542,4.559,16866238,76803225.77
2024-09-20 15:00:00,4.559,4.583,4.552,4.569,41485640,189506403.52
2024-09-23 10:00:00,4.559,4.623,4.55,4.604,91687069,421057583.2
2024-09-23 10:30:00,4.604,4.607,4.567,4.576,34776618,159392832.5
2024-09-23 11:00:00,4.576,4.589,4.571,4.584,21435567,98203477.62
2024-09-23 11:30:00,4.584,4.598,4.58,4.586,21597943,99091362.48
2024-09-23 13:30:00,4.585,4.588,4.571,4.581,20775923,95153727.34
2024-09-23 14:00:00,4.581,4.584,4.57,4.571,14346698,65636143.35
2024-09-23 14:30:00,4.571,4.574,4.569,4.571,16482249,75345854.26
2024-09-23 15:00:00,4.571,4.576,4.561,4.568,29287343,133794345.27
2024-09-24 10:00:00,4.62,4.65,4.595,4.596,195956345,904077257.05
2024-09-24 10:30:00,4.596,4.596,4.579,4.586,37457816,171819001.99
2024-09-24 11:00:00,4.586,4.667,4.58,4.65,62491470,289481319.53
2024-09-24 11:30:00,4.65,4.705,4.637,4.696,118036222,552330828.15
2024-09-24 13:30:00,4.697,4.762,4.697,4.739,238207286,1127355682.21
2024-09-24 14:00:00,4.739,4.757,4.738,4.748,60111389,285388837.84
2024-09-24 14:30:00,4.748,4.751,4.721,4.744,40779895,193242329.11
2024-09-24 15:00:00,4.744,4.78,4.744,4.78,109218202,520752387.14
2024-09-25 10:00:00,4.85,4.904,4.84,4.892,255427442,1246145347.04
2024-09-25 10:30:00,4.892,4.929,4.885,4.911,82937917,407086942.61
2024-09-25 11:00:00,4.912,4.915,4.879,4.896,50046427,245060670.88
2024-09-25 11:30:00,4.897,4.897,4.853,4.856,47605716,231776362.63
2024-09-25 13:30:00,4.859,4.87,4.832,4.836,84947396,411655081.02
2024-09-25 14:00:00,4.836,4.844,4.801,4.818,62073531,299256492.95
2024-09-25 14:30:00,4.818,4.842,4.817,4.821,43548328,210193263.15
2024-09-25 15:00:00,4.821,4.829,4.808,4.814,80344459,387019259.0
2024-09-26 10:00:00,4.795,4.865,4.794,4.851,156729218,758046984.39
2024-09-26 10:30:00,4.852,4.873,4.833,4.872,66896752,325073616.89
2024-09-26 11:00:00,4.873,4.874,4.833,4.835,50428842,244445406.79
2024-09-26 11:30:00,4.834,4.858,4.834,4.848,21931626,106295280.68
2024-09-26 13:30:00,4.847,4.941,4.847,4.941,170241019,835826656.28
2024-09-26 14:00:00,4.941,4.973,4.923,4.972,185324014,918465813.38
2024-09-26 14:30:00,4.972,5.021,4.948,5.01,249248996,1244500237.03
2024-09-26 15:00:00,5.011,5.067,4.989,5.059,278156521,1401445271.64
2024-09-27 10:00:00,5.143,5.225,5.105,5.206,298434802,1545494361.29
2024-09-27 10:30:00,5.206,5.217,5.172,5.216,73026489,379859453.62
2024-09-27 11:00:00,5.216,5.294,5.18,5.252,7709699,40414242.16
2024-09-27 11:30:00,5.294,5.42,5.189,5.42,75646036,404176770.35
2024-09-27 13:30:00,5.421,5.566,5.375,5.377,36310337,197504026.39
2024-09-27 14:00:00,5.377,5.39,5.288,5.345,22321305,119218090.01
2024-09-27 14:30:00,5.353,5.485,5.341,5.406,60184048,325635822.38
2024-09-27 15:00:00,5.406,5.5,5.388,5.493,46289587,252756574.88
2024-09-30 10:00:00,5.789,5.813,5.501,5.591,706164208,3979235312.08
2024-09-30 10:30:00,5.592,5.696,5.58,5.692,311663049,1762766205.14
2024-09-30 11:00:00,5.692,5.797,5.65,5.788,179013218,1028430937.41
2024-09-30 11:30:00,5.788,5.848,5.701,5.835,193947016,1123858308.71
2024-09-30 13:30:00,5.835,5.93,5.829,5.915,145965816,859933277.33
2024-09-30 14:00:00,5.915,6.041,5.914,6.038,136794221,820446139.48
2024-09-30 14:30:00,6.038,6.042,5.879,5.909,143546846,853146754.73
2024-09-30 15:00:00,5.909,6.008,5.9,5.998,169142890,1009557529.45
2024-10-08 10:00:00,6.595,6.595,6.378,6.501,501088668,3252733573.54
2024-10-08 10:30:00,6.501,6.505,6.231,6.233,282093097,1783674652.33
2024-10-08 11:00:00,6.233,6.275,5.996,6.127,258797458,1587118544.09
2024-10-08 11:30:00,6.127,6.381,6.118,6.265,234290012,1465405928.39
2024-10-08 13:30:00,6.269,6.322,6.118,6.16,339412202,2104355652.4
2024-10-08 14:00:00,6.16,6.2,6.064,6.148,323466482,1985221622.19
2024-10-08 14:30:00,6.148,6.269,6.106,6.266,92084786,572184165.28
2024-10-08 15:00:00,6.267,6.284,6.2,6.248,538594001,3362980942.24
2024-10-09 10:00:00,6.041,6.184,5.953,6.083,257778671,1565575795.21
2024-10-09 10:30:00,6.083,6.083,6.0,6.015,151990016,916905103.19
2024-10-09 11:00:00,6.015,6.028,5.918,5.924,181822584,1083056525.36
2024-10-09 11:30:00,5.924,5.969,5.771,5.929,149915291,882951092.23
2024-10-09 13:30:00,5.927,6.077,5.926,6.054,148285346,892529497.57
2024-10-09 14:00:00,6.053,6.148,6.003,6.005,95016495,575039827.74
2024-10-09 14:30:00,6.006,6.047,5.95,5.992,90255378,541201331.61
2024-10-09 15:00:00,5.992,6.008,5.839,5.862,287410658,1696585114.17
2024-10-10 10:00:00,5.87,5.987,5.777,5.793,243605786,1425662261.6
2024-10-10 10:30:00,5.793,5.832,5.699,5.774,107233396,618557972.59
2024-10-10 11:00:00,5.774,5.88,5.774,5.859,56495376,329801173.3
2024-10-10 11:30:00,5.86,5.98,5.835,5.91,74554028,440490048.77
2024-10-10 13:30:00,5.907,5.958,5.855,5.895,84953314,501451094.77
2024-10-10 14:00:00,5.894,5.915,5.842,5.856,35720962,209717767.9
2024-10-10 14:30:00,5.857,5.866,5.794,5.798,50536890,294091008.54
2024-10-10 15:00:00,5.799,5.841,5.773,5.791,76127475,441666234.12
2024-10-11 10:00:00,5.732,5.752,5.648,5.656,145250135,825795434.19
2024-10-11 10:30:00,5.653,5.655,5.568,5.619,121046368,679554309.95
2024-10-11 11:00:00,5.619,5.666,5.593,5.665,61773806,348486630.91
2024-10-11 11:30:00,5.665,5.682,5.624,5.633,76219828,430362555.5
2024-10-11 13:30:00,5.633,5.68,5.605,5.642,56255687,317413337.95
2024-10-11 14:00:00,5.642,5.644,5.568,5.571,58707509,328429374.52
2024-10-11 14:30:00,5.571,5.588,5.52,5.54,132695113,736369413.74
2024-10-11 15:00:00,5.54,5.567,5.485,5.56,134648989,745596335.09
2024-10-14 10:00:00,5.57,5.625,5.527,5.531,215056303,1195928100.98
2024-10-14 10:30:00,5.532,5.548,5.491,5.511,87160937,480837835.78
2024-10-14 11:00:00,5.51,5.598,5.503,5.562,78564718,436374632.01
2024-10-14 11:30:00,5.562,5.655,5.553,5.653,75851963,426313316.05
2024-10-14 13:30:00,5.653,5.717,5.627,5.705,77179501,438611104.18
2024-10-14 14:00:00,5.704,5.707,5.644,5.684,46907657,266357312.33
2024-10-14 14:30:00,5.685,5.69,5.629,5.654,92599898,523899356.25
2024-10-14 15:00:00,5.653,5.698,5.653,5.693,86544200,491686448.27
2024-10-15 10:00:00,5.655,5.699,5.6,5.699,112351723,636584862.52
2024-10-15 10:30:00,5.698,5.75,5.691,5.711,108816558,622140534.27
2024-10-15 11:00:00,5.711,5.714,5.648,5.672,72980831,414385158.42
2024-10-15 11:30:00,5.671,5.699,5.656,5.696,46531195,264467801.98
2024-10-15 13:30:00,5.697,5.701,5.635,5.636,73702929,416962037.0
2024-10-15 14:00:00,5.635,5.661,5.626,5.638,64697223,365000166.42
2024-10-15 14:30:00,5.638,5.644,5.59,5.599,104021017,583661926.39
2024-10-15 15:00:00,5.602,5.614,5.54,5.544,170036492,946423114.47
2024-10-16 10:00:00,5.497,5.59,5.487,5.59,112628878,625728503.21
2024-10-16 10:30:00,5.591,5.599,5.515,5.527,61071687,338764647.79
2024-10-16 11:00:00,5.526,5.596,5.523,5.589,60034598,334352687.79
2024-10-16 11:30:00,5.59,5.644,5.571,5.58,83500931,467466045.38
2024-10-16 13:30:00,5.58,5.609,5.547,5.559,44621681,248617132.64
2024-10-16 14:00:00,5.559,5.565,5.534,5.551,35613864,197656945.2
2024-10-16 14:30:00,5.551,5.551,5.502,5.548,86841046,480549401.55
2024-10-16 15:00:00,5.546,5.575,5.526,5.55,88166807,489355167.79
2024-10-17 10:00:00,5.576,5.625,5.564,5.622,75625825,423781914.69
2024-10-17 10:30:00,5.623,5.633,5.55,5.57,64382692,359534413.03
2024-10-17 11:00:00,5.57,5.59,5.535,5.582,60793528,338559157.43
2024-10-17 11:30:00,5.583,5.596,5.549,5.573,52014969,289862083.91
2024-10-17 13:30:00,5.575,5.608,5.567,5.577,44718752,249709511.17
2024-10-17 14:00:00,5.576,5.587,5.552,5.568,52352038,291548499.62
2024-10-17 14:30:00,5.568,5.57,5.505,5.518,93319885,516152283.93
2024-10-17 15:00:00,5.518,5.532,5.5,5.502,205488894,1132517791.13
2024-10-18 10:00:00,5.505,5.543,5.497,5.514,79615958,439320856.24
2024-10-18 10:30:00,5.514,5.576,5.511,5.574,66866008,371351519.76
2024-10-18 11:00:00,5.577,5.65,5.566,5.597,171218236,959564067.29
2024-10-18 11:30:00,5.596,5.61,5.578,5.604,54329089,304098020.83
2024-10-18 13:30:00,5.602,5.746,5.6,5.695,203765599,1157456524.19
2024-10-18 14:00:00,5.693,5.778,5.674,5.768,126742734,727503293.16
2024-10-18 14:30:00,5.767,5.837,5.736,5.827,145412569,843392900.2
2024-10-18 15:00:00,5.828,5.931,5.712,5.731,291303360,1687034858.88
2024-10-21 10:00:00,5.761,5.797,5.718,5.73,135269398,777573589.5
2024-10-21 10:30:00,5.73,5.837,5.726,5.829,76422739,443048092.23
2024-10-21 11:00:00,5.832,5.858,5.798,5.807,84185305,490042660.4
2024-10-21 11:30:00,5.809,5.869,5.796,5.858,59122499,345334516.66
2024-10-21 13:30:00,5.859,5.891,5.806,5.811,118493773,691529659.23
2024-10-21 14:00:00,5.811,5.831,5.777,5.777,73660147,426860551.87
2024-10-21 14:30:00,5.777,5.807,5.769,5.793,50893430,294655995.22
2024-10-21 15:00:00,5.794,5.814,5.782,5.792,97770724,566679116.3
2024-10-22 10:00:00,5.78,5.81,5.759,5.794,106662569,617327395.18
2024-10-22 10:30:00,5.793,5.84,5.786,5.837,52455024,305340694.7
2024-10-22 11:00:00,5.837,5.846,5.8,5.808,49751439,289453872.1
2024-10-22 11:30:00,5.808,5.857,5.806,5.857,43682121,255103586.64
2024-10-22 13:30:00,5.857,5.869,5.818,5.822,36770657,214605811.14
2024-10-22 14:00:00,5.822,5.836,5.782,5.803,54451133,316197729.33
2024-10-22 14:30:00,5.805,5.856,5.8,5.856,45318727,264540515.74
2024-10-22 15:00:00,5.856,5.86,5.821,5.847,42888695,250584348.65
2024-10-23 10:00:00,5.846,5.874,5.819,5.865,84391277,493914013.86
2024-10-23 10:30:00,5.866,5.92,5.857,5.887,74441424,438311104.51
2024-10-23 11:00:00,5.887,5.905,5.874,5.887,38615945,227396428.12
2024-10-23 11:30:00,5.887,5.916,5.881,5.908,24776247,146221151.05
2024-10-23 13:30:00,5.908,5.956,5.902,5.921,99224445,588037135.88
2024-10-23 14:00:00,5.921,5.936,5.9,5.91,48229526,285293722.8
2024-10-23 14:30:00,5.91,5.91,5.853,5.891,62599418,368376708.46
2024-10-23 15:00:00,5.891,5.894,5.846,5.871,54946754,322555761.56
2024-10-24 10:00:00,5.838,5.852,5.792,5.795,96770704,562528102.35
2024-10-24 10:30:00,5.795,5.835,5.783,5.826,50818452,295492358.9
2024-10-24 11:00:00,5.826,5.84,5.806,5.817,46026789,267921938.77
2024-10-24 11:30:00,5.817,5.839,5.813,5.834,24288605,141570182.34
2024-10-24 13:30:00,5.834,5.835,5.796,5.799,24190582,140547281.42
2024-10-24 14:00:00,5.799,5.815,5.792,5.797,41305077,239624520.04
2024-10-24 14:30:00,5.796,5.826,5.794,5.808,21901102,127230801.89
2024-10-24 15:00:00,5.807,5.822,5.8,5.818,46887289,272571440.05
2024-10-25 10:00:00,5.828,5.853,5.821,5.847,70000425,408825815.48
2024-10-25 10:30:00,5.846,5.899,5.832,5.88,64564060,379012553.55
2024-10-25 11:00:00,5.881,5.909,5.858,5.895,39679347,233605542.24
2024-10-25 11:30:00,5.896,5.925,5.873,5.924,48435971,286127426.02
2024-10-25 13:30:00,5.924,5.945,5.9,5.92,59816493,354213332.72
2024-10-25 14:00:00,5.92,5.927,5.892,5.914,36079901,213268294.81
2024-10-25 14:30:00,5.916,5.917,5.878,5.893,28929154,170566291.98
2024-10-25 15:00:00,5.894,5.912,5.888,5.906,39837869,235123102.84
2024-10-28 10:00:00,5.9,5.915,5.876,5.912,115996658,684496278.86
2024-10-28 10:30:00,5.913,5.969,5.905,5.949,59389081,352830530.22
2024-10-28 11:00:00,5.949,5.977,5.945,5.971,54360153,324222072.54
2024-10-28 11:30:00,5.972,5.975,5.931,5.963,34360905,204665003.82
2024-10-28 13:30:00,5.962,5.964,5.94,5.957,47212301,281086302.72
2024-10-28 14:00:00,5.957,5.973,5.947,5.955,32334238,192658168.08
2024-10-28 14:30:00,5.956,5.969,5.945,5.961,21738653,129526140.79
2024-10-28 15:00:00,5.962,5.978,5.954,5.977,166710901,995208508.67
2024-10-29 10:00:00,5.99,6.013,5.946,5.965,110155431,658141981.75
2024-10-29 10:30:00,5.965,5.991,5.958,5.988,53104162,317509784.6
2024-10-29 11:00:00,5.988,6.002,5.983,5.986,37878993,226907794.4
2024-10-29 11:30:00,5.986,5.987,5.935,5.94,53638981,319366492.87
2024-10-29 13:30:00,5.94,5.94,5.91,5.929,142759066,846037811.47
2024-10-29 14:00:00,5.93,5.945,5.903,5.914,75498708,447002683.83
2024-10-29 14:30:00,5.914,5.93,5.896,5.921,83941761,496571477.49
2024-10-29 15:00:00,5.921,5.932,5.9,5.915,47783261,282669844.32
2024-10-30 10:00:00,5.899,5.965,5.896,5.954,254121164,1509056178.89
2024-10-30 10:30:00,5.954,5.967,5.937,5.94,72169077,429261670.0
2024-10-30 11:00:00,5.94,5.959,5.928,5.95,39777061,236501145.69
2024-10-30 11:30:00,5.953,5.96,5.898,5.9,53177580,314775821.88
2024-10-30 13:30:00,5.899,5.907,5.866,5.877,90848661,534492955.55
2024-10-30 14:00:00,5.878,5.903,5.874,5.893,86840647,511491410.83
2024-10-30 14:30:00,5.893,5.915,5.872,5.913,46786565,276040733.5
2024-10-30 15:00:00,5.914,5.949,5.911,5.934,49300968,292420474.86
2024-10-31 10:00:00,5.926,5.948,5.902,5.948,172436625,1023009017.25
2024-10-31 10:30:00,5.948,6.0,5.944,5.992,132909008,794618655.83
2024-10-31 11:00:00,5.991,6.035,5.991,6.009,65569578,394182446.41
2024-10-31 11:30:00,6.01,6.043,5.989,6.0,53054178,318890979.23
2024-10-31 13:30:00,6.0,6.018,5.978,5.996,44297894,265669236.28
2024-10-31 14:00:00,5.996,6.019,5.983,6.011,64994183,390246739.46
2024-10-31 14:30:00,6.012,6.045,6.011,6.041,37605341,226847952.03
2024-10-31 15:00:00,6.041,6.042,5.982,6.002,53374490,320709518.91
2024-11-01 10:00:00,5.991,6.027,5.961,5.992,100484255,602235634.97
2024-11-01 10:30:00,5.992,5.993,5.896,5.967,89795974,534465637.25
2024-11-01 11:00:00,5.97,6.009,5.955,6.003,53541184,320658150.98
2024-11-01 11:30:00,6.004,6.018,5.976,6.017,23885195,143398749.05
2024-11-01 13:30:00,6.018,6.027,5.958,5.964,22123743,132366354.37
2024-11-01 14:00:00,5.964,5.975,5.95,5.972,26818640,159991066.69
2024-11-01 14:30:00,5.972,5.974,5.936,5.96,23325568,138942633.39
2024-11-01 15:00:00,5.96,5.97,5.93,5.949,51151354,304333505.85
2024-11-04 10:00:00,5.946,5.986,5.942,5.971,68050527,406012127.59
2024-11-04 10:30:00,5.971,6.004,5.97,5.985,37773840,226126797.52
2024-11-04 11:00:00,5.985,6.0,5.968,5.998,24146372,144604573.12
2024-11-04 11:30:00,5.999,6.004,5.983,5.999,16337920,97951276.37
2024-11-04 13:30:00,5.996,6.0,5.967,5.97,19576616,117048587.06
2024-11-04 14:00:00,5.969,5.986,5.961,5.983,15861292,94797655.19
2024-11-04 14:30:00,5.982,6.0,5.978,5.998,18638693,111683048.46
2024-11-04 15:00:00,5.998,6.035,5.995,6.034,68098515,410043858.32
2024-11-05 10:00:00,6.034,6.103,6.004,6.094,94896672,575738109.02
2024-11-05 10:30:00,6.094,6.164,6.088,6.144,147658708,905443197.46
2024-11-05 11:00:00,6.143,6.164,6.124,6.144,107787262,662244937.73
2024-11-05 11:30:00,6.145,6.193,6.143,6.19,38938601,240458840.71
2024-11-05 13:30:00,6.192,6.217,6.184,6.195,48500581,300638934.76
2024-11-05 14:00:00,6.195,6.22,6.188,6.209,35365875,219468831.62
2024-11-05 14:30:00,6.209,6.22,6.177,6.218,42056165,260958503.82
2024-11-05 15:00:00,6.218,6.24,6.205,6.219,59893986,372620451.57
2024-11-06 10:00:00,6.22,6.266,6.183,6.26,132056816,823550323.51
2024-11-06 10:30:00,6.261,6.307,6.25,6.274,77925204,489136505.51
2024-11-06 11:00:00,6.273,6.279,6.233,6.27,36878352,230883069.09
2024-11-06 11:30:00,6.269,6.269,6.187,6.248,52121540,324960428.05
2024-11-06 13:30:00,6.247,6.271,6.223,6.228,39174924,244477642.38
2024-11-06 14:00:00,6.229,6.294,6.226,6.28,39991275,250611990.0
2024-11-06 14:30:00,6.28,6.29,6.245,6.248,55032823,344560504.8
2024-11-06 15:00:00,6.248,6.248,6.18,6.222,68142614,423619917.03
2024-11-07 10:00:00,6.19,6.237,6.17,6.212,111454949,691726565.14
2024-11-07 10:30:00,6.214,6.246,6.196,6.198,40979124,254616957.12
2024-11-07 11:00:00,6.199,6.237,6.19,6.232,27677277,172143437.18
2024-11-07 11:30:00,6.233,6.255,6.221,6.254,18431474,115073836.01
2024-11-07 13:30:00,6.254,6.275,6.243,6.252,72886250,456024970.83
2024-11-07 14:00:00,6.255,6.31,6.25,6.31,46355228,291574384.12
2024-11-07 14:30:00,6.31,6.327,6.288,6.307,48402470,305290512.45
2024-11-07 15:00:00,6.307,6.35,6.304,6.346,71853258,455070634.0
2024-11-08 10:00:00,6.401,6.438,6.38,6.41,119971975,768940378.43
2024-11-08 10:30:00,6.41,6.43,6.388,6.4,69380832,444453609.79
2024-11-08 11:00:00,6.399,6.418,6.349,6.386,60016487,383165258.5
2024-11-08 11:30:00,6.386,6.394,6.322,6.331,57544754,365351643.15
2024-11-08 13:30:00,6.331,6.375,6.305,6.363,142607924,905227565.58
2024-11-08 14:00:00,6.363,6.377,6.349,6.353,54602552,347254029.87
2024-11-08 14:30:00,6.353,6.362,6.312,6.323,17547665,111117664.0
2024-11-08 15:00:00,6.323,6.344,6.308,6.323,40686133,257339791.22
2024-11-11 10:00:00,6.286,6.372,6.282,6.366,131587332,834263684.88
2024-11-11 10:30:00,6.367,6.393,6.327,6.34,59527679,378199187.25
2024-11-11 11:00:00,6.34,6.355,6.31,6.35,121396830,769453574.15
2024-11-11 11:30:00,6.353,6.4,6.351,6.399,20923473,133561502.65
2024-11-11 13:30:00,6.399,6.427,6.393,6.421,41057627,263329933.7
2024-11-11 14:00:00,6.422,6.424,6.39,6.403,40446302,259085528.51
2024-11-11 14:30:00,6.405,6.418,6.378,6.418,30149025,193094455.45
2024-11-11 15:00:00,6.418,6.435,6.407,6.432,45387077,291596840.7
2024-11-12 10:00:00,6.44,6.482,6.418,6.482,112732761,728328791.23
2024-11-12 10:30:00,6.482,6.482,6.445,6.449,36660307,236776702.81
2024-11-12 11:00:00,6.449,6.454,6.415,6.427,29973425,192789069.6
2024-11-12 11:30:00,6.427,6.457,6.413,6.457,25720948,165702920.67
2024-11-12 13:30:00,6.457,6.461,6.407,6.407,21565335,138557277.38
2024-11-12 14:00:00,6.41,6.42,6.376,6.395,42882441,274318975.08
2024-11-12 14:30:00,6.395,6.395,6.325,6.338,82302907,522842933.87
2024-11-12 15:00:00,6.34,6.378,6.309,6.374,82944562,527002098.76
2024-11-13 10:00:00,6.334,6.376,6.308,6.335,51792660,328348200.18
2024-11-13 10:30:00,6.335,6.336,6.276,6.277,59744168,376169196.45
2024-11-13 11:00:00,6.28,6.315,6.261,6.315,44655417,281195160.85
2024-11-13 11:30:00,6.315,6.326,6.29,6.296,25158179,158597160.42
2024-11-13 13:30:00,6.298,6.306,6.283,6.288,9571494,60227030.75
2024-11-13 14:00:00,6.289,6.332,6.28,6.33,16603057,104831701.9
2024-11-13 14:30:00,6.33,6.364,6.326,6.337,43158715,273726956.77
2024-11-13 15:00:00,6.336,6.356,6.325,6.356,30954906,196429515.17
2024-11-14 10:00:00,6.343,6.343,6.291,6.315,67920412,429007962.33
2024-11-14 10:30:00,6.315,6.318,6.273,6.28,35691501,224511438.46
2024-11-14 11:00:00,6.28,6.286,6.257,6.276,30991574,194410143.7
2024-11-14 11:30:00,6.276,6.298,6.27,6.278,40014284,251369732.09
2024-11-14 13:30:00,6.276,6.279,6.238,6.239,30712091,192011992.93
2024-11-14 14:00:00,6.238,6.256,6.22,6.229,66510759,414694582.36
2024-11-14 14:30:00,6.229,6.23,6.185,6.21,90615969,562574140.88
2024-11-14 15:00:00,6.21,6.215,6.17,6.182,158335267,979936967.46
2024-11-15 10:00:00,6.169,6.194,6.122,6.148,188118884,1157809024.73
2024-11-15 10:30:00,6.148,6.185,6.146,6.155,59722354,368009145.35
2024-11-15 11:00:00,6.156,6.158,6.124,6.158,47050663,289204741.91
2024-11-15 11:30:00,6.158,6.158,6.093,6.113,37858907,231746989.38
2024-11-15 13:30:00,6.113,6.153,6.112,6.145,34935415,214386996.72
2024-11-15 14:00:00,6.144,6.154,6.101,6.104,27688948,169447132.11
2024-11-15 14:30:00,6.106,6.106,6.066,6.067,120601323,733215843.4
2024-11-15 15:00:00,6.068,6.081,6.019,6.026,238169304,1439018934.77
2024-11-18 10:00:00,6.03,6.054,5.946,5.975,205186580,1229409591.83
2024-11-18 10:30:00,5.975,6.068,5.958,6.043,174709530,1052275499.19
2024-11-18 11:00:00,6.043,6.053,6.01,6.032,45518463,274552196.0
2024-11-18 11:30:00,6.03,6.038,6.003,6.038,29817266,179688784.0
2024-11-18 13:30:00,6.039,6.039,6.003,6.007,20257377,121875132.49
2024-11-18 14:00:00,6.006,6.006,5.944,5.945,30520804,182056595.86
2024-11-18 14:30:00,5.945,5.958,5.913,5.93,65460365,388419985.79
2024-11-18 15:00:00,5.93,5.938,5.891,5.933,73936896,437755715.58
2024-11-19 10:00:00,5.934,5.986,5.934,5.969,53927198,321567881.67
2024-11-19 10:30:00,5.969,5.988,5.932,5.939,79553547,473582265.29
2024-11-19 11:00:00,5.939,5.951,5.915,5.947,56529597,335653903.79
2024-11-19 11:30:00,5.946,5.962,5.915,5.927,26011340,154368632.45
2024-11-19 13:30:00,5.924,5.927,5.896,5.911,30196910,178504000.65
2024-11-19 14:00:00,5.91,5.923,5.874,5.922,60060240,354735797.52
2024-11-19 14:30:00,5.922,6.014,5.912,6.009,179389297,1072449013.9
2024-11-19 15:00:00,6.01,6.029,5.985,6.02,218272954,1312111484.15
2024-11-20 10:00:00,6.01,6.052,5.99,6.023,159544271,960722418.54
2024-11-20 10:30:00,6.022,6.048,6.017,6.018,81890830,493610626.3
2024-11-20 11:00:00,6.018,6.049,6.009,6.047,56540226,341220263.91
2024-11-20 11:30:00,6.049,6.08,6.044,6.079,34019637,206419817.44
2024-11-20 13:30:00,6.079,6.109,6.06,6.101,38936005,237120270.45
2024-11-20 14:00:00,6.1,6.1,6.055,6.071,38255908,232417393.07
2024-11-20 14:30:00,6.068,6.084,6.044,6.08,48118915,292049734.77
2024-11-20 15:00:00,6.081,6.092,6.067,6.081,81445406,495188068.48
2024-11-21 10:00:00,6.074,6.092,6.053,6.074,30046119,182470080.69
2024-11-21 10:30:00,6.074,6.088,6.052,6.079,16287113,98911637.25
2024-11-21 11:00:00,6.079,6.094,6.069,6.073,14460446,87900231.09
2024-11-21 11:30:00,6.073,6.079,6.057,6.07,6604925,40083088.18
2024-11-21 13:30:00,6.07,6.104,6.063,6.089,15509869,94382722.82
2024-11-21 14:00:00,6.089,6.098,6.073,6.073,13648992,83004070.02
2024-11-21 14:30:00,6.073,6.075,6.034,6.067,21484180,130165485.23
2024-11-21 15:00:00,6.067,6.084,6.06,6.08,71279776,433000879.27
2024-11-22 10:00:00,6.068,6.074,6.044,6.046,22798060,138034653.95
2024-11-22 10:30:00,6.046,6.06,6.025,6.027,21566333,130203141.1
2024-11-22 11:00:00,6.028,6.037,6.019,6.029,22652157,136554753.12
2024-11-22 11:30:00,6.029,6.039,6.003,6.005,22503212,135371822.32
2024-11-22 13:30:00,6.005,6.005,5.945,5.964,41171351,245847860.6
2024-11-22 14:00:00,5.965,5.967,5.942,5.943,19872178,118252707.22
2024-11-22 14:30:00,5.943,5.943,5.909,5.935,23985803,142211825.99
2024-11-22 15:00:00,5.937,5.937,5.836,5.844,88768804,521280006.69
2024-11-25 10:00:00,5.855,5.865,5.79,5.798,66942856,389451221.92
2024-11-25 10:30:00,5.798,5.854,5.798,5.848,38912967,226992307.5
2024-11-25 11:00:00,5.848,5.863,5.823,5.825,20134855,117527148.64
2024-11-25 11:30:00,5.824,5.837,5.81,5.81,7167117,41705453.82
2024-11-25 13:30:00,5.811,5.855,5.804,5.818,13696061,79788686.03
2024-11-25 14:00:00,5.818,5.818,5.778,5.779,18965568,109842248.0
2024-11-25 14:30:00,5.779,5.806,5.757,5.78,23319398,134809439.84
2024-11-25 15:00:00,5.78,5.835,5.773,5.825,39462290,229315367.19
2024-11-26 10:00:00,5.81,5.861,5.806,5.83,58042880,338525423.79
2024-11-26 10:30:00,5.83,5.863,5.821,5.828,29717102,173468630.07
2024-11-26 11:00:00,5.829,5.835,5.808,5.814,9394695,54667730.2
2024-11-26 11:30:00,5.813,5.839,5.813,5.832,11403698,66460751.94
2024-11-26 13:30:00,5.832,5.834,5.81,5.813,9922470,57738852.93
2024-11-26 14:00:00,5.813,5.83,5.787,5.795,23486283,136314386.53
2024-11-26 14:30:00,5.796,5.825,5.785,5.803,19134105,111060723.46
2024-11-26 15:00:00,5.804,5.81,5.78,5.786,28870979,167220710.37
2024-11-27 10:00:00,5.782,5.782,5.703,5.72,76294665,437549903.78
2024-11-27 10:30:00,5.719,5.77,5.7,5.768,41135017,236361807.68
2024-11-27 11:00:00,5.768,5.842,5.747,5.818,40071287,232506964.27
2024-11-27 11:30:00,5.817,5.837,5.789,5.813,20262811,117787720.34
2024-11-27 13:30:00,5.813,5.824,5.789,5.793,15970112,92658589.82
2024-11-27 14:00:00,5.792,5.816,5.787,5.8,13312705,77227001.7
2024-11-27 14:30:00,5.799,5.873,5.799,5.87,51425241,300700525.87
2024-11-27 15:00:00,5.87,5.907,5.867,5.895,81742465,481435871.36
2024-11-28 10:00:00,5.889,5.918,5.879,5.886,58937152,347395219.61
2024-11-28 10:30:00,5.887,5.892,5.869,5.886,36941126,217300016.84
2024-11-28 11:00:00,5.886,5.905,5.881,5.905,35894436,211669489.09
2024-11-28 11:30:00,5.902,5.906,5.852,5.867,39945215,234678138.12
2024-11-28 13:30:00,5.867,5.884,5.861,5.883,20692951,121591780.08
2024-11-28 14:00:00,5.883,5.914,5.878,5.889,15172849,89423714.39
2024-11-28 14:30:00,5.89,5.896,5.877,5.883,9838537,57903069.76
2024-11-28 15:00:00,5.882,5.885,5.839,5.857,44872778,262969436.67
2024-11-29 10:00:00,5.853,5.882,5.845,5.845,36979608,216601890.59
2024-11-29 10:30:00,5.845,5.872,5.831,5.859,22495212,131686971.05
2024-11-29 11:00:00,5.86,5.898,5.848,5.897,26996618,158767110.46
2024-11-29 11:30:00,5.898,5.993,5.894,5.981,154090760,917764566.56
2024-11-29 13:30:00,5.98,6.003,5.957,5.968,65952241,394130592.22
2024-11-29 14:00:00,5.969,5.985,5.948,5.973,29055165,173420594.83
2024-11-29 14:30:00,5.973,5.989,5.927,5.945,44090191,262498300.48
2024-11-29 15:00:00,5.945,5.961,5.935,5.945,24774816,147335830.75
2024-12-02 10:00:00,5.946,6.017,5.939,6.012,96860356,580128958.87
2024-12-02 10:30:00,6.013,6.041,5.999,6.04,34603416,208543253.76
2024-12-02 11:00:00,6.04,6.06,6.013,6.023,34158876,206046340.03
2024-12-02 11:30:00,6.024,6.046,6.008,6.045,17302224,104384317.39
2024-12-02 13:30:00,6.045,6.048,6.008,6.034,33194494,200162798.82
2024-12-02 14:00:00,6.034,6.062,6.028,6.037,39177216,236721798.14
2024-12-02 14:30:00,6.037,6.053,6.014,6.018,27901389,168198873.35
2024-12-02 15:00:00,6.019,6.04,6.007,6.035,82146867,495126549.7
2024-12-03 10:00:00,6.038,6.042,5.997,6.005,81290476,488935116.31
2024-12-03 10:30:00,6.005,6.013,5.985,6.001,52289687,313720692.1
2024-12-03 11:00:00,6.003,6.024,5.997,6.009,22459578,134982063.78
2024-12-03 11:30:00,6.009,6.025,6.003,6.018,13157090,79144282.05
2024-12-03 13:30:00,6.017,6.022,5.996,5.998,19284776,115811508.14
2024-12-03 14:00:00,5.998,6.007,5.977,6.003,33975875,203708021.21
2024-12-03 14:30:00,6.003,6.058,6.003,6.037,46510990,280585299.01
2024-12-03 15:00:00,6.037,6.04,6.024,6.026,28072586,169277693.58
2024-12-04 10:00:00,6.02,6.025,5.996,6.0,46065895,276717831.27
2024-12-04 10:30:00,5.999,6.015,5.985,5.997,21304536,127805911.46
2024-12-04 11:00:00,5.996,6.018,5.987,6.011,16839430,101126390.29
2024-12-04 11:30:00,6.009,6.042,6.0,6.002,20407210,122742565.75
2024-12-04 13:30:00,6.002,6.018,5.995,6.0,19028979,114256332.91
2024-12-04 14:00:00,5.999,6.005,5.986,6.005,12418654,74495365.79
2024-12-04 14:30:00,6.005,6.014,5.951,5.958,39668426,236992399.73
2024-12-04 15:00:00,5.958,5.984,5.948,5.981,88608696,529082523.82
2024-12-05 10:00:00,5.965,5.989,5.948,5.956,51927005,309709966.82
2024-12-05 10:30:00,5.956,5.98,5.949,5.966,26300083,156879995.1
2024-12-05 11:00:00,5.967,6.017,5.962,6.003,24372112,146086439.33
2024-12-05 11:30:00,6.004,6.017,5.978,5.998,18316968,109859068.41
2024-12-05 13:30:00,5.998,6.01,5.986,5.995,10946549,65646454.35
2024-12-05 14:00:00,5.995,6.022,5.99,6.002,20657416,124040897.27
2024-12-05 14:30:00,6.002,6.007,5.972,5.985,18946814,113453522.23
2024-12-05 15:00:00,5.987,5.999,5.977,5.995,24037728,143994003.3
2024-12-06 10:00:00,5.996,6.002,5.971,5.981,65287390,390723266.69
2024-12-06 10:30:00,5.978,6.01,5.968,6.009,40277764,241492047.02
2024-12-06 11:00:00,6.009,6.074,6.002,6.068,124907915,755443069.92
2024-12-06 11:30:00,6.068,6.118,6.067,6.098,164502317,1002531953.9
2024-12-06 13:30:00,6.098,6.1,6.062,6.071,37168186,225895845.11
2024-12-06 14:00:00,6.071,6.085,6.06,6.084,25157782,152867069.36
2024-12-06 14:30:00,6.085,6.094,6.068,6.088,23671177,143999660.08
2024-12-06 15:00:00,6.085,6.097,6.07,6.077,38258317,232661578.45
2024-12-09 10:00:00,6.075,6.097,6.053,6.057,55968307,339671655.18
2024-12-09 10:30:00,6.057,6.097,6.053,6.097,50556150,307499356.35
2024-12-09 11:00:00,6.097,6.098,6.069,6.079,57415818,349203005.08
2024-12-09 11:30:00,6.08,6.081,6.017,6.017,85815703,518183819.95
2024-12-09 13:30:00,6.017,6.033,6.006,6.031,57868899,348563668.31
2024-12-09 14:00:00,6.031,6.032,6.004,6.018,30567091,183952753.64
2024-12-09 14:30:00,6.018,6.038,6.011,6.033,22796667,137403110.9
2024-12-09 15:00:00,6.034,6.056,6.031,6.04,42164770,254773595.26
2024-12-10 10:00:00,6.28,6.283,6.15,6.163,289707025,1795797278.97
2024-12-10 10:30:00,6.163,6.211,6.157,6.188,94227176,582826492.62
2024-12-10 11:00:00,6.188,6.2,6.152,6.152,45512499,280721093.83
2024-12-10 11:30:00,6.152,6.159,6.133,6.157,30663775,188571994.99
2024-12-10 13:30:00,6.157,6.165,6.139,6.141,18692278,114926355.9
2024-12-10 14:00:00,6.141,6.145,6.123,6.139,14803523,90829482.62
2024-12-10 14:30:00,6.139,6.142,6.11,6.121,19662542,120419961.39
2024-12-10 15:00:00,6.121,6.125,6.077,6.097,41963820,255965314.06
2024-12-11 10:00:00,6.081,6.124,6.078,6.118,101516008,619924422.19
2024-12-11 10:30:00,6.118,6.146,6.111,6.146,92241360,565839249.36
2024-12-11 11:00:00,6.147,6.149,6.13,6.141,73419843,450797836.02
2024-12-11 11:30:00,6.141,6.151,6.112,6.131,70135537,430024355.86
2024-12-11 13:30:00,6.13,6.137,6.119,6.134,28471862,174532514.06
2024-12-11 14:00:00,6.134,6.147,6.116,6.144,57592080,353365805.52
2024-12-11 14:30:00,6.144,6.153,6.136,6.145,40161798,246780861.44
2024-12-11 15:00:00,6.144,6.15,6.133,6.142,97853833,600985624.34
2024-12-12 10:00:00,6.14,6.155,6.127,6.144,61821550,379707960.1
2024-12-12 10:30:00,6.144,6.16,6.138,6.145,22250750,136790194.08
2024-12-12 11:00:00,6.144,6.15,6.123,6.128,22025235,135095449.74
2024-12-12 11:30:00,6.127,6.195,6.123,6.192,54059556,333547460.52
2024-12-12 13:30:00,6.194,6.216,6.177,6.187,102831055,636867000.63
2024-12-12 14:00:00,6.187,6.195,6.176,6.183,50359426,311456263.33
2024-12-12 14:30:00,6.184,6.213,6.183,6.201,76919487,476823899.91
2024-12-12 15:00:00,6.202,6.203,6.191,6.196,39079593,242163211.29
2024-12-13 10:00:00,6.138,6.161,6.096,6.098,244857932,1498122447.29
2024-12-13 10:30:00,6.099,6.103,6.08,6.088,179315396,1092090533.44
2024-12-13 11:00:00,6.087,6.108,6.084,6.093,46924085,286002298.08
2024-12-13 11:30:00,6.094,6.106,6.083,6.092,31127708,189681876.65
2024-12-13 13:30:00,6.09,6.119,6.088,6.1,34770727,212182566.4
2024-12-13 14:00:00,6.1,6.158,6.096,6.14,36554568,224128241.26
2024-12-13 14:30:00,6.139,6.157,6.117,6.125,76230499,467521650.37
2024-12-13 15:00:00,6.124,6.125,6.088,6.103,128138683,782329372.61
2024-12-16 10:00:00,6.09,6.097,6.039,6.05,96372252,584208591.62
2024-12-16 10:30:00,6.05,6.05,6.023,6.029,35255185,212729786.29
2024-12-16 11:00:00,6.029,6.043,6.016,6.022,37544166,226278688.48
2024-12-16 11:30:00,6.022,6.027,6.01,6.024,54028103,325267189.43
2024-12-16 13:30:00,6.024,6.034,6.012,6.013,15201650,91508865.78
2024-12-16 14:00:00,6.013,6.021,6.007,6.02,28247690,169938103.04
2024-12-16 14:30:00,6.02,6.022,5.993,6.003,40933043,245843856.26
2024-12-16 15:00:00,6.002,6.01,5.986,6.003,145744337,874417440.55
2024-12-17 10:00:00,6.001,6.001,5.952,6.0,64339513,385029092.3
2024-12-17 10:30:00,6.0,6.018,5.977,5.977,38301286,229450237.33
2024-12-17 11:00:00,5.977,5.98,5.95,5.959,32411839,193271795.96
2024-12-17 11:30:00,5.959,5.971,5.946,5.949,25133857,149680496.39
2024-12-17 13:30:00,5.949,5.975,5.937,5.971,48287434,287841394.07
2024-12-17 14:00:00,5.971,5.988,5.956,5.961,41634848,248490651.15
2024-12-17 14:30:00,5.961,5.965,5.942,5.943,17212996,102417326.2
2024-12-17 15:00:00,5.943,5.958,5.932,5.941,173908337,1033653185.68
2024-12-18 10:00:00,5.955,5.983,5.94,5.972,51589939,307733986.14
2024-12-18 10:30:00,5.972,5.987,5.965,5.984,32224109,192657206.34
2024-12-18 11:00:00,5.984,5.999,5.979,5.989,23035735,137961016.92
2024-12-18 11:30:00,5.99,5.994,5.97,5.986,18835950,112701767.5
2024-12-18 13:30:00,5.987,6.018,5.978,6.012,30988760,186015196.69
2024-12-18 14:00:00,6.012,6.015,5.99,5.99,24934490,149565382.52
2024-12-18 14:30:00,5.99,5.996,5.982,5.986,18750447,112277676.64
2024-12-18 15:00:00,5.988,5.99,5.962,5.98,66627965,398257556.13
2024-12-19 10:00:00,5.931,5.958,5.907,5.946,77531325,460303476.52
2024-12-19 10:30:00,5.946,5.946,5.914,5.917,40150287,237917217.33
2024-12-19 11:00:00,5.917,5.934,5.915,5.924,21490846,127318935.32
2024-12-19 11:30:00,5.924,5.943,5.917,5.934,11576130,68661885.74
2024-12-19 13:30:00,5.935,5.988,5.932,5.988,40317105,240666238.78
2024-12-19 14:00:00,5.988,6.009,5.977,5.99,47156957,282564486.34
2024-12-19 14:30:00,5.991,6.016,5.977,6.008,39338086,236041628.7
2024-12-19 15:00:00,6.008,6.014,5.988,5.995,47917712,287458354.29
2024-12-20 10:00:00,5.987,6.018,5.979,6.011,70369703,422405870.54
2024-12-20 10:30:00,6.01,6.029,6.002,6.008,46296039,278378082.51
2024-12-20 11:00:00,6.008,6.028,6.003,6.027,46329459,278872456.87
2024-12-20 11:30:00,6.028,6.043,6.022,6.042,39575524,238864671.02
2024-12-20 13:30:00,6.043,6.05,6.028,6.029,68705388,414682820.17
2024-12-20 14:00:00,6.029,6.036,6.017,6.019,44537951,268296616.82
2024-12-20 14:30:00,6.018,6.019,5.996,6.004,32013604,192284376.83
2024-12-20 15:00:00,6.005,6.02,6.0,6.007,66636591,400419275.32
2024-12-23 10:00:00,6.01,6.025,5.982,5.999,82240144,493605344.29
2024-12-23 10:30:00,5.999,5.999,5.959,5.971,101263292,605183187.42
2024-12-23 11:00:00,5.972,5.988,5.964,5.98,42739742,255469684.51
2024-12-23 11:30:00,5.98,5.985,5.955,5.966,18249009,108922251.72
2024-12-23 13:30:00,5.968,5.973,5.951,5.964,25151022,149967160.51
2024-12-23 14:00:00,5.965,5.98,5.946,5.947,21582852,128583437.93
2024-12-23 14:30:00,5.948,5.948,5.911,5.926,107167818,635326547.71
2024-12-23 15:00:00,5.926,5.935,5.911,5.913,69801018,413198759.55
2024-12-24 10:00:00,5.916,5.963,5.915,5.963,66807748,397305677.36
2024-12-24 10:30:00,5.961,5.97,5.949,5.956,43121839,256934290.71
2024-12-24 11:00:00,5.956,5.959,5.923,5.929,77936491,462708947.07
2024-12-24 11:30:00,5.929,5.964,5.928,5.952,124851964,742619481.87
2024-12-24 13:30:00,5.952,5.976,5.936,5.962,29854235,177871532.13
2024-12-24 14:00:00,5.963,5.969,5.956,5.963,18823913,112240718.58
2024-12-24 14:30:00,5.963,5.963,5.949,5.963,18231421,108628883.46
2024-12-24 15:00:00,5.963,5.991,5.96,5.981,67357744,402619688.47
2024-12-25 10:00:00,5.983,5.983,5.931,5.938,168175654,1000757258.4
2024-12-25 10:30:00,5.938,5.943,5.913,5.934,57936082,343560966.26
2024-12-25 11:00:00,5.934,5.938,5.907,5.91,34988900,207075973.17
2024-12-25 11:30:00,5.91,5.916,5.884,5.903,60573224,357442594.82
2024-12-25 13:30:00,5.903,5.923,5.9,5.922,45805887,270941821.6
2024-12-25 14:00:00,5.923,5.946,5.915,5.943,36444408,216285413.34
2024-12-25 14:30:00,5.943,5.95,5.92,5.925,25540277,151496409.74
2024-12-25 15:00:00,5.925,5.939,5.903,5.938,53174863,315149688.05
2024-12-26 10:00:00,5.932,5.976,5.927,5.965,68096104,405580395.42
2024-12-26 10:30:00,5.965,5.98,5.963,5.975,38828036,231906916.35
2024-12-26 11:00:00,5.976,5.98,5.963,5.979,29948383,178911640.04
2024-12-26 11:30:00,5.98,5.988,5.972,5.98,27257899,163002236.02
2024-12-26 13:30:00,5.98,5.988,5.973,5.974,32499103,194290470.77
2024-12-26 14:00:00,5.974,5.981,5.964,5.97,14252227,85109548.9
2024-12-26 14:30:00,5.969,5.985,5.963,5.982,15450086,92340013.99
2024-12-26 15:00:00,5.983,5.985,5.971,5.978,47914767,286434477.13
2024-12-27 10:00:00,5.967,6.024,5.967,6.017,72607873,435840858.99
2024-12-27 10:30:00,6.017,6.03,6.015,6.027,26246698,158110108.75
2024-12-27 11:00:00,6.027,6.032,6.015,6.022,24342100,146612468.3
2024-12-27 11:30:00,6.022,6.075,6.021,6.051,74371509,449873257.94
2024-12-27 13:30:00,6.051,6.053,6.033,6.035,21886739,132203199.14
2024-12-27 14:00:00,6.035,6.036,6.012,6.013,20631724,124209855.72
2024-12-27 14:30:00,6.013,6.013,5.976,5.988,33202062,198957822.86
2024-12-27 15:00:00,5.988,6.005,5.987,5.993,34331916,205819836.42
2024-12-30 10:00:00,5.988,6.021,5.958,6.014,51155521,306813763.12
2024-12-30 10:30:00,6.015,6.021,6.003,6.008,28439462,170940126.26
2024-12-30 11:00:00,6.01,6.019,5.997,6.007,16619009,99841466.4
2024-12-30 11:30:00,6.007,6.014,5.974,5.976,18459615,110536174.62
2024-12-30 13:30:00,5.975,5.983,5.969,5.983,15083564,90174573.45
2024-12-30 14:00:00,5.983,5.988,5.974,5.984,9738163,58253691.07
2024-12-30 14:30:00,5.985,5.999,5.981,5.997,18667716,111863176.84
2024-12-30 15:00:00,5.996,6.008,5.986,5.99,30561493,183205963.37
2024-12-31 10:00:00,5.989,5.999,5.921,5.924,101447529,603409902.49
2024-12-31 10:30:00,5.924,5.937,5.92,5.932,79649985,472297861.06
2024-12-31 11:00:00,5.932,5.932,5.896,5.899,53759940,317667485.46
2024-12-31 11:30:00,5.899,5.902,5.872,5.882,116246995,684152314.57
2024-12-31 13:30:00,5.884,5.905,5.863,5.865,129060813,758576438.54
2024-12-31 14:00:00,5.865,5.868,5.848,5.855,74025663,433568308.19
2024-12-31 14:30:00,5.855,5.856,5.811,5.813,80578599,469504636.84
2024-12-31 15:00:00,5.816,5.855,5.808,5.81,112968399,657965611.91
2025-01-02 10:00:00,5.807,5.809,5.768,5.782,74369808,430328499.02
2025-01-02 10:30:00,5.782,5.79,5.761,5.782,43017650,248541642.48
2025-01-02 11:00:00,5.782,5.8,5.77,5.786,22263627,128802503.4
2025-01-02 11:30:00,5.786,5.786,5.753,5.754,12434650,71677467.48
2025-01-02 13:30:00,5.753,5.764,5.708,5.718,58681694,336246106.62
2025-01-02 14:00:00,5.717,5.726,5.66,5.686,53095198,302147073.42
2025-01-02 14:30:00,5.689,5.69,5.617,5.643,64243879,362977916.35
2025-01-02 15:00:00,5.643,5.643,5.579,5.635,107059994,601570106.29
2025-01-03 10:00:00,5.632,5.647,5.593,5.616,95183248,534802942.76
2025-01-03 10:30:00,5.616,5.665,5.6,5.658,49084711,276886854.75
2025-01-03 11:00:00,5.659,5.663,5.622,5.626,35547020,200378551.74
2025-01-03 11:30:00,5.626,5.642,5.604,5.604,28038851,157484879.78
2025-01-03 13:30:00,5.611,5.611,5.584,5.593,27274964,152630698.54
2025-01-03 14:00:00,5.593,5.606,5.552,5.556,53410639,297568473.42
2025-01-03 14:30:00,5.557,5.571,5.51,5.546,72294927,400682583.74
2025-01-03 15:00:00,5.546,5.548,5.504,5.526,85298608,471360107.81
2025-01-06 10:00:00,5.515,5.536,5.496,5.518,80468373,443917191.05
2025-01-06 10:30:00,5.517,5.568,5.503,5.54,41692823,230853160.95
2025-01-06 11:00:00,5.54,5.548,5.5,5.521,25365707,140094799.76
2025-01-06 11:30:00,5.521,5.535,5.495,5.52,23210246,128043190.43
2025-01-06 13:30:00,5.52,5.538,5.49,5.492,23842366,131291962.11
2025-01-06 14:00:00,5.492,5.5,5.479,5.499,49284769,270704807.86
2025-01-06 14:30:00,5.499,5.528,5.478,5.485,39357122,216346099.63
2025-01-06 15:00:00,5.487,5.517,5.471,5.511,47009646,258537383.12
2025-01-07 10:00:00,5.511,5.546,5.504,5.528,55854996,308654707.9
2025-01-07 10:30:00,5.528,5.549,5.524,5.531,22049584,122037097.58
2025-01-07 11:00:00,5.531,5.531,5.496,5.498,40656520,223949664.33
2025-01-07 11:30:00,5.498,5.513,5.484,5.5,35806713,196901114.79
2025-01-07 13:30:00,5.501,5.523,5.486,5.511,14558258,80167474.05
2025-01-07 14:00:00,5.511,5.543,5.509,5.513,37380835,206404510.59
2025-01-07 14:30:00,5.513,5.567,5.509,5.563,50416488,279626647.94
2025-01-07 15:00:00,5.563,5.569,5.552,5.567,148812585,827794806.16
2025-01-08 10:00:00,5.55,5.552,5.515,5.519,43688154,241537240.75
2025-01-08 10:30:00,5.519,5.521,5.487,5.494,69453836,382042400.56
2025-01-08 11:00:00,5.493,5.493,5.455,5.465,89139781,487683741.85
2025-01-08 11:30:00,5.465,5.466,5.415,5.424,45207356,245701979.86
2025-01-08 13:30:00,5.425,5.448,5.41,5.433,35289213,191632189.66
2025-01-08 14:00:00,5.433,5.568,5.433,5.545,73364915,404631961.2
2025-01-08 14:30:00,5.546,5.592,5.535,5.535,41720443,231715340.42
2025-01-08 15:00:00,5.537,5.555,5.52,5.544,25801827,142933520.97
2025-01-09 10:00:00,5.525,5.579,5.521,5.552,55294450,306921060.47
2025-01-09 10:30:00,5.552,5.573,5.538,5.552,30543339,169647885.92
2025-01-09 11:00:00,5.552,5.565,5.547,5.562,18388146,102201315.47
2025-01-09 11:30:00,5.562,5.578,5.545,5.549,20473854,113780031.3
2025-01-09 13:30:00,5.549,5.569,5.545,5.561,32335359,179730703.78
2025-01-09 14:00:00,5.563,5.565,5.543,5.544,24211911,134392247.32
2025-01-09 14:30:00,5.544,5.566,5.53,5.554,18561877,103018417.35
2025-01-09 15:00:00,5.555,5.565,5.54,5.543,68630037,380850951.99
2025-01-10 10:00:00,5.537,5.586,5.527,5.54,43703042,242595586.14
2025-01-10 10:30:00,5.54,5.542,5.508,5.537,23431814,129554499.61
2025-01-10 11:00:00,5.538,5.566,5.532,5.542,19251390,106781043.2
2025-01-10 11:30:00,5.542,5.544,5.523,5.531,11732833,64913854.04
2025-01-10 13:30:00,5.532,5.534,5.499,5.521,20432259,112745205.16
2025-01-10 14:00:00,5.521,5.526,5.501,5.509,11124526,61318387.31
2025-01-10 14:30:00,5.508,5.517,5.48,5.486,25193942,138423915.33
2025-01-10 15:00:00,5.487,5.49,5.456,5.456,76486703,418178300.87
2025-01-13 10:00:00,5.411,5.48,5.41,5.466,68849149,375365560.35
2025-01-13 10:30:00,5.466,5.488,5.449,5.48,38962469,213215617.86
2025-01-13 11:00:00,5.48,5.509,5.466,5.478,41790496,229193010.23
2025-01-13 11:30:00,5.478,5.483,5.447,5.452,19525800,106623885.2
2025-01-13 13:30:00,5.451,5.46,5.435,5.445,27846214,151669045.59
2025-01-13 14:00:00,5.446,5.482,5.44,5.482,13570372,74202794.1
2025-01-13 14:30:00,5.481,5.485,5.444,5.45,23101461,126126276.57
2025-01-13 15:00:00,5.45,5.471,5.444,5.471,64936719,354684359.18
2025-01-14 10:00:00,5.481,5.547,5.456,5.535,98007429,540282286.93
2025-01-14 10:30:00,5.537,5.57,5.524,5.56,47330979,262750041.42
2025-01-14 11:00:00,5.561,5.612,5.555,5.611,48302150,270137824.23
2025-01-14 11:30:00,5.611,5.64,5.599,5.603,61166460,343388506.44
2025-01-14 13:30:00,5.603,5.631,5.601,5.619,40737875,228824643.88
2025-01-14 14:00:00,5.619,5.646,5.617,5.644,32506887,183197979.5
2025-01-14 14:30:00,5.645,5.675,5.638,5.641,76534597,432522519.18
2025-01-14 15:00:00,5.641,5.657,5.621,5.655,97063208,547857100.35
2025-01-15 10:00:00,5.645,5.652,5.605,5.621,90663650,510073694.9
2025-01-15 10:30:00,5.621,5.632,5.604,5.622,63639699,357612681.91
2025-01-15 11:00:00,5.622,5.639,5.615,5.633,61033628,343558292.01
2025-01-15 11:30:00,5.633,5.641,5.615,5.616,42968936,241657296.06
2025-01-15 13:30:00,5.617,5.625,5.612,5.612,10289848,57791216.32
2025-01-15 14:00:00,5.613,5.624,5.606,5.617,14516478,81519701.62
2025-01-15 14:30:00,5.616,5.623,5.603,5.609,33535895,188192264.11
2025-01-15 15:00:00,5.609,5.616,5.599,5.611,118716411,665840777.16
2025-01-16 10:00:00,5.542,5.633,5.539,5.578,203400437,1135652439.92
2025-01-16 10:30:00,5.577,5.595,5.567,5.579,56022489,312624162.78
2025-01-16 11:00:00,5.578,5.584,5.534,5.547,27749503,154148489.16
2025-01-16 11:30:00,5.548,5.555,5.524,5.53,37025904,204987746.51
2025-01-16 13:30:00,5.531,5.539,5.5,5.51,47242500,260605377.5
2025-01-16 14:00:00,5.51,5.534,5.506,5.524,53136600,293384880.8
2025-01-16 14:30:00,5.524,5.552,5.521,5.54,28357798,157036032.72
2025-01-16 15:00:00,5.54,5.54,5.521,5.536,53891780,298147290.89
2025-01-17 10:00:00,5.51,5.543,5.51,5.52,36337789,200742059.03
2025-01-17 10:30:00,5.519,5.565,5.511,5.539,29508450,163427632.25
2025-01-17 11:00:00,5.54,5.553,5.526,5.539,22758681,126067920.29
2025-01-17 11:30:00,5.538,5.599,5.535,5.593,39030255,217619691.8
2025-01-17 13:30:00,5.593,5.617,5.571,5.602,54316672,303992307.63
2025-01-17 14:00:00,5.602,5.621,5.581,5.59,33993245,190271523.35
2025-01-17 14:30:00,5.589,5.609,5.578,5.584,22544115,126029117.56
2025-01-17 15:00:00,5.584,5.593,5.575,5.583,37061276,206937811.43
2025-01-20 10:00:00,5.615,5.657,5.607,5.651,131418613,740981946.3
2025-01-20 10:30:00,5.651,5.662,5.636,5.654,58914631,332906941.57
2025-01-20 11:00:00,5.656,5.666,5.626,5.628,27941347,157589197.08
2025-01-20 11:30:00,5.629,5.632,5.616,5.631,14567303,81960502.45
2025-01-20 13:30:00,5.631,5.639,5.611,5.63,22910192,128908013.65
2025-01-20 14:00:00,5.63,5.639,5.62,5.62,16636867,93604559.36
2025-01-20 14:30:00,5.62,5.625,5.602,5.613,16365107,91862800.63
2025-01-20 15:00:00,5.612,5.614,5.593,5.608,34654011,194235731.66
2025-01-21 10:00:00,5.63,5.645,5.567,5.577,60940382,341042691.13
2025-01-21 10:30:00,5.578,5.594,5.571,5.585,37979358,212051415.5
2025-01-21 11:00:00,5.585,5.592,5.577,5.583,27639888,154341134.59
2025-01-21 11:30:00,5.583,5.634,5.578,5.623,57549721,322949851.01
2025-01-21 13:30:00,5.623,5.627,5.604,5.611,19219635,107899030.89
2025-01-21 14:00:00,5.611,5.616,5.598,5.609,64044405,359139675.1
2025-01-21 14:30:00,5.608,5.629,5.606,5.615,34584027,194246951.65
2025-01-21 15:00:00,5.615,5.63,5.604,5.628,43085596,242169773.25
2025-01-22 10:00:00,5.611,5.613,5.559,5.571,52947522,295500120.28
2025-01-22 10:30:00,5.572,5.587,5.561,5.562,92955501,517762140.57
2025-01-22 11:00:00,5.562,5.601,5.561,5.6,26230024,146555887.43
2025-01-22 11:30:00,5.602,5.608,5.586,5.594,21082985,117980384.06
2025-01-22 13:30:00,5.594,5.598,5.583,5.587,57161264,319493358.25
2025-01-22 14:00:00,5.587,5.604,5.583,5.601,18259146,102178181.02
2025-01-22 14:30:00,5.6,5.608,5.588,5.596,15558753,87087526.79
2025-01-22 15:00:00,5.597,5.619,5.584,5.608,37074333,207752204.02
2025-01-23 10:00:00,5.65,5.724,5.632,5.681,224497236,1274919803.24
2025-01-23 10:30:00,5.681,5.69,5.648,5.665,42105979,238642653.65
2025-01-23 11:00:00,5.665,5.68,5.658,5.66,29311569,166079349.95
2025-01-23 11:30:00,5.661,5.663,5.627,5.641,30606881,172735034.07
2025-01-23 13:30:00,5.641,5.666,5.621,5.621,20824338,117365968.97
2025-01-23 14:00:00,5.621,5.621,5.6,5.602,15370508,86192685.36
2025-01-23 14:30:00,5.602,5.607,5.581,5.595,14864864,83159004.17
2025-01-23 15:00:00,5.594,5.604,5.58,5.584,41682750,232978784.0
2025-01-24 10:00:00,5.569,5.62,5.568,5.617,116367655,651852814.09
2025-01-24 10:30:00,5.617,5.622,5.589,5.62,62565767,351014808.13
2025-01-24 11:00:00,5.62,5.643,5.615,5.636,84093679,473559537.68
2025-01-24 11:30:00,5.636,5.663,5.629,5.647,75079152,423921918.58
2025-01-24 13:30:00,5.644,5.66,5.639,5.647,23921853,135126573.65
2025-01-24 14:00:00,5.648,5.65,5.629,5.633,36979375,208465063.33
2025-01-24 14:30:00,5.633,5.65,5.633,5.649,32302214,182313695.82
2025-01-24 15:00:00,5.65,5.659,5.642,5.655,69614376,393460453.15
2025-01-27 10:00:00,5.659,5.675,5.634,5.638,114296379,645660244.97
2025-01-27 10:30:00,5.639,5.656,5.618,5.619,58678134,330416572.55
2025-01-27 11:00:00,5.619,5.632,5.614,5.616,44374520,249414385.41
2025-01-27 11:30:00,5.616,5.62,5.59,5.609,59923562,335951463.09
2025-01-27 13:30:00,5.609,5.62,5.593,5.598,33209620,186095640.61
2025-01-27 14:00:00,5.597,5.609,5.591,5.601,26672547,149375154.05
2025-01-27 14:30:00,5.601,5.632,5.601,5.618,49981741,280747439.2
2025-01-27 15:00:00,5.618,5.621,5.582,5.586,101259557,566682234.16
2025-02-05 10:00:00,5.638,5.643,5.591,5.6,67452912,378500773.54
2025-02-05 10:30:00,5.6,5.628,5.586,5.62,21057666,118161583.15
2025-02-05 11:00:00,5.62,5.627,5.603,5.626,15702267,88225804.18
2025-02-05 11:30:00,5.625,5.638,5.611,5.621,22667415,127466430.35
2025-02-05 13:30:00,5.622,5.624,5.601,5.611,18717766,105044102.79
2025-02-05 14:00:00,5.612,5.615,5.582,5.591,30591894,171192238.82
2025-02-05 14:30:00,5.591,5.614,5.582,5.613,27045936,151538379.41
2025-02-05 15:00:00,5.613,5.618,5.599,5.608,60756919,340745054.06
2025-02-06 10:00:00,5.598,5.642,5.59,5.635,44931675,252620854.08
2025-02-06 10:30:00,5.635,5.674,5.631,5.666,58875800,333060400.6
2025-02-06 11:00:00,5.667,5.739,5.667,5.735,185681467,1060922008.62
2025-02-06 11:30:00,5.736,5.739,5.707,5.709,38006638,217334624.96
2025-02-06 13:30:00,5.707,5.725,5.706,5.719,29576562,169079346.1
2025-02-06 14:00:00,5.718,5.735,5.711,5.731,19827832,113527556.75
2025-02-06 14:30:00,5.731,5.74,5.716,5.725,21680288,124163009.38
2025-02-06 15:00:00,5.724,5.749,5.723,5.741,68680434,394065436.81
2025-02-07 10:00:00,5.744,5.802,5.734,5.801,83486300,482467327.7
2025-02-07 10:30:00,5.802,5.844,5.801,5.827,116987580,681335665.92
2025-02-07 11:00:00,5.827,5.849,5.809,5.844,49414003,288281293.5
2025-02-07 11:30:00,5.844,5.896,5.842,5.885,69371607,407511943.39
2025-02-07 13:30:00,5.886,5.888,5.863,5.867,25657856,150680035.67
2025-02-07 14:00:00,5.869,5.876,5.82,5.83,35451307,207106535.49
2025-02-07 14:30:00,5.83,5.835,5.764,5.792,49397121,286355110.44
2025-02-07 15:00:00,5.792,5.839,5.786,5.832,54466553,316940871.91
2025-02-10 10:00:00,5.843,5.87,5.83,5.858,72761531,425848987.1
2025-02-10 10:30:00,5.859,5.874,5.847,5.862,43178662,253070137.98
2025-02-10 11:00:00,5.862,5.862,5.844,5.856,28134206,164697641.92
2025-02-10 11:30:00,5.857,5.857,5.842,5.851,18412710,107714353.5
2025-02-10 13:30:00,5.851,5.875,5.846,5.875,20586013,120743828.25
2025-02-10 14:00:00,5.874,5.879,5.861,5.864,20403674,119728759.03
2025-02-10 14:30:00,5.865,5.891,5.865,5.886,40829877,240106896.68
2025-02-10 15:00:00,5.885,5.886,5.872,5.882,162612248,956160018.24
2025-02-11 10:00:00,5.881,5.899,5.819,5.833,77858527,455498335.79
2025-02-11 10:30:00,5.833,5.848,5.823,5.831,43503882,253801647.59
2025-02-11 11:00:00,5.83,5.842,5.825,5.828,25438502,148348864.16
2025-02-11 11:30:00,5.829,5.859,5.826,5.859,18123426,105985795.25
2025-02-11 13:30:00,5.859,5.88,5.851,5.862,28527419,167294294.16
2025-02-11 14:00:00,5.862,5.876,5.852,5.862,21292929,124847540.37
2025-02-11 14:30:00,5.861,5.862,5.848,5.86,25027665,146578691.35
2025-02-11 15:00:00,5.861,5.864,5.845,5.858,31382946,183768070.79
2025-02-12 10:00:00,5.839,5.88,5.839,5.878,42422777,248837868.96
2025-02-12 10:30:00,5.879,5.901,5.873,5.892,43433125,255763195.42
2025-02-12 11:00:00,5.893,5.903,5.88,5.894,16118317,94974496.54
2025-02-12 11:30:00,5.894,5.91,5.86,5.86,26222278,154099587.05
2025-02-12 13:30:00,5.861,5.878,5.86,5.874,21011650,123352393.27
2025-02-12 14:00:00,5.875,5.894,5.871,5.89,20099304,118284404.04
2025-02-12 14:30:00,5.889,5.925,5.885,5.905,37479894,221318774.07
2025-02-12 15:00:00,5.905,5.943,5.892,5.935,54808409,324648475.98
2025-02-13 10:00:00,5.934,5.943,5.898,5.924,87965780,520904027.23
2025-02-13 10:30:00,5.924,5.944,5.905,5.914,30219560,178930014.76
2025-02-13 11:00:00,5.913,5.916,5.886,5.906,35917009,212006131.79
2025-02-13 11:30:00,5.906,5.918,5.898,5.908,15322621,90526044.87
2025-02-13 13:30:00,5.908,5.93,5.903,5.926,11238375,66527433.88
2025-02-13 14:00:00,5.924,5.951,5.924,5.934,30387940,180392941.15
2025-02-13 14:30:00,5.934,5.955,5.912,5.912,27614001,163649774.59
2025-02-13 15:00:00,5.912,5.918,5.9,5.908,44960181,265654722.8
2025-02-14 10:00:00,5.891,5.929,5.886,5.91,68442240,404379568.0
2025-02-14 10:30:00,5.91,5.917,5.901,5.908,21582114,127521517.59
2025-02-14 11:00:00,5.908,5.947,5.898,5.928,23536021,139435233.74
2025-02-14 11:30:00,5.928,5.958,5.925,5.946,23927146,142199028.68
2025-02-14 13:30:00,5.945,5.962,5.94,5.948,57866769,344307275.55
2025-02-14 14:00:00,5.948,5.957,5.913,5.929,40833018,242262295.79
2025-02-14 14:30:00,5.929,5.939,5.92,5.929,44761729,265407211.82
2025-02-14 15:00:00,5.929,5.96,5.928,5.955,42163884,250776727.4
2025-02-17 10:00:00,5.973,5.982,5.937,5.938,63587131,378491799.42
2025-02-17 10:30:00,5.938,5.956,5.926,5.952,67221774,399611039.17
2025-02-17 11:00:00,5.952,5.966,5.948,5.957,36378391,216706075.19
2025-02-17 11:30:00,5.957,5.962,5.933,5.945,27326032,162498803.63
2025-02-17 13:30:00,5.946,5.953,5.923,5.933,74579563,442729145.82
2025-02-17 14:00:00,5.932,5.934,5.9,5.91,29751416,175969708.5
2025-02-17 14:30:00,5.91,5.937,5.905,5.937,16749187,99261265.22
2025-02-17 15:00:00,5.937,5.946,5.928,5.944,53675710,318797933.59
2025-02-18 10:00:00,5.923,5.947,5.912,5.925,84549451,501209145.53
2025-02-18 10:30:00,5.926,5.933,5.904,5.924,35923453,212678816.24
2025-02-18 11:00:00,5.924,5.946,5.917,5.925,22883696,135685061.48
2025-02-18 11:30:00,5.924,5.935,5.917,5.933,9305833,55168079.97
2025-02-18 13:30:00,5.934,5.94,5.915,5.915,7418412,43941727.08
2025-02-18 14:00:00,5.915,5.919,5.868,5.868,46002964,270727443.14
2025-02-18 14:30:00,5.867,5.877,5.83,5.838,45270396,264756365.94
2025-02-18 15:00:00,5.839,5.847,5.81,5.847,53430905,311751520.37
2025-02-19 10:00:00,5.833,5.87,5.83,5.869,45058923,263880072.73
2025-02-19 10:30:00,5.87,5.923,5.869,5.92,55971974,330458534.5
2025-02-19 11:00:00,5.919,5.926,5.901,5.91,43914928,259639692.65
2025-02-19 11:30:00,5.91,5.916,5.897,5.905,20954404,123756710.02
2025-02-19 13:30:00,5.905,5.922,5.896,5.906,24071432,142214020.26
2025-02-19 14:00:00,5.907,5.915,5.892,5.914,13226119,78126684.93
2025-02-19 14:30:00,5.913,5.944,5.913,5.934,31965463,189565850.74
2025-02-19 15:00:00,5.934,5.945,5.926,5.938,83616476,496375273.69
2025-02-20 10:00:00,5.935,5.964,5.921,5.941,132456888,787058828.5
2025-02-20 10:30:00,5.941,5.947,5.921,5.925,53278059,315992167.93
2025-02-20 11:00:00,5.925,5.933,5.915,5.933,26033234,154298977.92
2025-02-20 11:30:00,5.933,5.933,5.914,5.928,33110899,196182076.58
2025-02-20 13:30:00,5.928,5.958,5.926,5.95,40572265,241188591.34
2025-02-20 14:00:00,5.951,5.971,5.951,5.961,23475513,139937532.99
2025-02-20 14:30:00,5.961,5.974,5.947,5.965,18199659,108506366.96
2025-02-20 15:00:00,5.965,5.975,5.946,5.952,54997669,327657779.35
2025-02-21 10:00:00,5.967,5.992,5.947,5.947,55838664,332910114.77
2025-02-21 10:30:00,5.948,6.0,5.939,5.992,37370660,223364434.82
2025-02-21 11:00:00,5.992,6.038,5.984,6.036,66098668,397869915.58
2025-02-21 11:30:00,6.038,6.041,6.011,6.04,48313497,291362595.91
2025-02-21 13:30:00,6.04,6.059,6.039,6.043,37016992,223841750.62
2025-02-21 14:00:00,6.044,6.057,6.029,6.032,27431449,165667664.33
2025-02-21 14:30:00,6.031,6.064,6.028,6.061,29326056,177451964.86
2025-02-21 15:00:00,6.061,6.068,6.048,6.055,37052719,224428318.98
2025-02-24 10:00:00,6.048,6.062,6.017,6.043,188646038,1139547833.55
2025-02-24 10:30:00,6.042,6.05,6.017,6.044,53231281,321357243.4
2025-02-24 11:00:00,6.044,6.07,6.043,6.059,32562846,197244012.5
2025-02-24 11:30:00,6.059,6.07,6.046,6.048,17262401,104518083.92
2025-02-24 13:30:00,6.048,6.049,6.024,6.027,16107929,97184504.97
2025-02-24 14:00:00,6.027,6.039,6.019,6.022,14207723,85625210.61
2025-02-24 14:30:00,6.022,6.032,5.999,6.027,24648404,148366959.81
2025-02-24 15:00:00,6.027,6.038,6.027,6.036,56760830,342475927.94
2025-02-25 10:00:00,5.987,5.988,5.955,5.977,45387272,271113304.75
2025-02-25 10:30:00,5.977,5.996,5.965,5.995,21321715,127617571.51
2025-02-25 11:00:00,5.995,6.011,5.987,6.009,13178895,79104120.76
2025-02-25 11:30:00,6.009,6.031,6.005,6.03,13414919,80784642.22
2025-02-25 13:30:00,6.03,6.035,6.013,6.025,15534622,93585741.14
2025-02-25 14:00:00,6.026,6.027,6.005,6.008,20980006,126159769.41
2025-02-25 14:30:00,6.008,6.018,5.995,5.996,31471450,188923114.35
2025-02-25 15:00:00,5.996,6.0,5.958,5.976,119688712,715499120.34
2025-02-26 10:00:00,5.987,6.01,5.965,6.006,109848219,658393608.61
2025-02-26 10:30:00,6.007,6.011,5.986,6.004,14396171,86381824.72
2025-02-26 11:00:00,6.004,6.037,5.985,6.033,37351149,224791665.06
2025-02-26 11:30:00,6.033,6.056,6.006,6.016,47994229,289213223.95
2025-02-26 13:30:00,6.015,6.044,6.013,6.044,48376682,291888773.63
2025-02-26 14:00:00,6.044,6.045,6.021,6.03,26091548,157384217.54
2025-02-26 14:30:00,6.03,6.035,6.011,6.021,17089343,102917719.99
2025-02-26 15:00:00,6.02,6.048,6.019,6.048,34473755,208164023.94
2025-02-27 10:00:00,6.034,6.058,6.018,6.02,46053053,277792015.7
2025-02-27 10:30:00,6.02,6.025,5.995,6.006,36189434,217450245.76
2025-02-27 11:00:00,6.006,6.015,5.981,5.996,18397397,110335322.27
2025-02-27 11:30:00,5.997,6.0,5.969,5.986,26141069,156454297.96
2025-02-27 13:30:00,5.985,5.987,5.946,5.956,48944734,291857448.84
2025-02-27 14:00:00,5.955,5.981,5.939,5.978,54649774,326040551.68
2025-02-27 14:30:00,5.978,6.023,5.967,6.023,39634053,237976065.56
2025-02-27 15:00:00,6.024,6.032,6.009,6.03,31340638,188785556.43
2025-02-28 10:00:00,5.991,6.0,5.946,5.947,73063864,435777239.52
2025-02-28 10:30:00,5.946,5.972,5.932,5.966,58634204,349264408.49
2025-02-28 11:00:00,5.966,5.974,5.941,5.945,16294231,97004988.55
2025-02-28 11:30:00,5.946,5.947,5.93,5.937,20166928,119751218.46
2025-02-28 13:30:00,5.937,5.939,5.907,5.917,25539811,151221220.93
2025-02-28 14:00:00,5.917,5.928,5.9,5.908,19229947,113687446.66
2025-02-28 14:30:00,5.908,5.908,5.871,5.884,27669252,162907332.69
2025-02-28 15:00:00,5.884,5.884,5.847,5.867,73483817,431056070.52
2025-03-03 10:00:00,5.867,5.93,5.851,5.915,70912617,418289890.14
2025-03-03 10:30:00,5.916,5.959,5.911,5.956,31109815,184854520.73
2025-03-03 11:00:00,5.957,5.964,5.931,5.938,30155207,179252602.14
2025-03-03 11:30:00,5.938,5.943,5.902,5.915,16694075,98828924.0
2025-03-03 13:30:00,5.915,5.921,5.901,5.919,12117585,71659358.5
2025-03-03 14:00:00,5.919,5.919,5.884,5.89,48529255,286209369.57
2025-03-03 14:30:00,5.89,5.897,5.866,5.872,26439075,155417695.88
2025-03-03 15:00:00,5.873,5.88,5.851,5.879,41391332,242967118.84
2025-03-04 10:00:00,5.839,5.896,5.832,5.889,53410949,313646896.18
2025-03-04 10:30:00,5.886,5.893,5.87,5.883,13888461,81691927.6
2025-03-04 11:00:00,5.883,5.908,5.883,5.888,13033140,76804294.02
2025-03-04 11:30:00,5.887,5.901,5.885,5.896,6528991,38481872.95
2025-03-04 13:30:00,5.898,5.944,5.896,5.908,20785327,122965994.53
2025-03-04 14:00:00,5.908,5.94,5.908,5.931,13913422,82455576.58
2025-03-04 14:30:00,5.931,5.935,5.916,5.929,13529375,80184095.83
2025-03-04 15:00:00,5.929,5.933,5.926,5.93,67546057,400525602.66
2025-03-05 10:00:00,5.932,5.947,5.896,5.896,68270392,403682827.9
2025-03-05 10:30:00,5.896,5.912,5.881,5.898,48186123,284153567.33
2025-03-05 11:00:00,5.898,5.911,5.894,5.901,13542026,79925037.45
2025-03-05 11:30:00,5.901,5.918,5.89,5.911,21039488,124266229.29
2025-03-05 13:30:00,5.91,5.92,5.888,5.903,49331948,291239377.01
2025-03-05 14:00:00,5.903,5.943,5.9,5.942,9924484,58835649.31
2025-03-05 14:30:00,5.943,5.954,5.927,5.937,13886130,82474354.78
2025-03-05 15:00:00,5.937,5.95,5.934,5.943,21274519,126420283.4
2025-03-06 10:00:00,5.97,6.02,5.966,6.017,100958433,605851556.43
2025-03-06 10:30:00,6.017,6.04,6.008,6.01,101748421,612457662.14
2025-03-06 11:00:00,6.01,6.022,6.005,6.019,33538354,201744378.76
2025-03-06 11:30:00,6.019,6.056,6.012,6.048,39733283,239936051.61
2025-03-06 13:30:00,6.048,6.05,6.028,6.038,23028043,139058675.66
2025-03-06 14:00:00,6.038,6.041,6.021,6.038,9329324,56286921.47
2025-03-06 14:30:00,6.037,6.057,6.035,6.055,28401450,171800371.05
2025-03-06 15:00:00,6.055,6.065,6.034,6.04,66196642,400246963.08
2025-03-07 10:00:00,6.021,6.035,6.001,6.01,69254611,416589570.04
2025-03-07 10:30:00,6.009,6.048,6.006,6.038,73907432,445711086.58
2025-03-07 11:00:00,6.04,6.056,6.035,6.044,38235607,231134244.32
2025-03-07 11:30:00,6.042,6.058,6.032,6.038,19738213,119271441.75
2025-03-07 13:30:00,6.038,6.06,6.037,6.041,17881160,108109493.36
2025-03-07 14:00:00,6.043,6.048,6.01,6.024,19393578,116891559.13
2025-03-07 14:30:00,6.024,6.024,6.0,6.001,36566481,219703606.68
2025-03-07 15:00:00,6.001,6.015,5.987,6.014,40732480,244612119.89
2025-03-10 10:00:00,6.008,6.031,5.982,5.989,120798706,724872768.47
2025-03-10 10:30:00,5.988,6.0,5.97,5.999,102234099,612348174.98
2025-03-10 11:00:00,5.999,6.006,5.98,5.981,36388732,217932115.95
2025-03-10 11:30:00,5.981,5.986,5.974,5.979,12673119,75781027.25
2025-03-10 13:30:00,5.979,5.985,5.961,5.983,14955711,89380314.17
2025-03-10 14:00:00,5.982,5.996,5.974,5.988,9974234,59705764.72
2025-03-10 14:30:00,5.989,6.006,5.984,5.994,14116894,84626073.9
2025-03-10 15:00:00,5.994,6.012,5.994,6.006,23446313,140771663.25
2025-03-11 10:00:00,5.946,6.004,5.943,6.003,28258920,169082538.0
2025-03-11 10:30:00,6.004,6.027,5.995,6.007,25113285,150922471.76
2025-03-11 11:00:00,6.008,6.015,5.981,5.99,15238741,91361331.88
2025-03-11 11:30:00,5.99,5.994,5.97,5.975,6543331,39126938.27
2025-03-11 13:30:00,5.976,6.003,5.971,5.998,5983680,35846232.32
2025-03-11 14:00:00,5.998,6.001,5.977,5.989,5423621,32482066.17
2025-03-11 14:30:00,5.99,6.021,5.988,6.013,16677269,100185913.97
2025-03-11 15:00:00,6.013,6.039,6.012,6.033,58490630,352581517.64
2025-03-12 10:00:00,6.049,6.068,6.031,6.058,75513756,457034422.56
2025-03-12 10:30:00,6.059,6.06,6.039,6.04,15321808,92640758.44
2025-03-12 11:00:00,6.039,6.058,6.038,6.055,12642212,76489596.67
2025-03-12 11:30:00,6.056,6.056,6.036,6.046,8061706,48741074.48
2025-03-12 13:30:00,6.046,6.072,6.038,6.068,16935040,102615052.37
2025-03-12 14:00:00,6.067,6.098,6.065,6.076,39628254,240926574.9
2025-03-12 14:30:00,6.075,6.08,6.038,6.044,16739865,101343142.71
2025-03-12 15:00:00,6.044,6.055,6.035,6.04,19906567,120302019.9
2025-03-13 10:00:00,6.03,6.048,5.979,5.98,51640921,309966021.48
2025-03-13 10:30:00,5.98,6.009,5.977,5.995,32193481,192956993.95
2025-03-13 11:00:00,5.995,6.014,5.977,6.012,15117171,90718143.17
2025-03-13 11:30:00,6.012,6.012,5.963,5.969,22362755,133759091.91
2025-03-13 13:30:00,5.968,5.969,5.953,5.965,17564528,104725570.78
2025-03-13 14:00:00,5.965,5.965,5.943,5.948,17449740,103860852.48
2025-03-13 14:30:00,5.948,5.98,5.94,5.978,17693090,105556974.94
2025-03-13 15:00:00,5.977,5.998,5.976,5.987,38569299,230914393.11
2025-03-14 10:00:00,5.992,6.039,5.972,6.031,61155556,367789513.78
2025-03-14 10:30:00,6.032,6.054,6.014,6.029,63470187,382873324.71
2025-03-14 11:00:00,6.03,6.056,6.024,6.047,45518650,275038856.18
2025-03-14 11:30:00,6.048,6.088,6.048,6.078,97142897,589786908.65
2025-03-14 13:30:00,6.078,6.089,6.062,6.07,37305525,226581323.68
2025-03-14 14:00:00,6.07,6.097,6.067,6.096,36892132,224550110.11
2025-03-14 14:30:00,6.097,6.099,6.078,6.09,55510758,338005005.46
2025-03-14 15:00:00,6.09,6.1,6.084,6.1,85492813,521050197.63
2025-03-17 10:00:00,6.11,6.112,6.087,6.095,97993572,597564802.06
2025-03-17 10:30:00,6.096,6.12,6.089,6.113,40328211,246297827.31
2025-03-17 11:00:00,6.115,6.121,6.102,6.11,27392716,167396887.48
2025-03-17 11:30:00,6.111,6.113,6.093,6.1,17253651,105281778.4
2025-03-17 13:30:00,6.101,6.102,6.091,6.098,27991596,170664760.81
2025-03-17 14:00:00,6.099,6.113,6.096,6.101,6806619,41543064.63
2025-03-17 14:30:00,6.101,6.113,6.1,6.111,16324373,99709270.28
2025-03-17 15:00:00,6.111,6.112,6.097,6.101,149471977,912277299.62
2025-03-18 10:00:00,6.112,6.161,6.108,6.154,52828988,324422815.31
2025-03-18 10:30:00,6.155,6.166,6.129,6.133,23760764,145954453.0
2025-03-18 11:00:00,6.133,6.138,6.123,6.134,15204873,93231212.94
2025-03-18 11:30:00,6.134,6.14,6.117,6.129,12667818,77636833.92
2025-03-18 13:30:00,6.128,6.129,6.115,6.125,14480386,88663403.48
2025-03-18 14:00:00,6.127,6.134,6.121,6.123,12991315,79584795.69
2025-03-18 14:30:00,6.123,6.135,6.109,6.128,22004084,134753010.42
2025-03-18 15:00:00,6.129,6.133,6.123,6.125,24715408,151431304.82
2025-03-19 10:00:00,6.115,6.118,6.072,6.072,32236040,196231520.83
2025-03-19 10:30:00,6.073,6.093,6.068,6.087,22346632,135927113.58
2025-03-19 11:00:00,6.088,6.115,6.085,6.106,14052219,85746640.34
2025-03-19 11:30:00,6.107,6.115,6.097,6.103,9355386,57114631.53
2025-03-19 13:30:00,6.1,6.126,6.093,6.105,18094874,110523490.39
2025-03-19 14:00:00,6.105,6.106,6.086,6.09,13423584,81803320.9
2025-03-19 14:30:00,6.091,6.099,6.085,6.087,17108285,104195158.41
2025-03-19 15:00:00,6.088,6.105,6.08,6.105,24216491,147639873.46
2025-03-20 10:00:00,6.099,6.1,6.059,6.071,87257685,530235865.85
2025-03-20 10:30:00,6.071,6.099,6.069,6.08,28458910,173106063.23
2025-03-20 11:00:00,6.08,6.101,6.078,6.095,21558281,131318675.66
2025-03-20 11:30:00,6.095,6.104,6.083,6.099,13851906,84431984.37
2025-03-20 13:30:00,6.1,6.105,6.091,6.096,11277571,68763109.58
2025-03-20 14:00:00,6.097,6.097,6.073,6.077,21023482,127871825.35
2025-03-20 14:30:00,6.078,6.078,6.062,6.065,21285041,129164723.8
2025-03-20 15:00:00,6.064,6.076,6.055,6.06,57682702,349768677.36
2025-03-21 10:00:00,6.033,6.066,6.03,6.042,45609198,275753211.11
2025-03-21 10:30:00,6.042,6.063,6.028,6.031,26479267,159952425.52
2025-03-21 11:00:00,6.031,6.038,6.009,6.01,37290856,224453662.26
2025-03-21 11:30:00,6.01,6.011,5.977,5.979,46016044,275590087.52
2025-03-21 13:30:00,5.979,5.988,5.97,5.972,28563716,170715809.29
2025-03-21 14:00:00,5.972,5.976,5.951,5.959,23131716,137911290.79
2025-03-21 14:30:00,5.959,5.975,5.95,5.969,17160965,102359435.9
2025-03-21 15:00:00,5.969,5.988,5.964,5.967,21321922,127355840.11
2025-03-24 10:00:00,5.97,5.979,5.945,5.957,36194902,215733680.89
2025-03-24 10:30:00,5.957,5.978,5.946,5.969,15827984,94403372.57
2025-03-24 11:00:00,5.968,5.976,5.944,5.944,15397199,91685187.65
2025-03-24 11:30:00,5.945,5.954,5.933,5.934,12131679,72066217.15
2025-03-24 13:30:00,5.934,5.945,5.918,5.919,30518257,180891881.99
2025-03-24 14:00:00,5.919,5.928,5.9,5.911,42504888,251331402.74
2025-03-24 14:30:00,5.911,5.921,5.883,5.92,25352169,149780614.45
2025-03-24 15:00:00,5.92,5.963,5.917,5.961,53636969,318979054.64
2025-03-25 10:00:00,5.957,5.984,5.94,5.967,52848278,315169513.9
2025-03-25 10:30:00,5.967,5.971,5.941,5.942,21166223,125967248.48
2025-03-25 11:00:00,5.942,5.95,5.931,5.938,8761526,52040543.93
2025-03-25 11:30:00,5.938,5.956,5.921,5.932,21657643,128566988.06
2025-03-25 13:30:00,5.933,5.965,5.927,5.962,21219412,126283793.95
2025-03-25 14:00:00,5.962,5.97,5.941,5.945,16872360,100424286.72
2025-03-25 14:30:00,5.945,5.953,5.936,5.943,10784944,64105707.14
2025-03-25 15:00:00,5.944,5.953,5.929,5.94,44491642,264310014.57
2025-03-26 10:00:00,5.933,5.976,5.933,5.968,61479295,366355118.9
2025-03-26 10:30:00,5.968,5.972,5.943,5.955,26863707,160018148.03
2025-03-26 11:00:00,5.955,5.966,5.948,5.961,15416595,91857211.88
2025-03-26 11:30:00,5.962,5.983,5.956,5.965,20659574,123296337.63
2025-03-26 13:30:00,5.965,5.973,5.943,5.947,12411227,73900582.63
2025-03-26 14:00:00,5.947,5.953,5.941,5.952,8179434,48656726.39
2025-03-26 14:30:00,5.951,5.966,5.946,5.947,11751063,69954078.04
2025-03-26 15:00:00,5.949,5.951,5.938,5.942,35046941,208307334.99
2025-03-27 10:00:00,5.937,5.941,5.884,5.934,65183935,385867167.22
2025-03-27 10:30:00,5.933,5.953,5.933,5.95,14924263,88729718.29
2025-03-27 11:00:00,5.949,6.0,5.944,5.978,82951617,495552959.96
2025-03-27 11:30:00,5.978,5.981,5.959,5.962,9994344,59639582.1
2025-03-27 13:30:00,5.962,5.97,5.957,5.963,5447153,32483189.06
2025-03-27 14:00:00,5.963,5.972,5.954,5.957,9871036,58841245.6
2025-03-27 14:30:00,5.957,5.975,5.953,5.966,8254162,49233324.94
2025-03-27 15:00:00,5.966,5.969,5.953,5.957,15627982,93137563.39
2025-03-28 10:00:00,5.953,5.972,5.938,5.94,48928240,291123028.0
2025-03-28 10:30:00,5.94,5.951,5.936,5.938,28507985,169384944.21
2025-03-28 11:00:00,5.938,5.938,5.914,5.925,42117330,249573258.47
2025-03-28 11:30:00,5.925,5.935,5.902,5.914,23863442,141199986.31
2025-03-28 13:30:00,5.912,5.924,5.903,5.904,7466041,44126790.99
2025-03-28 14:00:00,5.904,5.937,5.897,5.929,21242324,125775800.4
2025-03-28 14:30:00,5.929,5.938,5.913,5.927,12875345,76299294.47
2025-03-28 15:00:00,5.929,5.931,5.907,5.909,14553492,86093607.51
2025-03-31 10:00:00,5.881,5.904,5.866,5.897,35282247,207777152.58
2025-03-31 10:30:00,5.895,5.908,5.844,5.845,23975087,140629868.65
2025-03-31 11:00:00,5.845,5.85,5.827,5.827,21066444,122915678.59
2025-03-31 11:30:00,5.827,5.832,5.796,5.798,33244193,193104435.74
2025-03-31 13:30:00,5.797,5.843,5.796,5.827,14847250,86440689.5
2025-03-31 14:00:00,5.828,5.834,5.815,5.818,7482532,43565795.48
2025-03-31 14:30:00,5.818,5.87,5.806,5.851,28304531,165364504.95
2025-03-31 15:00:00,5.851,5.868,5.85,5.855,17594049,103060074.36
2025-04-01 10:00:00,5.864,5.899,5.859,5.894,31016063,182498514.69
2025-04-01 10:30:00,5.894,5.924,5.889,5.91,37763822,223096072.44
2025-04-01 11:00:00,5.908,5.923,5.9,5.914,31791360,187961117.44
2025-04-01 11:30:00,5.915,5.93,5.905,5.919,17268809,102196811.66
2025-04-01 13:30:00,5.919,5.92,5.884,5.89,22045688,130025467.82
2025-04-01 14:00:00,5.892,5.892,5.88,5.888,7699115,45322123.63
2025-04-01 14:30:00,5.889,5.893,5.88,5.889,9002448,53000412.19
2025-04-01 15:00:00,5.89,5.896,5.884,5.886,17505828,103085985.82
2025-04-02 10:00:00,5.879,5.918,5.869,5.916,30996881,182912594.78
2025-04-02 10:30:00,5.916,5.938,5.91,5.922,44052867,260939815.53
2025-04-02 11:00:00,5.922,5.926,5.913,5.921,19300880,114261209.6
2025-04-02 11:30:00,5.921,5.922,5.908,5.91,11175700,66085639.33
2025-04-02 13:30:00,5.91,5.915,5.896,5.901,9163888,54103594.75
2025-04-02 14:00:00,5.901,5.903,5.889,5.897,19278764,113674018.8
2025-04-02 14:30:00,5.897,5.902,5.889,5.891,21988913,129602653.22
2025-04-02 15:00:00,5.891,5.9,5.883,5.895,22465400,132381113.73
2025-04-03 10:00:00,5.845,5.907,5.836,5.867,59952453,351920899.11
2025-04-03 10:30:00,5.867,5.897,5.837,5.891,73663771,432774654.62
2025-04-03 11:00:00,5.89,5.893,5.848,5.848,13855322,81233752.89
2025-04-03 11:30:00,5.848,5.849,5.818,5.825,42575032,248240819.91
2025-04-03 13:30:00,5.825,5.838,5.816,5.823,15265892,88933998.16
2025-04-03 14:00:00,5.823,5.847,5.816,5.843,17194212,100333958.42
2025-04-03 14:30:00,5.844,5.857,5.833,5.842,21862907,127766828.51
2025-04-03 15:00:00,5.842,5.85,5.837,5.842,22107561,129174478.92
2025-04-07 10:00:00,5.62,5.662,5.323,5.425,223010030,1219864864.1
2025-04-07 10:30:00,5.425,5.46,5.373,5.447,75672169,410647637.11
2025-04-07 11:00:00,5.446,5.47,5.422,5.426,22869637,124395578.86
2025-04-07 11:30:00,5.424,5.426,5.377,5.388,31757361,171394477.32
2025-04-07 13:30:00,5.39,5.396,5.35,5.35,23122953,124062350.5
2025-04-07 14:00:00,5.351,5.352,5.28,5.28,30163019,159984652.78
2025-04-07 14:30:00,5.28,5.281,5.258,5.258,19776700,104137509.97
2025-04-07 15:00:00,5.258,5.3,5.258,5.288,35408260,187026429.32
2025-04-08 10:00:00,5.312,5.371,5.252,5.311,636600963,3381199914.81
2025-04-08 10:30:00,5.311,5.339,5.28,5.304,258297339,1370956176.3
2025-04-08 11:00:00,5.302,5.32,5.278,5.282,228242155,1208161807.13
2025-04-08 11:30:00,5.286,5.327,5.284,5.307,197362967,1047207902.9
2025-04-08 13:30:00,5.306,5.31,5.266,5.275,281967431,1489821916.26
2025-04-08 14:00:00,5.274,5.296,5.25,5.282,943911971,4980079559.0
2025-04-08 14:30:00,5.282,5.303,5.25,5.274,360126593,1899907862.47
2025-04-08 15:00:00,5.274,5.318,5.253,5.317,122055954,646408332.38
2025-04-09 10:00:00,5.255,5.285,5.139,5.279,121793794,637509315.73
2025-04-09 10:30:00,5.277,5.405,5.277,5.365,59159406,316443662.69
2025-04-09 11:00:00,5.363,5.377,5.346,5.375,25335776,135951774.02
2025-04-09 11:30:00,5.375,5.395,5.33,5.376,17822091,95651162.4
2025-04-09 13:30:00,5.379,5.395,5.333,5.389,16166711,86852960.4
2025-04-09 14:00:00,5.395,5.447,5.384,5.423,32515635,176169710.43
2025-04-09 14:30:00,5.424,5.455,5.412,5.441,19285266,104834705.98
2025-04-09 15:00:00,5.441,5.457,5.42,5.434,61746276,335714502.61
2025-04-10 10:00:00,5.503,5.607,5.501,5.602,99557480,554535163.6
2025-04-10 10:30:00,5.601,5.609,5.578,5.604,48376686,270764311.54
2025-04-10 11:00:00,5.604,5.605,5.547,5.55,20125027,112042733.65
2025-04-10 11:30:00,5.551,5.561,5.533,5.538,23471695,130127077.08
2025-04-10 13:30:00,5.538,5.563,5.528,5.561,14417835,80028596.14
2025-04-10 14:00:00,5.561,5.574,5.546,5.547,14274994,79307108.33
2025-04-10 14:30:00,5.546,5.578,5.542,5.555,14064758,78176613.22
2025-04-10 15:00:00,5.555,5.558,5.531,5.534,32693292,181153530.97
2025-04-11 10:00:00,5.51,5.556,5.509,5.552,36043052,199642465.03
2025-04-11 10:30:00,5.553,5.556,5.521,5.531,16484615,91258828.64
2025-04-11 11:00:00,5.531,5.542,5.521,5.521,18998746,105025067.89
2025-04-11 11:30:00,5.521,5.554,5.518,5.551,13452696,74541388.54
2025-04-11 13:30:00,5.551,5.611,5.551,5.591,27124136,151470216.8
2025-04-11 14:00:00,5.59,5.628,5.582,5.598,33918757,190035489.22
2025-04-11 14:30:00,5.599,5.611,5.578,5.582,17783618,99416352.49
2025-04-11 15:00:00,5.582,5.589,5.562,5.572,58268684,324809067.51
2025-04-14 10:00:00,5.615,5.634,5.6,5.623,62250220,349783986.18
2025-04-14 10:30:00,5.622,5.641,5.612,5.629,48253212,271536908.33
2025-04-14 11:00:00,5.628,5.645,5.624,5.64,11707916,65989717.21
2025-04-14 11:30:00,5.64,5.652,5.631,5.633,10239519,57737234.47
2025-04-14 13:30:00,5.634,5.635,5.605,5.61,16143866,90674714.03
2025-04-14 14:00:00,5.611,5.615,5.604,5.615,5192887,29139019.92
2025-04-14 14:30:00,5.615,5.616,5.605,5.612,11694067,65615409.94
2025-04-14 15:00:00,5.613,5.619,5.609,5.614,49580995,278347705.93
2025-04-15 10:00:00,5.615,5.619,5.562,5.57,42871502,239380176.67
2025-04-15 10:30:00,5.57,5.585,5.566,5.581,13075237,72924955.16
2025-04-15 11:00:00,5.581,5.588,5.574,5.579,11517983,64274184.47
2025-04-15 11:30:00,5.579,5.59,5.566,5.581,10315728,57551446.51
2025-04-15 13:30:00,5.58,5.581,5.562,5.569,10639156,59267191.69
2025-04-15 14:00:00,5.57,5.591,5.567,5.581,11145283,62186964.05
2025-04-15 14:30:00,5.582,5.589,5.574,5.58,6090648,33991906.49
2025-04-15 15:00:00,5.584,5.603,5.578,5.593,215082975,1202600607.55
2025-04-16 10:00:00,5.558,5.581,5.558,5.567,52737659,293678443.75
2025-04-16 10:30:00,5.567,5.568,5.545,5.547,26165355,145304938.1
2025-04-16 11:00:00,5.547,5.554,5.53,5.533,15054900,83389091.1
2025-04-16 11:30:00,5.534,5.535,5.494,5.496,22910500,126198670.83
2025-04-16 13:30:00,5.495,5.539,5.49,5.525,47524071,262237823.78
2025-04-16 14:00:00,5.525,5.538,5.505,5.517,83514315,460999018.8
2025-04-16 14:30:00,5.517,5.535,5.514,5.523,12605368,69632052.83
2025-04-16 15:00:00,5.523,5.557,5.511,5.547,405670333,2246737527.6
2025-04-17 10:00:00,5.524,5.601,5.52,5.59,58507420,325905831.87
2025-04-17 10:30:00,5.591,5.603,5.577,5.587,30068494,168052812.97
2025-04-17 11:00:00,5.587,5.594,5.575,5.589,26195930,146330464.98
2025-04-17 11:30:00,5.59,5.598,5.582,5.596,23792759,133049108.33
2025-04-17 13:30:00,5.596,5.599,5.567,5.572,17281285,96418049.44
2025-04-17 14:00:00,5.572,5.576,5.564,5.568,10871687,60548048.8
2025-04-17 14:30:00,5.568,5.585,5.561,5.57,20249548,112830481.46
2025-04-17 15:00:00,5.57,5.571,5.544,5.544,37794590,209873358.27
2025-04-18 10:00:00,5.54,5.55,5.519,5.531,63116464,349244434.13
2025-04-18 10:30:00,5.53,5.539,5.522,5.53,15310538,84672378.65
2025-04-18 11:00:00,5.531,5.544,5.529,5.531,9330600,51641760.8
2025-04-18 11:30:00,5.532,5.534,5.521,5.529,13302533,73536402.42
2025-04-18 13:30:00,5.528,5.536,5.524,5.529,14870330,82227968.12
2025-04-18 14:00:00,5.529,5.576,5.529,5.571,92423619,513752090.15
2025-04-18 14:30:00,5.571,5.572,5.556,5.561,29377900,163429257.7
2025-04-18 15:00:00,5.561,5.565,5.547,5.55,57336382,318446265.63
2025-04-21 10:00:00,5.544,5.607,5.522,5.589,77068105,429474859.8
2025-04-21 10:30:00,5.589,5.604,5.587,5.603,14521396,81290774.81
2025-04-21 11:00:00,5.603,5.606,5.594,5.603,9228539,51689046.94
2025-04-21 11:30:00,5.604,5.607,5.598,5.604,9129141,51150577.02
2025-04-21 13:30:00,5.603,5.62,5.599,5.617,16432982,92221894.98
2025-04-21 14:00:00,5.616,5.635,5.613,5.635,20934004,117809596.51
2025-04-21 14:30:00,5.635,5.641,5.626,5.634,26060912,146818491.24
2025-04-21 15:00:00,5.634,5.639,5.626,5.633,83383847,469673415.54
2025-04-22 10:00:00,5.619,5.638,5.607,5.624,35044295,197054070.78
2025-04-22 10:30:00,5.624,5.634,5.611,5.624,35112979,197440280.92
2025-04-22 11:00:00,5.625,5.632,5.611,5.624,13936976,78358324.73
2025-04-22 11:30:00,5.625,5.625,5.614,5.616,6319261,35503714.72
2025-04-22 13:30:00,5.616,5.63,5.615,5.629,9735467,54758756.72
2025-04-22 14:00:00,5.629,5.641,5.625,5.63,15770310,88818385.92
2025-04-22 14:30:00,5.631,5.645,5.626,5.632,12134276,68368555.74
2025-04-22 15:00:00,5.633,5.635,5.616,5.616,15353798,86324170.29
2025-04-23 10:00:00,5.639,5.683,5.625,5.633,106353925,600580614.47
2025-04-23 10:30:00,5.633,5.633,5.61,5.618,25962504,145917926.65
2025-04-23 11:00:00,5.618,5.625,5.608,5.613,19094612,107222611.25
2025-04-23 11:30:00,5.613,5.634,5.61,5.632,17656318,99322674.19
2025-04-23 13:30:00,5.632,5.657,5.632,5.652,20022080,113064685.76
2025-04-23 14:00:00,5.652,5.653,5.638,5.638,8200006,46272633.86
2025-04-23 14:30:00,5.641,5.641,5.617,5.632,19989478,112540761.14
2025-04-23 15:00:00,5.633,5.633,5.623,5.627,15888133,89413116.48
2025-04-24 10:00:00,5.628,5.637,5.61,5.632,29045993,163422438.62
2025-04-24 10:30:00,5.632,5.644,5.628,5.637,26735488,150690122.2
2025-04-24 11:00:00,5.636,5.64,5.594,5.608,12620574,70851902.44
2025-04-24 11:30:00,5.608,5.608,5.577,5.588,16266911,90948299.4
2025-04-24 13:30:00,5.588,5.605,5.584,5.604,12956059,72523699.6
2025-04-24 14:00:00,5.603,5.615,5.602,5.608,13485088,75628868.53
2025-04-24 14:30:00,5.609,5.61,5.595,5.6,9378100,52532990.17
2025-04-24 15:00:00,5.6,5.608,5.598,5.605,40100960,224712412.85
2025-04-25 10:00:00,5.61,5.624,5.592,5.607,29935316,167867273.69
2025-04-25 10:30:00,5.609,5.633,5.605,5.62,19976434,112254241.46
2025-04-25 11:00:00,5.62,5.634,5.618,5.627,22673070,127566249.51
2025-04-25 11:30:00,5.628,5.662,5.627,5.649,28425771,160491903.07
2025-04-25 13:30:00,5.649,5.653,5.639,5.64,18771608,105946955.55
2025-04-25 14:00:00,5.639,5.648,5.63,5.631,10318544,58158753.5
2025-04-25 14:30:00,5.63,5.631,5.612,5.625,48337296,271784502.98
2025-04-25 15:00:00,5.625,5.629,5.618,5.62,25708266,144540440.87
2025-04-28 10:00:00,5.62,5.625,5.579,5.582,73415639,410784972.08
2025-04-28 10:30:00,5.582,5.6,5.576,5.595,28754473,160747088.89
2025-04-28 11:00:00,5.596,5.611,5.594,5.601,56558056,316838229.71
2025-04-28 11:30:00,5.601,5.607,5.594,5.604,7119921,39883424.14
2025-04-28 13:30:00,5.603,5.607,5.596,5.604,4444464,24899368.82
2025-04-28 14:00:00,5.605,5.606,5.594,5.599,3282305,18379813.9
2025-04-28 14:30:00,5.6,5.602,5.593,5.598,3521032,19709563.46
2025-04-28 15:00:00,5.599,5.603,5.592,5.593,25505771,142730294.52
2025-04-29 10:00:00,5.57,5.605,5.564,5.596,25043530,139951593.48
2025-04-29 10:30:00,5.597,5.622,5.594,5.602,20588264,115417807.98
2025-04-29 11:00:00,5.602,5.608,5.596,5.596,14783288,82786412.8
2025-04-29 11:30:00,5.597,5.605,5.597,5.602,4966296,27817879.33
2025-04-29 13:30:00,5.601,5.605,5.595,5.597,14702591,82319807.01
2025-04-29 14:00:00,5.599,5.599,5.591,5.593,24819847,138850497.4
2025-04-29 14:30:00,5.593,5.612,5.593,5.597,8248122,46194981.95
2025-04-29 15:00:00,5.599,5.601,5.594,5.597,11585458,64847670.25
2025-04-30 10:00:00,5.598,5.639,5.597,5.621,38580052,216781312.19
2025-04-30 10:30:00,5.622,5.642,5.621,5.633,20839820,117369866.24
2025-04-30 11:00:00,5.633,5.637,5.621,5.627,20456339,115135094.67
2025-04-30 11:30:00,5.627,5.637,5.627,5.633,9191452,51769321.48
2025-04-30 13:30:00,5.633,5.635,5.629,5.631,15109502,85091678.76
2025-04-30 14:00:00,5.631,5.638,5.63,5.637,10585798,59650971.73
2025-04-30 14:30:00,5.638,5.64,5.632,5.634,14431996,81329108.13
2025-04-30 15:00:00,5.634,5.635,5.623,5.627,78196224,440114414.08
2025-05-06 10:00:00,5.655,5.692,5.653,5.691,38269174,217317882.75
2025-05-06 10:30:00,5.691,5.723,5.688,5.715,48643572,277689938.02
2025-05-06 11:00:00,5.716,5.72,5.708,5.715,22887456,130786552.74
2025-05-06 11:30:00,5.715,5.728,5.714,5.728,8574396,49074126.44
2025-05-06 13:30:00,5.727,5.728,5.712,5.725,11460295,65571987.89
2025-05-06 14:00:00,5.724,5.733,5.72,5.728,8849540,50681315.58
2025-05-06 14:30:00,5.728,5.732,5.723,5.723,10085756,57751038.86
2025-05-06 15:00:00,5.723,5.735,5.721,5.735,36921668,211573464.86
2025-05-07 10:00:00,5.798,5.845,5.747,5.759,73247975,423641871.41
2025-05-07 10:30:00,5.76,5.761,5.731,5.737,35904114,206197326.7
2025-05-07 11:00:00,5.737,5.744,5.729,5.741,17012501,97617730.74
2025-05-07 11:30:00,5.741,5.749,5.726,5.739,23076985,132415739.93
2025-05-07 13:30:00,5.739,5.751,5.735,5.741,9506786,54591134.14
2025-05-07 14:00:00,5.741,5.742,5.72,5.72,6727758,38532112.65
2025-05-07 14:30:00,5.721,5.721,5.708,5.718,13315996,76109794.47
2025-05-07 15:00:00,5.719,5.745,5.715,5.744,44417988,254722355.18
2025-05-08 10:00:00,5.729,5.77,5.724,5.768,57832373,332767474.24
2025-05-08 10:30:00,5.768,5.77,5.754,5.768,15615329,90006756.36
2025-05-08 11:00:00,5.768,5.785,5.751,5.779,30174361,174156353.57
2025-05-08 11:30:00,5.78,5.782,5.767,5.772,11827900,68290351.97
2025-05-08 13:30:00,5.772,5.772,5.754,5.757,8398338,48382825.22
2025-05-08 14:00:00,5.758,5.766,5.751,5.766,7634502,43982366.02
2025-05-08 14:30:00,5.766,5.775,5.763,5.773,7178483,41422239.74
2025-05-08 15:00:00,5.773,5.777,5.765,5.768,90234751,520654513.27
2025-05-09 10:00:00,5.76,5.761,5.726,5.746,32666871,187649395.98
2025-05-09 10:30:00,5.747,5.748,5.722,5.727,19276810,110501100.52
2025-05-09 11:00:00,5.727,5.727,5.701,5.704,24407548,139383370.78
2025-05-09 11:30:00,5.703,5.719,5.7,5.714,11182344,63862366.58
2025-05-09 13:30:00,5.715,5.73,5.714,5.726,18027807,103179148.73
2025-05-09 14:00:00,5.727,5.738,5.725,5.737,23127795,132599358.0
2025-05-09 14:30:00,5.738,5.741,5.718,5.725,23945650,137160683.2
2025-05-09 15:00:00,5.725,5.73,5.712,5.721,15998729,91528728.61
2025-05-12 10:00:00,5.745,5.773,5.737,5.764,40023164,230453378.31
2025-05-12 10:30:00,5.765,5.797,5.764,5.775,34547120,199636290.77
2025-05-12 11:00:00,5.776,5.78,5.766,5.775,7024461,40556896.33
2025-05-12 11:30:00,5.775,5.779,5.759,5.762,14016386,80827825.93
2025-05-12 13:30:00,5.761,5.765,5.753,5.764,5975753,34424321.12
2025-05-12 14:00:00,5.765,5.767,5.757,5.765,3295523,18992099.05
2025-05-12 14:30:00,5.765,5.79,5.765,5.787,16716334,96631554.74
2025-05-12 15:00:00,5.788,5.793,5.778,5.79,48996528,283542907.54
2025-05-13 10:00:00,5.825,5.826,5.785,5.801,66423717,385523253.47
2025-05-13 10:30:00,5.802,5.804,5.773,5.781,32197167,186292808.26
2025-05-13 11:00:00,5.78,5.782,5.767,5.78,24212552,139859771.2
2025-05-13 11:30:00,5.781,5.781,5.764,5.767,14144007,81620349.73
2025-05-13 13:30:00,5.766,5.783,5.764,5.778,17241336,99568715.4
2025-05-13 14:00:00,5.776,5.791,5.773,5.787,14949781,86464550.04
2025-05-13 14:30:00,5.788,5.79,5.775,5.78,12627171,73006093.67
2025-05-13 15:00:00,5.78,5.783,5.769,5.778,15992847,92385346.17
2025-05-14 10:00:00,5.775,5.79,5.767,5.771,39552165,228453305.04
2025-05-14 10:30:00,5.77,5.772,5.754,5.759,11826099,68138040.4
2025-05-14 11:00:00,5.76,5.765,5.754,5.754,9489883,54639583.02
2025-05-14 11:30:00,5.754,5.769,5.746,5.753,10954990,63056922.44
2025-05-14 13:30:00,5.756,5.789,5.752,5.778,18022876,104046063.15
2025-05-14 14:00:00,5.779,5.839,5.772,5.794,75009993,435182976.06
2025-05-14 14:30:00,5.794,5.797,5.775,5.785,58573857,338888811.98
2025-05-14 15:00:00,5.785,5.801,5.784,5.798,17883637,103623753.99
2025-05-15 10:00:00,5.781,5.787,5.736,5.736,59954375,344917519.38
2025-05-15 10:30:00,5.736,5.755,5.73,5.754,26926658,154729552.42
2025-05-15 11:00:00,5.754,5.76,5.741,5.742,13229563,76039118.27
2025-05-15 11:30:00,5.742,5.746,5.728,5.737,11147759,63954693.38
2025-05-15 13:30:00,5.737,5.742,5.717,5.721,10746239,61540128.67
2025-05-15 14:00:00,5.72,5.723,5.713,5.716,20078950,114798050.13
2025-05-15 14:30:00,5.716,5.728,5.71,5.724,17901338,102407587.59
2025-05-15 15:00:00,5.724,5.727,5.716,5.718,32318408,184872066.56
2025-05-16 10:00:00,5.706,5.735,5.706,5.726,40483252,231658662.36
2025-05-16 10:30:00,5.728,5.733,5.704,5.709,15389110,87953893.35
2025-05-16 11:00:00,5.709,5.726,5.708,5.722,13717153,78443825.62
2025-05-16 11:30:00,5.722,5.725,5.709,5.719,14420701,82452761.42
2025-05-16 13:30:00,5.718,5.731,5.718,5.721,17893138,102408393.15
2025-05-16 14:00:00,5.721,5.727,5.716,5.716,18056444,103276840.87
2025-05-16 14:30:00,5.717,5.719,5.703,5.716,28151338,160819210.21
2025-05-16 15:00:00,5.716,5.716,5.709,5.71,27270438,155759651.71
2025-05-19 10:00:00,5.71,5.712,5.665,5.678,55894530,317760403.05
2025-05-19 10:30:00,5.678,5.691,5.674,5.684,21667645,123137226.54
2025-05-19 11:00:00,5.683,5.714,5.681,5.703,14005739,79823375.14
2025-05-19 11:30:00,5.704,5.714,5.697,5.702,10258009,58515102.67
2025-05-19 13:30:00,5.703,5.711,5.698,5.709,12039281,68696137.39
2025-05-19 14:00:00,5.709,5.724,5.707,5.711,7814244,44650590.22
2025-05-19 14:30:00,5.713,5.73,5.708,5.717,10870563,62161502.76
2025-05-19 15:00:00,5.719,5.726,5.717,5.726,8502020,48657060.46
2025-05-20 10:00:00,5.728,5.729,5.702,5.712,34926881,199583840.33
2025-05-20 10:30:00,5.713,5.729,5.712,5.722,10541895,60310181.3
2025-05-20 11:00:00,5.722,5.729,5.72,5.727,7933151,45419933.86
2025-05-20 11:30:00,5.727,5.748,5.723,5.746,10293412,59073891.47
2025-05-20 13:30:00,5.746,5.764,5.743,5.749,16506122,94943213.74
2025-05-20 14:00:00,5.748,5.751,5.743,5.748,8963167,51514308.47
2025-05-20 14:30:00,5.749,5.755,5.745,5.75,11986070,68919902.5
2025-05-20 15:00:00,5.751,5.754,5.747,5.748,15599610,89692557.63
2025-05-21 10:00:00,5.739,5.753,5.738,5.739,16492058,94719386.45
2025-05-21 10:30:00,5.738,5.748,5.731,5.745,14077154,80821633.5
2025-05-21 11:00:00,5.745,5.753,5.737,5.75,10348664,59470322.45
2025-05-21 11:30:00,5.751,5.764,5.747,5.754,10966498,63112195.99
2025-05-21 13:30:00,5.754,5.76,5.748,5.757,6745645,38821186.98
2025-05-21 14:00:00,5.757,5.758,5.749,5.751,5239129,30138962.76
2025-05-21 14:30:00,5.751,5.754,5.746,5.754,8676423,49901000.81
2025-05-21 15:00:00,5.754,5.762,5.753,5.757,10305523,59332331.09
2025-05-22 10:00:00,5.733,5.765,5.722,5.751,27222561,156420835.51
2025-05-22 10:30:00,5.751,5.752,5.734,5.739,14206080,81566576.0
2025-05-22 11:00:00,5.738,5.742,5.708,5.71,15879518,90830842.96
2025-05-22 11:30:00,5.71,5.731,5.704,5.731,18677630,106873398.86
2025-05-22 13:30:00,5.73,5.732,5.713,5.718,14837989,84888135.07
2025-05-22 14:00:00,5.717,5.725,5.714,5.722,10371346,59327556.24
2025-05-22 14:30:00,5.722,5.722,5.711,5.714,4220500,24122971.17
2025-05-22 15:00:00,5.714,5.718,5.707,5.71,33887701,193555252.21
2025-05-23 10:00:00,5.707,5.724,5.701,5.721,20772914,118724127.81
2025-05-23 10:30:00,5.721,5.741,5.715,5.73,17115090,98046645.58
2025-05-23 11:00:00,5.73,5.739,5.723,5.739,20226244,115970541.01
2025-05-23 11:30:00,5.739,5.747,5.726,5.727,19499637,111797918.8
2025-05-23 13:30:00,5.727,5.73,5.715,5.726,6198440,35477804.41
2025-05-23 14:00:00,5.726,5.728,5.706,5.706,7173488,40984528.11
2025-05-23 14:30:00,5.706,5.707,5.668,5.678,62323007,354264746.12
2025-05-23 15:00:00,5.678,5.679,5.66,5.661,37577305,212938061.67
2025-05-26 10:00:00,5.657,5.679,5.651,5.676,36242397,205446067.79
2025-05-26 10:30:00,5.676,5.7,5.673,5.699,20850163,118651327.58
2025-05-26 11:00:00,5.699,5.704,5.683,5.683,23518997,133823092.93
2025-05-26 11:30:00,5.683,5.686,5.645,5.654,25882549,146538364.92
2025-05-26 13:30:00,5.653,5.663,5.652,5.656,6513326,36845885.18
2025-05-26 14:00:00,5.656,5.672,5.655,5.67,8811357,49922211.64
2025-05-26 14:30:00,5.67,5.678,5.662,5.67,7260391,41166416.97
2025-05-26 15:00:00,5.67,5.676,5.667,5.672,39098726,221754940.96
2025-05-27 10:00:00,5.672,5.672,5.637,5.655,105594039,597099092.53
2025-05-27 10:30:00,5.655,5.656,5.646,5.654,20244435,114421546.62
2025-05-27 11:00:00,5.654,5.654,5.64,5.642,9007414,50849854.5
2025-05-27 11:30:00,5.643,5.65,5.633,5.64,17111922,96528352.0
2025-05-27 13:30:00,5.642,5.666,5.638,5.648,12614217,71278735.53
2025-05-27 14:00:00,5.647,5.654,5.633,5.644,5240127,29573530.08
2025-05-27 14:30:00,5.645,5.678,5.644,5.66,13797251,78101638.83
2025-05-27 15:00:00,5.66,5.663,5.653,5.656,15737756,89033731.61
2025-05-28 10:00:00,5.657,5.67,5.646,5.658,35654193,201731423.99
2025-05-28 10:30:00,5.657,5.658,5.635,5.639,25124114,141800499.42
2025-05-28 11:00:00,5.639,5.658,5.637,5.658,8704068,49186688.27
2025-05-28 11:30:00,5.658,5.659,5.638,5.647,15641907,88345490.74
2025-05-28 13:30:00,5.649,5.652,5.641,5.648,4485922,25332001.53
2025-05-28 14:00:00,5.649,5.651,5.636,5.646,13234860,74701961.46
2025-05-28 14:30:00,5.646,5.65,5.634,5.647,9433755,53240968.64
2025-05-28 15:00:00,5.647,5.65,5.642,5.648,17371534,98091261.99
2025-05-29 10:00:00,5.65,5.703,5.649,5.702,56528687,321346742.7
2025-05-29 10:30:00,5.703,5.725,5.699,5.715,84645798,483581443.97
2025-05-29 11:00:00,5.714,5.739,5.71,5.728,97364472,557476511.85
2025-05-29 11:30:00,5.729,5.732,5.707,5.717,22472113,128510523.54
2025-05-29 13:30:00,5.717,5.725,5.712,5.72,15756900,90113711.1
2025-05-29 14:00:00,5.72,5.732,5.717,5.726,8601132,49241480.7
2025-05-29 14:30:00,5.726,5.731,5.719,5.723,13619146,77960531.42
2025-05-29 15:00:00,5.723,5.73,5.721,5.729,21507328,123165298.35
2025-05-30 10:00:00,5.71,5.711,5.683,5.684,174878225,995523442.18
2025-05-30 10:30:00,5.684,5.693,5.671,5.678,73140229,415485260.87
2025-05-30 11:00:00,5.679,5.686,5.672,5.681,16614995,94367633.27
2025-05-30 11:30:00,5.681,5.695,5.68,5.69,10854068,61741556.81
2025-05-30 13:30:00,5.69,5.694,5.686,5.689,5088878,28954019.53
2025-05-30 14:00:00,5.69,5.7,5.689,5.693,8016803,45647676.28
2025-05-30 14:30:00,5.693,5.693,5.681,5.687,13173421,74917245.23
2025-05-30 15:00:00,5.687,5.698,5.685,5.693,32774097,186550160.12
2025-06-03 10:00:00,5.68,5.727,5.666,5.727,63229411,360829172.11
2025-06-03 10:30:00,5.728,5.73,5.697,5.697,13211598,75411801.38
2025-06-03 11:00:00,5.699,5.705,5.694,5.697,8467189,48251687.71
2025-06-03 11:30:00,5.697,5.715,5.696,5.712,5617453,32062549.24
2025-06-03 13:30:00,5.711,5.713,5.699,5.702,9336093,53259298.53
2025-06-03 14:00:00,5.703,5.71,5.696,5.709,2686865,15328564.82
2025-06-03 14:30:00,5.709,5.714,5.704,5.709,6423550,36672046.95
2025-06-03 15:00:00,5.711,5.713,5.701,5.702,28534123,162796683.09
2025-06-04 10:00:00,5.704,5.739,5.704,5.737,22822574,130697273.77
2025-06-04 10:30:00,5.738,5.751,5.737,5.747,15968905,91741359.22
2025-06-04 11:00:00,5.748,5.751,5.736,5.744,12324412,70787314.39
2025-06-04 11:30:00,5.744,5.763,5.741,5.758,19815271,114017069.33
2025-06-04 13:30:00,5.757,5.758,5.745,5.748,3577569,20572214.27
2025-06-04 14:00:00,5.746,5.752,5.742,5.751,6542793,37610155.1
2025-06-04 14:30:00,5.751,5.755,5.748,5.752,5335546,30688282.08
2025-06-04 15:00:00,5.752,5.752,5.745,5.751,23138206,133029259.03
2025-06-05 10:00:00,5.756,5.759,5.733,5.748,29663285,170465011.13
2025-06-05 10:30:00,5.749,5.762,5.747,5.751,23287806,133982510.52
2025-06-05 11:00:00,5.752,5.756,5.745,5.75,10402841,59819803.36
2025-06-05 11:30:00,5.75,5.76,5.747,5.756,8515150,48999011.48
2025-06-05 13:30:00,5.754,5.772,5.753,5.77,13143185,75770461.53
2025-06-05 14:00:00,5.77,5.779,5.766,5.773,24311197,140340436.55
2025-06-05 14:30:00,5.773,5.786,5.773,5.783,16501812,95391474.57
2025-06-05 15:00:00,5.783,5.799,5.781,5.784,42760543,247498022.88
2025-06-06 10:00:00,5.783,5.794,5.772,5.776,18526477,107095388.04
2025-06-06 10:30:00,5.777,5.783,5.772,5.775,17239084,99584441.91
2025-06-06 11:00:00,5.775,5.787,5.771,5.785,8166748,47211970.19
2025-06-06 11:30:00,5.786,5.789,5.774,5.774,5960981,34448509.2
2025-06-06 13:30:00,5.774,5.779,5.77,5.773,5460422,31528476.63
2025-06-06 14:00:00,5.773,5.778,5.77,5.775,7716146,44555599.05
2025-06-06 14:30:00,5.776,5.779,5.77,5.779,8593512,49636125.31
2025-06-06 15:00:00,5.779,5.788,5.776,5.785,29411308,170085594.16
2025-06-09 10:00:00,5.795,5.832,5.789,5.826,50430145,293284913.27
2025-06-09 10:30:00,5.826,5.852,5.826,5.841,56795961,331669480.25
2025-06-09 11:00:00,5.841,5.852,5.836,5.838,16971449,99147205.06
2025-06-09 11:30:00,5.839,5.842,5.825,5.825,9723336,56693531.1
2025-06-09 13:30:00,5.825,5.83,5.816,5.824,10475036,60999626.31
2025-06-09 14:00:00,5.822,5.825,5.818,5.824,5355209,31179811.87
2025-06-09 14:30:00,5.824,5.829,5.82,5.824,3478933,20262465.44
2025-06-09 15:00:00,5.824,5.828,5.82,5.826,42632170,248318179.53
2025-06-10 10:00:00,5.825,5.829,5.812,5.814,23922825,139190970.12
2025-06-10 10:30:00,5.814,5.817,5.806,5.81,7674405,44595967.46
2025-06-10 11:00:00,5.811,5.814,5.805,5.81,13495436,78403984.68
2025-06-10 11:30:00,5.811,5.819,5.809,5.812,6849567,39818816.16
2025-06-10 13:30:00,5.812,5.814,5.745,5.746,48274428,278462992.18
2025-06-10 14:00:00,5.745,5.776,5.742,5.77,31727609,182835634.8
2025-06-10 14:30:00,5.77,5.778,5.76,5.777,18986962,109586415.68
2025-06-10 15:00:00,5.778,5.782,5.774,5.777,31606697,182612959.7
2025-06-11 10:00:00,5.777,5.848,5.777,5.838,57796120,336431214.52
2025-06-11 10:30:00,5.839,5.845,5.821,5.827,38301160,223334063.96
2025-06-11 11:00:00,5.827,5.828,5.811,5.815,20112814,117016351.85
2025-06-11 11:30:00,5.814,5.827,5.811,5.824,18468022,107496200.05
2025-06-11 13:30:00,5.826,5.844,5.818,5.823,13728118,80012047.74
2025-06-11 14:00:00,5.823,5.826,5.818,5.82,6158945,35853271.83
2025-06-11 14:30:00,5.82,5.828,5.82,5.822,10163703,59186630.47
2025-06-11 15:00:00,5.823,5.824,5.812,5.814,65650706,381868273.23
2025-06-12 10:00:00,5.809,5.821,5.786,5.812,24558418,142594361.05
2025-06-12 10:30:00,5.812,5.82,5.81,5.816,8227900,47847981.13
2025-06-12 11:00:00,5.817,5.833,5.816,5.83,14163768,82522833.62
2025-06-12 11:30:00,5.831,5.834,5.819,5.824,6258198,36458175.48
2025-06-12 13:30:00,5.824,5.835,5.82,5.821,5951893,34671760.69
2025-06-12 14:00:00,5.821,5.821,5.807,5.818,10383331,60382530.88
2025-06-12 14:30:00,5.819,5.829,5.815,5.827,7546302,43947147.41
2025-06-12 15:00:00,5.827,5.831,5.818,5.826,15143873,88213060.22
2025-06-13 10:00:00,5.814,5.822,5.78,5.781,36919954,213926520.13
2025-06-13 10:30:00,5.781,5.788,5.764,5.768,27468225,158583219.0
2025-06-13 11:00:00,5.768,5.773,5.754,5.761,18442249,106276533.57
2025-06-13 11:30:00,5.762,5.774,5.759,5.771,10115231,58344652.41
2025-06-13 13:30:00,5.771,5.775,5.756,5.774,9791474,56480485.86
2025-06-13 14:00:00,5.774,5.786,5.768,5.778,8951006,51712945.33
2025-06-13 14:30:00,5.779,5.788,5.771,5.774,17643191,101936476.53
2025-06-13 15:00:00,5.774,5.778,5.766,5.773,30358945,175241950.19
2025-06-16 10:00:00,5.755,5.812,5.755,5.805,56950466,329781165.12
2025-06-16 10:30:00,5.807,5.81,5.798,5.806,27274893,158321662.23
2025-06-16 11:00:00,5.806,5.808,5.791,5.798,11244234,65205312.97
2025-06-16 11:30:00,5.798,5.799,5.788,5.788,16189420,93763724.17
2025-06-16 13:30:00,5.788,5.797,5.785,5.796,10414576,60328167.24
2025-06-16 14:00:00,5.796,5.796,5.788,5.794,10913071,63215782.61
2025-06-16 14:30:00,5.795,5.803,5.793,5.798,13847766,80289347.27
2025-06-16 15:00:00,5.799,5.807,5.796,5.798,33367669,193543602.76
2025-06-17 10:00:00,5.802,5.808,5.78,5.799,52051592,301673676.7
2025-06-17 10:30:00,5.799,5.801,5.776,5.776,11053466,63936931.83
2025-06-17 11:00:00,5.775,5.782,5.769,5.774,45833131,264686331.52
2025-06-17 11:30:00,5.774,5.784,5.772,5.78,4960912,28667456.81
2025-06-17 13:30:00,5.781,5.784,5.772,5.783,41767820,241404076.99
2025-06-17 14:00:00,5.784,5.789,5.772,5.773,25907878,149695719.08
2025-06-17 14:30:00,5.773,5.775,5.769,5.773,11983400,69172179.27
2025-06-17 15:00:00,5.773,5.786,5.77,5.785,29948485,173112226.13
2025-06-18 10:00:00,5.786,5.79,5.759,5.763,29930266,172717588.33
2025-06-18 10:30:00,5.763,5.763,5.746,5.754,19141709,110147774.16
2025-06-18 11:00:00,5.753,5.76,5.74,5.744,25617143,147247337.96
2025-06-18 11:30:00,5.745,5.756,5.744,5.748,7538951,43343942.28
2025-06-18 13:30:00,5.748,5.782,5.747,5.776,20957105,120887567.34
2025-06-18 14:00:00,5.777,5.782,5.771,5.774,16783470,96935728.23
2025-06-18 14:30:00,5.774,5.781,5.77,5.777,13751605,79429270.48
2025-06-18 15:00:00,5.777,5.778,5.771,5.776,16412588,94782695.7
2025-06-19 10:00:00,5.763,5.785,5.76,5.764,67151647,387442619.31
2025-06-19 10:30:00,5.764,5.765,5.753,5.755,36062255,207634443.54
2025-06-19 11:00:00,5.754,5.76,5.744,5.745,14505311,83400703.15
2025-06-19 11:30:00,5.745,5.745,5.715,5.716,19969308,114330944.74
2025-06-19 13:30:00,5.716,5.724,5.71,5.722,19835914,113434980.19
2025-06-19 14:00:00,5.722,5.728,5.713,5.716,8034017,45946543.22
2025-06-19 14:30:00,5.716,5.72,5.701,5.71,12213552,69743453.1
2025-06-19 15:00:00,5.71,5.721,5.695,5.716,42500393,242705577.63
2025-06-20 10:00:00,5.713,5.729,5.702,5.704,30461350,173985077.42
2025-06-20 10:30:00,5.705,5.721,5.693,5.707,26715634,152466123.24
2025-06-20 11:00:00,5.707,5.713,5.7,5.703,18377412,104849261.26
2025-06-20 11:30:00,5.703,5.707,5.697,5.7,8800138,50172520.12
2025-06-20 13:30:00,5.702,5.706,5.692,5.697,20272700,115520602.17
2025-06-20 14:00:00,5.698,5.701,5.691,5.692,16524215,94099896.35
2025-06-20 14:30:00,5.692,5.692,5.682,5.686,63225127,359540222.21
2025-06-20 15:00:00,5.686,5.688,5.678,5.678,139267390,791224465.05
2025-06-23 10:00:00,5.668,5.7,5.661,5.696,49033912,278790478.99
2025-06-23 10:30:00,5.695,5.7,5.677,5.683,16213726,92202055.19
2025-06-23 11:00:00,5.684,5.695,5.679,5.685,13448641,76473455.61
2025-06-23 11:30:00,5.685,5.691,5.681,5.681,7102177,40371141.46
2025-06-23 13:30:00,5.683,5.694,5.68,5.692,4035543,22956858.95
2025-06-23 14:00:00,5.693,5.713,5.691,5.706,21822156,124459029.72
2025-06-23 14:30:00,5.707,5.724,5.705,5.719,26129746,149357628.14
2025-06-23 15:00:00,5.72,5.726,5.711,5.713,53995534,308674469.37
2025-06-24 10:00:00,5.723,5.773,5.723,5.772,68860836,396362972.02
2025-06-24 10:30:00,5.772,5.807,5.772,5.802,109414936,633913667.54
2025-06-24 11:00:00,5.802,5.808,5.783,5.785,40969277,237294052.38
2025-06-24 11:30:00,5.786,5.797,5.784,5.794,22702772,131486887.83
2025-06-24 13:30:00,5.794,5.808,5.789,5.795,15489262,89796414.9
2025-06-24 14:00:00,5.796,5.801,5.792,5.795,21480190,124499181.24
2025-06-24 14:30:00,5.795,5.8,5.788,5.8,25076248,145341933.41
2025-06-24 15:00:00,5.8,5.805,5.797,5.804,80293864,465864998.93
2025-06-25 10:00:00,5.812,5.853,5.808,5.847,53886724,314482921.26
2025-06-25 10:30:00,5.848,5.851,5.822,5.828,23924105,139565253.87
2025-06-25 11:00:00,5.827,5.837,5.824,5.836,15360499,89587550.33
2025-06-25 11:30:00,5.835,5.85,5.829,5.849,38668650,225928032.4
2025-06-25 13:30:00,5.85,5.866,5.843,5.863,89757777,525741219.15
2025-06-25 14:00:00,5.862,5.876,5.852,5.87,27887762,163589611.89
2025-06-25 14:30:00,5.871,5.919,5.87,5.912,73281356,432384427.52
2025-06-25 15:00:00,5.913,5.917,5.898,5.91,49693223,293604125.89
2025-06-26 10:00:00,5.905,5.924,5.887,5.915,56157653,331816852.36
2025-06-26 10:30:00,5.915,5.92,5.899,5.899,35318255,208589614.03
2025-06-26 11:00:00,5.9,5.915,5.895,5.915,26310899,155453561.59
2025-06-26 11:30:00,5.915,5.926,5.911,5.919,22350553,132285473.02
2025-06-26 13:30:00,5.92,5.925,5.902,5.912,38261268,226238877.68
2025-06-26 14:00:00,5.911,5.913,5.886,5.891,19432677,114588018.71
2025-06-26 14:30:00,5.891,5.902,5.885,5.895,17237369,101597052.89
2025-06-26 15:00:00,5.896,5.896,5.887,5.888,19327627,113846165.57
2025-06-27 10:00:00,5.894,5.934,5.885,5.922,43917284,259712178.48
2025-06-27 10:30:00,5.923,5.958,5.921,5.934,21228412,126047234.32
2025-06-27 11:00:00,5.935,5.946,5.923,5.943,22310761,132466424.98
2025-06-27 11:30:00,5.943,5.944,5.929,5.936,30968204,183837581.68
2025-06-27 13:30:00,5.936,5.942,5.923,5.927,31004565,183877740.16
2025-06-27 14:00:00,5.927,5.936,5.905,5.914,14839214,87823414.86
2025-06-27 14:30:00,5.915,5.921,5.906,5.915,11335867,67040317.44
2025-06-27 15:00:00,5.915,5.92,5.906,5.912,47336411,279884419.44
2025-06-30 10:00:00,5.917,5.945,5.916,5.942,46408601,275404107.87
2025-06-30 10:30:00,5.942,5.956,5.925,5.952,24817430,147523076.4
2025-06-30 11:00:00,5.953,5.959,5.945,5.945,30032619,178684072.18
2025-06-30 11:30:00,5.947,5.948,5.937,5.947,12254597,72841324.57
2025-06-30 13:30:00,5.945,5.961,5.94,5.96,14645918,87196913.8
2025-06-30 14:00:00,5.959,5.96,5.94,5.948,15008928,89293115.65
2025-06-30 14:30:00,5.949,5.959,5.947,5.959,22159887,131962127.08
2025-06-30 15:00:00,5.959,5.968,5.955,5.963,79169375,472007813.75
2025-07-01 10:00:00,5.95,5.959,5.94,5.956,44438810,264484984.18
2025-07-01 10:30:00,5.956,5.964,5.951,5.963,20386901,121492338.69
2025-07-01 11:00:00,5.964,5.965,5.951,5.953,9064597,53991761.26
2025-07-01 11:30:00,5.953,5.957,5.934,5.952,12374492,73599353.59
2025-07-01 13:30:00,5.952,5.978,5.949,5.972,10719382,63955406.14
2025-07-01 14:00:00,5.972,5.982,5.968,5.981,10419380,62276634.26
2025-07-01 14:30:00,5.981,5.983,5.974,5.977,6531614,39045988.49
2025-07-01 15:00:00,5.977,5.984,5.969,5.979,24300940,145254818.69
2025-07-02 10:00:00,5.961,5.966,5.935,5.957,38441301,228828251.09
2025-07-02 10:30:00,5.957,5.962,5.947,5.954,7316094,43562462.37
2025-07-02 11:00:00,5.955,5.962,5.941,5.951,10787341,64199062.07
2025-07-02 11:30:00,5.951,5.96,5.947,5.954,3608040,21481067.48
2025-07-02 13:30:00,5.953,5.955,5.942,5.945,7309931,43474596.3
2025-07-02 14:00:00,5.945,5.948,5.935,5.936,9432640,56026737.39
2025-07-02 14:30:00,5.936,5.94,5.929,5.938,12582975,74688345.27
2025-07-02 15:00:00,5.938,5.95,5.937,5.949,40267167,239401730.2
2025-07-03 10:00:00,5.947,5.974,5.942,5.954,33174402,197608854.58
2025-07-03 10:30:00,5.956,5.964,5.935,5.943,11075078,65867180.56
2025-07-03 11:00:00,5.943,5.95,5.936,5.936,8989584,53404122.02
2025-07-03 11:30:00,5.936,5.958,5.935,5.954,9683306,57605987.39
2025-07-03 13:30:00,5.953,5.96,5.949,5.96,14233081,84776974.8
2025-07-03 14:00:00,5.96,5.977,5.959,5.975,15866400,94727696.8
2025-07-03 14:30:00,5.974,5.978,5.965,5.971,9091358,54287529.07
2025-07-03 15:00:00,5.972,5.975,5.965,5.97,17642600,105326322.0
2025-07-04 10:00:00,5.958,5.968,5.95,5.955,25603445,152536790.83
2025-07-04 10:30:00,5.955,5.956,5.94,5.95,11522417,68543017.93
2025-07-04 11:00:00,5.952,5.971,5.945,5.958,22429507,133635002.71
2025-07-04 11:30:00,5.957,5.976,5.954,5.976,14496209,86523039.45
2025-07-04 13:30:00,5.977,6.025,5.973,6.015,27208480,163368783.41
2025-07-04 14:00:00,6.015,6.02,5.985,5.991,14891013,89326223.32
2025-07-04 14:30:00,5.991,5.992,5.958,5.96,18824687,112383381.39
2025-07-04 15:00:00,5.961,5.969,5.956,5.961,27642003,164801621.89
2025-07-07 10:00:00,5.957,5.966,5.942,5.942,14199719,84488328.05
2025-07-07 10:30:00,5.942,5.957,5.941,5.955,15583757,92738937.91
2025-07-07 11:00:00,5.955,5.959,5.947,5.95,9904492,58951536.38
2025-07-07 11:30:00,5.95,5.953,5.943,5.95,8876866,52805516.88
2025-07-07 13:30:00,5.95,5.951,5.941,5.949,5989359,35618717.97
2025-07-07 14:00:00,5.951,5.962,5.949,5.955,8738517,52040781.57
2025-07-07 14:30:00,5.955,5.957,5.949,5.951,4461880,26558597.05
2025-07-07 15:00:00,5.951,5.953,5.947,5.95,10949220,65147859.0
2025-07-08 10:00:00,5.951,6.01,5.948,6.003,44798373,268207859.15
2025-07-08 10:30:00,6.003,6.005,5.986,5.997,13129904,78726904.38
2025-07-08 11:00:00,5.997,6.004,5.989,6.0,12269980,73591250.05
2025-07-08 11:30:00,6.0,6.03,6.0,6.025,33150526,199510915.64
2025-07-08 13:30:00,6.025,6.034,6.015,6.019,17681668,106490792.47
2025-07-08 14:00:00,6.019,6.038,6.018,6.036,16580627,99992234.56
2025-07-08 14:30:00,6.036,6.038,6.024,6.037,7586353,45768467.65
2025-07-08 15:00:00,6.037,6.039,6.026,6.033,22287598,134453649.53
2025-07-09 10:00:00,6.032,6.044,6.025,6.032,54107301,326465418.47
2025-07-09 10:30:00,6.033,6.044,6.029,6.041,17057109,102990824.14
2025-07-09 11:00:00,6.041,6.042,6.025,6.025,9256102,55820465.79
2025-07-09 11:30:00,6.025,6.029,6.017,6.023,9346989,56296914.75
2025-07-09 13:30:00,6.023,6.036,6.022,6.03,16482793,99380253.26
2025-07-09 14:00:00,6.03,6.034,6.024,6.032,3707646,22357105.38
2025-07-09 14:30:00,6.031,6.032,6.015,6.018,14749544,88816837.45
2025-07-09 15:00:00,6.018,6.02,6.0,6.003,28488497,171149393.81
2025-07-10 10:00:00,6.005,6.02,5.997,6.015,29939039,179953583.75
2025-07-10 10:30:00,6.015,6.02,6.008,6.02,9147991,55034313.86
2025-07-10 11:00:00,6.021,6.024,5.999,6.008,8547555,51373654.73
2025-07-10 11:30:00,6.008,6.013,6.003,6.012,7373819,44311736.31
2025-07-10 13:30:00,6.012,6.034,6.012,6.027,11556019,69617310.46
2025-07-10 14:00:00,6.027,6.035,6.025,6.034,8440356,50906600.49
2025-07-10 14:30:00,6.034,6.061,6.032,6.039,26204538,158380227.67
2025-07-10 15:00:00,6.04,6.041,6.032,6.038,29114982,175767146.33
2025-07-11 10:00:00,6.035,6.056,6.017,6.054,32601038,196986338.61
2025-07-11 10:30:00,6.055,6.087,6.048,6.079,27902545,169405651.54
2025-07-11 11:00:00,6.079,6.093,6.067,6.071,20405276,124002862.25
2025-07-11 11:30:00,6.072,6.113,6.068,6.112,30444878,185642717.75
2025-07-11 13:30:00,6.112,6.125,6.099,6.106,50166574,306517767.14
2025-07-11 14:00:00,6.107,6.123,6.103,6.106,23708201,144872913.58
2025-07-11 14:30:00,6.107,6.111,6.1,6.107,19540516,119314390.7
2025-07-11 15:00:00,6.107,6.11,6.072,6.097,44349456,270221235.41
2025-07-14 10:00:00,6.088,6.099,6.081,6.091,40697464,247861121.58
2025-07-14 10:30:00,6.093,6.096,6.082,6.084,14308407,87100042.88
2025-07-14 11:00:00,6.084,6.089,6.078,6.08,6972544,42409336.79
2025-07-14 11:30:00,6.081,6.083,6.074,6.075,6177715,37544033.29
2025-07-14 13:30:00,6.075,6.087,6.07,6.086,7220673,43908912.51
2025-07-14 14:00:00,6.086,6.089,6.081,6.087,5300181,32255134.84
2025-07-14 14:30:00,6.087,6.093,6.086,6.09,7004598,42655666.95
2025-07-14 15:00:00,6.09,6.091,6.077,6.079,29170418,177424205.75
2025-07-15 10:00:00,6.066,6.111,6.066,6.094,25593072,155870339.5
2025-07-15 10:30:00,6.096,6.101,6.054,6.07,18523023,112527364.72
2025-07-15 11:00:00,6.07,6.085,6.066,6.068,8859343,53802790.04
2025-07-15 11:30:00,6.068,6.07,6.029,6.033,40714015,246075506.66
2025-07-15 13:30:00,6.034,6.058,6.032,6.049,17984297,108739054.43
2025-07-15 14:00:00,6.049,6.058,6.049,6.056,9043929,54754960.81
2025-07-15 14:30:00,6.055,6.08,6.055,6.08,13648419,82868650.69
2025-07-15 15:00:00,6.08,6.084,6.071,6.077,23898823,145241113.65
2025-07-16 10:00:00,6.074,6.128,6.071,6.124,54988554,335851758.31
2025-07-16 10:30:00,6.124,6.125,6.087,6.093,23263547,141946409.28
2025-07-16 11:00:00,6.094,6.096,6.079,6.085,9364598,56999186.49
2025-07-16 11:30:00,6.086,6.094,6.082,6.088,11856759,72183948.79
2025-07-16 13:30:00,6.091,6.091,6.077,6.084,9335450,56796877.8
2025-07-16 14:00:00,6.084,6.085,6.055,6.081,9267623,56288452.89
2025-07-16 14:30:00,6.079,6.093,6.069,6.078,9106884,55369854.72
2025-07-16 15:00:00,6.079,6.081,6.074,6.076,36954439,224572125.8
2025-07-17 10:00:00,6.075,6.108,6.069,6.107,25208517,153637508.28
2025-07-17 10:30:00,6.108,6.119,6.094,6.101,15300899,93406888.1
2025-07-17 11:00:00,6.102,6.112,6.098,6.111,7061957,43127371.4
2025-07-17 11:30:00,6.111,6.122,6.099,6.119,10965837,67037816.86
2025-07-17 13:30:00,6.119,6.128,6.114,6.127,9778841,59875843.44
2025-07-17 14:00:00,6.127,6.144,6.122,6.137,11492920,70501402.25
2025-07-17 14:30:00,6.137,6.148,6.133,6.139,13409276,82332954.64
2025-07-17 15:00:00,6.139,6.148,6.136,6.147,24888541,152906899.72
2025-07-18 10:00:00,6.148,6.183,6.147,6.157,80532831,496270148.9
2025-07-18 10:30:00,6.16,6.166,6.145,6.159,19383532,119337945.35
2025-07-18 11:00:00,6.16,6.17,6.155,6.161,9013438,55540804.96
2025-07-18 11:30:00,6.162,6.168,6.151,6.156,7816467,48136409.27
2025-07-18 13:30:00,6.156,6.158,6.138,6.146,10077536,61949972.97
2025-07-18 14:00:00,6.147,6.151,6.135,6.139,10125747,62188962.82
2025-07-18 14:30:00,6.139,6.154,6.138,6.148,6658362,40926731.76
2025-07-18 15:00:00,6.148,6.169,6.146,6.166,17216726,106060771.07
2025-07-21 10:00:00,6.171,6.216,6.17,6.208,59501979,368793265.84
2025-07-21 10:30:00,6.208,6.223,6.201,6.211,31705700,196945239.83
2025-07-21 11:00:00,6.211,6.223,6.207,6.209,41751270,259400640.51
2025-07-21 11:30:00,6.209,6.211,6.188,6.204,10137789,62864429.59
2025-07-21 13:30:00,6.202,6.21,6.191,6.206,18561540,115124858.26
2025-07-21 14:00:00,6.207,6.221,6.206,6.21,19878384,123491147.54
2025-07-21 14:30:00,6.21,6.226,6.21,6.224,20272973,126097892.06
2025-07-21 15:00:00,6.225,6.228,6.22,6.228,53201386,331196361.65
2025-07-22 10:00:00,6.229,6.243,6.223,6.238,61847150,385596364.53
2025-07-22 10:30:00,6.238,6.241,6.218,6.225,23345623,145396540.04
2025-07-22 11:00:00,6.224,6.257,6.22,6.255,23732703,148186997.53
2025-07-22 11:30:00,6.255,6.271,6.246,6.27,13907656,87094377.76
2025-07-22 13:30:00,6.27,6.29,6.255,6.279,26097363,163752253.7
2025-07-22 14:00:00,6.279,6.286,6.262,6.262,8827470,55348236.9
2025-07-22 14:30:00,6.262,6.278,6.252,6.277,24914770,156190693.13
2025-07-22 15:00:00,6.278,6.295,6.277,6.291,41106007,258460870.01
2025-07-23 10:00:00,6.295,6.315,6.271,6.306,68230869,429672525.72
2025-07-23 10:30:00,6.306,6.315,6.287,6.297,35738328,225139553.62
2025-07-23 11:00:00,6.297,6.302,6.288,6.292,12855871,80914852.07
2025-07-23 11:30:00,6.292,6.319,6.288,6.319,38134875,240580214.75
2025-07-23 13:30:00,6.32,6.334,6.313,6.325,24356003,154027362.97
2025-07-23 14:00:00,6.325,6.325,6.302,6.304,33816428,213392932.82
2025-07-23 14:30:00,6.305,6.31,6.259,6.279,31892026,200366968.68
2025-07-23 15:00:00,6.279,6.287,6.258,6.267,35278329,221218641.72
2025-07-24 10:00:00,6.258,6.311,6.257,6.308,51217256,322258974.75
2025-07-24 10:30:00,6.308,6.318,6.297,6.305,19875854,125350385.89
2025-07-24 11:00:00,6.307,6.329,6.304,6.327,23171556,146444233.92
2025-07-24 11:30:00,6.327,6.334,6.308,6.329,16535537,104565224.14
2025-07-24 13:30:00,6.33,6.347,6.329,6.345,22313713,141476378.32
2025-07-24 14:00:00,6.346,6.349,6.319,6.33,16964020,107427483.99
2025-07-24 14:30:00,6.331,6.353,6.331,6.349,16483905,104579387.96
2025-07-24 15:00:00,6.349,6.368,6.349,6.363,40475206,257422310.16
2025-07-25 10:00:00,6.367,6.377,6.349,6.369,158833797,1010977117.9
2025-07-25 10:30:00,6.369,6.374,6.352,6.361,32788335,208610316.71
2025-07-25 11:00:00,6.362,6.375,6.339,6.348,22526457,143133107.78
2025-07-25 11:30:00,6.347,6.361,6.341,6.352,18536018,117728428.99
2025-07-25 13:30:00,6.351,6.365,6.347,6.36,20942506,133138491.48
2025-07-25 14:00:00,6.36,6.366,6.352,6.364,14259248,90698323.45
2025-07-25 14:30:00,6.366,6.371,6.347,6.358,19787696,125823362.97
2025-07-25 15:00:00,6.358,6.371,6.358,6.363,29895154,190252760.06
2025-07-28 10:00:00,6.365,6.385,6.336,6.381,63640179,405218233.09
2025-07-28 10:30:00,6.381,6.396,6.373,6.389,23631945,150913600.77
2025-07-28 11:00:00,6.39,6.403,6.387,6.394,15238372,97444309.48
2025-07-28 11:30:00,6.395,6.399,6.359,6.361,15982422,101855975.41
2025-07-28 13:30:00,6.36,6.39,6.356,6.384,9670981,61668622.18
2025-07-28 14:00:00,6.383,6.393,6.372,6.388,14517641,92685459.36
2025-07-28 14:30:00,6.388,6.392,6.37,6.379,16318840,104119638.81
2025-07-28 15:00:00,6.379,6.392,6.378,6.391,42756834,273087898.76
2025-07-29 10:00:00,6.375,6.381,6.342,6.343,39577559,251528579.96
2025-07-29 10:30:00,6.343,6.367,6.335,6.361,42025896,267046551.82
2025-07-29 11:00:00,6.361,6.373,6.352,6.372,27274599,173621005.7
2025-07-29 11:30:00,6.373,6.391,6.367,6.377,14989797,95609921.86
2025-07-29 13:30:00,6.377,6.391,6.37,6.375,20352953,129824702.87
2025-07-29 14:00:00,6.375,6.385,6.373,6.382,22693403,144783911.14
2025-07-29 14:30:00,6.382,6.412,6.382,6.407,28523554,182560253.45
2025-07-29 15:00:00,6.41,6.432,6.407,6.432,17755186,114053396.47
2025-07-30 10:00:00,6.408,6.434,6.396,6.423,56212237,360751399.65
2025-07-30 10:30:00,6.423,6.435,6.409,6.424,15001329,96348535.72
2025-07-30 11:00:00,6.424,6.441,6.422,6.433,27332212,175800787.58
2025-07-30 11:30:00,6.433,6.44,6.42,6.422,13564336,87182508.92
2025-07-30 13:30:00,6.421,6.43,6.41,6.415,13701702,87942090.67
2025-07-30 14:00:00,6.415,6.421,6.356,6.369,16566970,105730402.54
2025-07-30 14:30:00,6.37,6.4,6.34,6.397,33146176,211439456.7
2025-07-30 15:00:00,6.398,6.405,6.383,6.39,13399663,85659579.0
2025-07-31 10:00:00,6.362,6.389,6.36,6.36,46224205,294432777.78
2025-07-31 10:30:00,6.361,6.37,6.336,6.34,28570795,181386453.86
2025-07-31 11:00:00,6.34,6.358,6.325,6.357,21864924,138769384.32
2025-07-31 11:30:00,6.358,6.36,6.341,6.353,15198614,96531463.72
2025-07-31 13:30:00,6.356,6.362,6.328,6.329,10017504,63507636.19
2025-07-31 14:00:00,6.329,6.34,6.309,6.339,15034275,95156937.9
2025-07-31 14:30:00,6.34,6.34,6.291,6.292,26022007,164138146.15
2025-07-31 15:00:00,6.292,6.302,6.273,6.3,35668600,224414941.67
2025-08-01 10:00:00,6.28,6.32,6.275,6.313,38306289,241431770.8
2025-08-01 10:30:00,6.313,6.327,6.311,6.323,15086502,95351721.47
2025-08-01 11:00:00,6.323,6.328,6.282,6.286,18020593,113505708.44
2025-08-01 11:30:00,6.287,6.296,6.281,6.282,5518527,34691300.23
2025-08-01 13:30:00,6.282,6.289,6.263,6.264,16726546,104908896.51
2025-08-01 14:00:00,6.264,6.28,6.25,6.271,12977291,81328682.7
2025-08-01 14:30:00,6.271,6.29,6.265,6.283,17367770,109058017.09
2025-08-01 15:00:00,6.283,6.29,6.274,6.288,34192080,214863030.72
2025-08-04 10:00:00,6.259,6.285,6.252,6.283,23586038,147963078.39
2025-08-04 10:30:00,6.283,6.295,6.273,6.29,10253669,64454563.33
2025-08-04 11:00:00,6.289,6.293,6.277,6.278,12273905,77112853.81
2025-08-04 11:30:00,6.278,6.292,6.275,6.28,8204234,51541732.73
2025-08-04 13:30:00,6.279,6.3,6.278,6.299,10126476,63719162.48
2025-08-04 14:00:00,6.298,6.3,6.292,6.297,6262860,39433054.18
2025-08-04 14:30:00,6.298,6.333,6.297,6.332,15088365,95368525.71
2025-08-04 15:00:00,6.332,6.336,6.326,6.336,18575128,117630093.91
2025-08-05 10:00:00,6.338,6.361,6.338,6.352,41550638,263860401.51
2025-08-05 10:30:00,6.352,6.366,6.346,6.349,17399245,110549002.98
2025-08-05 11:00:00,6.35,6.353,6.342,6.349,17337290,110057116.92
2025-08-05 11:30:00,6.349,6.353,6.338,6.349,7071604,44881113.39
2025-08-05 13:30:00,6.35,6.36,6.345,6.355,8119301,51584625.69
2025-08-05 14:00:00,6.355,6.365,6.35,6.358,6126591,38950823.38
2025-08-05 14:30:00,6.359,6.371,6.358,6.371,7908967,50353756.57
2025-08-05 15:00:00,6.371,6.378,6.365,6.377,15158848,96612391.25
2025-08-06 10:00:00,6.346,6.39,6.346,6.386,26312867,167718214.26
2025-08-06 10:30:00,6.386,6.396,6.38,6.38,10082965,64383092.51
2025-08-06 11:00:00,6.38,6.408,6.375,6.406,10044665,64249025.56
2025-08-06 11:30:00,6.407,6.419,6.396,6.418,28123794,180301643.33
2025-08-06 13:30:00,6.417,6.418,6.403,6.403,19353516,124017330.53
2025-08-06 14:00:00,6.403,6.428,6.401,6.42,21408095,137361473.55
2025-08-06 14:30:00,6.421,6.434,6.42,6.43,35687481,229399127.87
2025-08-06 15:00:00,6.43,6.432,6.426,6.428,20963127,134764955.77
2025-08-07 10:00:00,6.428,6.443,6.417,6.423,28724091,184628882.25
2025-08-07 10:30:00,6.423,6.423,6.37,6.37,33466816,213774865.0
2025-08-07 11:00:00,6.371,6.388,6.366,6.379,20532701,130950722.74
2025-08-07 11:30:00,6.379,6.409,6.366,6.408,11933924,76309488.03
2025-08-07 13:30:00,6.407,6.415,6.394,6.394,10611621,67924986.02
2025-08-07 14:00:00,6.394,6.408,6.394,6.403,16042744,102700299.51
2025-08-07 14:30:00,6.403,6.415,6.392,6.402,7393725,47342021.18
2025-08-07 15:00:00,6.402,6.413,6.401,6.41,33022757,211609826.86
2025-08-08 10:00:00,6.379,6.398,6.375,6.38,35178044,224588358.91
2025-08-08 10:30:00,6.381,6.405,6.378,6.397,9892169,63243933.81
2025-08-08 11:00:00,6.397,6.422,6.396,6.419,18056625,115785098.37
2025-08-08 11:30:00,6.419,6.42,6.402,6.416,6324383,40556160.05
2025-08-08 13:30:00,6.418,6.42,6.39,6.393,7721032,49422325.83
2025-08-08 14:00:00,6.393,6.408,6.39,6.393,5166513,33050183.66
2025-08-08 14:30:00,6.394,6.408,6.393,6.4,8698268,55671814.62
2025-08-08 15:00:00,6.401,6.405,6.394,6.395,12566484,80400364.63
2025-08-11 10:00:00,6.403,6.452,6.403,6.444,32379182,208295277.81
2025-08-11 10:30:00,6.445,6.465,6.433,6.446,26910752,173520528.9
2025-08-11 11:00:00,6.446,6.46,6.442,6.458,27858218,179778366.83
2025-08-11 11:30:00,6.458,6.481,6.456,6.476,17674226,114369916.45
2025-08-11 13:30:00,6.477,6.484,6.466,6.474,15125015,97929430.45
2025-08-11 14:00:00,6.473,6.479,6.47,6.476,5725248,37070980.8
2025-08-11 14:30:00,6.477,6.482,6.452,6.465,10283022,66493447.93
2025-08-11 15:00:00,6.465,6.469,6.455,6.465,31273112,202118122.86
2025-08-12 10:00:00,6.466,6.468,6.441,6.465,20938754,135222473.33
2025-08-12 10:30:00,6.466,6.478,6.458,6.459,20389274,131816656.41
2025-08-12 11:00:00,6.459,6.467,6.439,6.443,13574995,87554192.75
2025-08-12 11:30:00,6.442,6.475,6.441,6.475,6953640,44946011.08
2025-08-12 13:30:00,6.474,6.488,6.473,6.48,10317035,66857825.81
2025-08-12 14:00:00,6.48,6.488,6.474,6.485,5737582,37192919.05
2025-08-12 14:30:00,6.485,6.495,6.48,6.494,11387399,73900423.71
2025-08-12 15:00:00,6.495,6.498,6.486,6.496,17233119,111900386.04
2025-08-13 10:00:00,6.506,6.538,6.5,6.524,53666384,349940601.27
2025-08-13 10:30:00,6.524,6.529,6.507,6.521,22133730,144289785.87
2025-08-13 11:00:00,6.522,6.549,6.519,6.544,16233210,106121904.84
2025-08-13 11:30:00,6.544,6.577,6.532,6.574,16360974,107344350.41
2025-08-13 13:30:00,6.574,6.587,6.569,6.571,15417306,101379065.15
2025-08-13 14:00:00,6.571,6.587,6.571,6.582,13169629,86656158.82
2025-08-13 14:30:00,6.583,6.596,6.558,6.566,21501259,141334942.49
2025-08-13 15:00:00,6.567,6.586,6.563,6.583,20788050,136729934.2
2025-08-14 10:00:00,6.561,6.595,6.561,6.571,41122493,270407806.47
2025-08-14 10:30:00,6.572,6.59,6.569,6.589,11001128,72416758.58
2025-08-14 11:00:00,6.589,6.597,6.558,6.568,16919128,111231987.18
2025-08-14 11:30:00,6.568,6.579,6.553,6.553,12625380,82843535.1
2025-08-14 13:30:00,6.552,6.553,6.489,6.512,41156797,268260002.85
2025-08-14 14:00:00,6.512,6.536,6.504,6.527,17173433,112010854.5
2025-08-14 14:30:00,6.527,6.549,6.526,6.54,11321483,74023629.68
2025-08-14 15:00:00,6.541,6.546,6.509,6.514,72577070,473420227.61
2025-08-15 10:00:00,6.501,6.582,6.494,6.576,58667580,384311760.72
2025-08-15 10:30:00,6.576,6.603,6.563,6.583,25731471,169390273.59
2025-08-15 11:00:00,6.584,6.612,6.582,6.604,19062146,125797455.5
2025-08-15 11:30:00,6.604,6.624,6.586,6.624,14430514,95404938.23
2025-08-15 13:30:00,6.622,6.66,6.622,6.656,37323585,248052545.91
2025-08-15 14:00:00,6.657,6.663,6.645,6.652,18139156,120685851.25
2025-08-15 14:30:00,6.654,6.66,6.629,6.64,16457960,109330228.28
2025-08-15 15:00:00,6.64,6.66,6.637,6.66,39304290,261465238.51
2025-08-18 10:00:00,6.688,6.712,6.658,6.706,55495811,371377967.21
2025-08-18 10:30:00,6.706,6.74,6.703,6.74,31455608,211622845.42
2025-08-18 11:00:00,6.738,6.769,6.737,6.767,52884397,357375126.79
2025-08-18 11:30:00,6.767,6.797,6.752,6.79,97959448,664132404.29
2025-08-18 13:30:00,6.79,6.801,6.756,6.765,30332832,205474603.97
2025-08-18 14:00:00,6.764,6.778,6.744,6.752,26451691,178760527.78
2025-08-18 14:30:00,6.752,6.761,6.709,6.723,50513324,340005183.84
2025-08-18 15:00:00,6.723,6.751,6.723,6.751,73590235,496120834.29
2025-08-19 10:00:00,6.748,6.779,6.733,6.754,47432942,320425334.19
2025-08-19 10:30:00,6.755,6.757,6.716,6.744,44680656,301102940.78
2025-08-19 11:00:00,6.746,6.762,6.741,6.746,31765101,214403843.38
2025-08-19 11:30:00,6.748,6.779,6.746,6.768,32501832,219853225.59
2025-08-19 13:30:00,6.768,6.786,6.761,6.767,32778141,221951718.76
2025-08-19 14:00:00,6.767,6.768,6.727,6.729,17113398,115367120.38
2025-08-19 14:30:00,6.729,6.75,6.711,6.726,46132538,310425848.2
2025-08-19 15:00:00,6.726,6.74,6.726,6.734,62360884,419896618.93
2025-08-20 10:00:00,6.714,6.739,6.667,6.735,63115435,423735992.11
2025-08-20 10:30:00,6.736,6.737,6.71,6.731,38987810,262232010.06
2025-08-20 11:00:00,6.731,6.748,6.717,6.717,40920128,275283341.1
2025-08-20 11:30:00,6.717,6.72,6.675,6.7,28573336,191393728.97
2025-08-20 13:30:00,6.699,6.716,6.688,6.715,17447002,117005411.08
2025-08-20 14:00:00,6.715,6.755,6.713,6.754,10828797,72993310.98
2025-08-20 14:30:00,6.755,6.798,6.753,6.797,31666888,214785945.67
2025-08-20 15:00:00,6.797,6.826,6.79,6.825,106120625,723070565.21
2025-08-21 10:00:00,6.836,6.856,6.779,6.783,53360422,363171032.13
2025-08-21 10:30:00,6.784,6.817,6.779,6.81,57522534,391268276.27
2025-08-21 11:00:00,6.811,6.837,6.806,6.829,21798432,148752499.97
2025-08-21 11:30:00,6.829,6.833,6.793,6.816,27223658,185502005.61
2025-08-21 13:30:00,6.816,6.836,6.814,6.822,10393896,70927946.3
2025-08-21 14:00:00,6.822,6.828,6.796,6.802,7994246,54430156.27
2025-08-21 14:30:00,6.802,6.807,6.766,6.784,19655756,133377408.3
2025-08-21 15:00:00,6.784,6.79,6.759,6.788,100381652,680487218.91
2025-08-22 10:00:00,6.785,6.847,6.785,6.833,164387014,1121393413.84
2025-08-22 10:30:00,6.836,6.837,6.804,6.824,35739638,243803897.22
2025-08-22 11:00:00,6.825,6.869,6.824,6.856,43253773,296273927.13
2025-08-22 11:30:00,6.856,6.869,6.835,6.858,22152991,151836600.31
2025-08-22 13:30:00,6.859,6.875,6.846,6.861,13698201,93978790.99
2025-08-22 14:00:00,6.861,6.88,6.854,6.869,31915422,219184479.82
2025-08-22 14:30:00,6.87,6.905,6.869,6.905,259952386,1791851796.7
2025-08-22 15:00:00,6.905,6.921,6.895,6.92,272679076,1884757773.31
2025-08-25 10:00:00,6.962,7.01,6.953,7.003,86731738,606139206.3
2025-08-25 10:30:00,7.004,7.042,7.0,7.038,132728987,932642348.65
2025-08-25 11:00:00,7.038,7.055,7.017,7.055,95097312,669706970.21
2025-08-25 11:30:00,7.055,7.065,6.975,6.996,69788270,489355349.24
2025-08-25 13:30:00,6.995,6.996,6.944,6.953,232528996,1619409437.81
2025-08-25 14:00:00,6.953,6.99,6.944,6.978,103754645,723239045.41
2025-08-25 14:30:00,6.978,7.049,6.965,7.049,50510017,354630829.36
2025-08-25 15:00:00,7.049,7.056,7.015,7.038,110346809,776436930.39
2025-08-26 10:00:00,7.01,7.066,6.995,7.051,119236052,839103843.27
2025-08-26 10:30:00,7.051,7.064,7.03,7.038,89726061,632030373.68
2025-08-26 11:00:00,7.039,7.057,7.027,7.044,60948357,429238962.23
2025-08-26 11:30:00,7.044,7.089,7.034,7.085,44443371,314185004.06
2025-08-26 13:30:00,7.086,7.088,7.055,7.069,38519253,272356798.21
2025-08-26 14:00:00,7.07,7.091,7.06,7.09,28847172,204247593.48
2025-08-26 14:30:00,7.09,7.102,7.066,7.084,34905886,247273296.42
2025-08-26 15:00:00,7.084,7.085,7.028,7.046,82220271,579899571.36
2025-08-27 10:00:00,7.046,7.089,7.046,7.073,64978256,459352951.08
2025-08-27 10:30:00,7.072,7.114,7.07,7.096,32122303,227854202.61
2025-08-27 11:00:00,7.097,7.118,7.088,7.112,18099706,128616510.84
2025-08-27 11:30:00,7.115,7.159,7.112,7.153,63384559,452650264.01
2025-08-27 13:30:00,7.154,7.16,7.124,7.146,37941858,271031338.98
2025-08-27 14:00:00,7.147,7.15,7.05,7.065,43260004,306641328.35
2025-08-27 14:30:00,7.066,7.1,7.01,7.01,84715582,596397697.28
2025-08-27 15:00:00,7.011,7.049,6.944,6.954,87824943,613223027.01
2025-08-28 10:00:00,6.953,7.009,6.95,6.969,100835795,703430505.92
2025-08-28 10:30:00,6.969,7.011,6.952,7.006,35746196,249853994.64
2025-08-28 11:00:00,7.006,7.055,7.005,7.024,32086738,225505594.66
2025-08-28 11:30:00,7.024,7.029,6.95,6.977,36708657,256422205.36
2025-08-28 13:30:00,6.979,6.99,6.905,6.912,34443488,238888551.61
2025-08-28 14:00:00,6.912,6.974,6.883,6.962,35159290,243993752.84
2025-08-28 14:30:00,6.962,7.038,6.961,7.023,24806827,173829705.73
2025-08-28 15:00:00,7.023,7.108,7.022,7.098,89739245,634994897.62
2025-08-29 10:00:00,7.094,7.116,7.069,7.11,175374562,1244867099.26
2025-08-29 10:30:00,7.11,7.156,7.102,7.148,50329598,359118458.26
2025-08-29 11:00:00,7.148,7.18,7.14,7.148,35234857,252140636.69
2025-08-29 11:30:00,7.148,7.166,7.107,7.128,19893490,141913526.5
2025-08-29 13:30:00,7.127,7.159,7.105,7.105,17992200,128158440.6
2025-08-29 14:00:00,7.106,7.14,7.098,7.14,18757465,133665695.59
2025-08-29 14:30:00,7.139,7.147,7.113,7.121,9142987,65162068.35
2025-08-29 15:00:00,7.122,7.154,7.121,7.145,22736756,162340437.84
2025-09-01 10:00:00,7.161,7.188,7.124,7.138,62489417,446799331.55
2025-09-01 10:30:00,7.139,7.172,7.132,7.141,27266227,194908079.34
2025-09-01 11:00:00,7.142,7.176,7.133,7.163,12725417,91080051.27
2025-09-01 11:30:00,7.161,7.196,7.15,7.155,16111474,115470934.16
2025-09-01 13:30:00,7.155,7.18,7.149,7.176,16030555,114912361.76
2025-09-01 14:00:00,7.177,7.19,7.157,7.19,7733182,55516513.58
2025-09-01 14:30:00,7.191,7.205,7.184,7.2,25948452,186733710.08
2025-09-01 15:00:00,7.2,7.21,7.186,7.21,14776586,106420972.37
2025-09-02 10:00:00,7.175,7.19,7.117,7.123,59113014,422263963.34
2025-09-02 10:30:00,7.123,7.133,7.071,7.117,45322708,322108485.76
2025-09-02 11:00:00,7.118,7.123,7.039,7.041,26753191,189082636.26
2025-09-02 11:30:00,7.041,7.078,7.015,7.042,17654283,124374423.73
2025-09-02 13:30:00,7.042,7.061,6.995,7.008,19441262,136503580.92
2025-09-02 14:00:00,7.008,7.099,7.008,7.051,25421165,179287003.02
2025-09-02 14:30:00,7.048,7.074,7.02,7.021,11794345,83012531.56
2025-09-02 15:00:00,7.021,7.06,7.005,7.06,39619434,278986847.75
2025-09-03 10:00:00,7.062,7.084,7.028,7.041,53989854,380682460.55
2025-09-03 10:30:00,7.044,7.049,7.003,7.008,31660737,222258373.74
2025-09-03 11:00:00,7.007,7.064,6.97,7.048,41098141,288810336.19
2025-09-03 11:30:00,7.049,7.052,6.979,6.98,13725325,96127601.19
2025-09-03 13:30:00,6.98,6.999,6.97,6.985,12516969,87426856.14
2025-09-03 14:00:00,6.985,6.985,6.932,6.964,19189813,133567495.08
2025-09-03 14:30:00,6.964,7.014,6.949,6.983,12648876,88314452.23
2025-09-03 15:00:00,6.983,6.994,6.915,6.941,56165735,390351858.25
2025-09-04 10:00:00,6.946,6.994,6.921,6.921,61422631,426600646.51
2025-09-04 10:30:00,6.921,6.922,6.862,6.862,43231497,297519162.35
2025-09-04 11:00:00,6.862,6.867,6.791,6.833,59328781,405235350.49
2025-09-04 11:30:00,6.833,6.861,6.79,6.805,29277488,199633431.51
2025-09-04 13:30:00,6.803,6.858,6.79,6.809,38889629,265188380.15
2025-09-04 14:00:00,6.809,6.82,6.777,6.803,26697802,181545053.6
2025-09-04 14:30:00,6.803,6.803,6.72,6.736,29233636,197414743.91
2025-09-04 15:00:00,6.736,6.79,6.689,6.78,38815924,262123934.77
2025-09-05 10:00:00,6.779,6.847,6.758,6.846,72145362,491814932.75
2025-09-05 10:30:00,6.847,6.866,6.827,6.863,30571309,209474609.27
2025-09-05 11:00:00,6.861,6.901,6.858,6.888,49027464,337423349.74
2025-09-05 11:30:00,6.888,6.907,6.868,6.89,27389312,188666710.83
2025-09-05 13:30:00,6.89,6.907,6.88,6.907,12143786,83767835.83
2025-09-05 14:00:00,6.907,6.949,6.906,6.948,27715704,192189930.1
2025-09-05 14:30:00,6.949,6.999,6.948,6.998,45359119,316682249.15
2025-09-05 15:00:00,6.998,7.023,6.997,7.011,43393173,304200607.12
2025-09-08 10:00:00,7.011,7.051,6.992,7.047,63809801,448582901.03
2025-09-08 10:30:00,7.047,7.049,6.993,7.004,31611709,221766675.87
2025-09-08 11:00:00,7.004,7.014,6.971,7.0,38875043,271930925.79
2025-09-08 11:30:00,7.003,7.028,6.978,7.021,16697071,117029770.64
2025-09-08 13:30:00,7.021,7.035,7.011,7.018,23289534,163523581.39
2025-09-08 14:00:00,7.019,7.049,7.007,7.047,12810498,90113313.1
2025-09-08 14:30:00,7.048,7.061,7.034,7.056,17837593,125760976.51
2025-09-08 15:00:00,7.056,7.084,7.055,7.073,28100493,198689219.17
2025-09-09 10:00:00,7.051,7.073,7.012,7.073,37652760,265552365.36
2025-09-09 10:30:00,7.073,7.077,7.047,7.059,9564981,67538330.84
2025-09-09 11:00:00,7.059,7.071,7.044,7.06,10370355,73197422.38
2025-09-09 11:30:00,7.06,7.06,7.012,7.022,14661831,103092221.04
2025-09-09 13:30:00,7.023,7.029,6.981,7.0,17204958,120492055.86
2025-09-09 14:00:00,6.998,7.002,6.973,6.976,12389276,86522573.83
2025-09-09 14:30:00,6.976,7.018,6.965,6.986,19417002,135718371.65
2025-09-09 15:00:00,6.986,7.011,6.986,7.007,18328953,128327109.6
2025-09-10 10:00:00,6.994,7.063,6.992,7.037,37188110,261457205.37
2025-09-10 10:30:00,7.037,7.037,6.976,6.976,18215313,127440401.52
2025-09-10 11:00:00,6.977,6.986,6.951,6.968,15055297,104910327.93
2025-09-10 11:30:00,6.969,7.015,6.961,7.004,9760216,68256443.89
2025-09-10 13:30:00,7.004,7.03,6.995,7.021,9735738,68299447.32
2025-09-10 14:00:00,7.021,7.027,7.005,7.012,3859340,27071983.65
2025-09-10 14:30:00,7.013,7.041,7.011,7.021,9627584,67627359.21
2025-09-10 15:00:00,7.021,7.021,6.996,7.003,18130887,127037081.58
2025-09-11 10:00:00,7.0,7.023,6.957,7.02,33601322,235209254.0
2025-09-11 10:30:00,7.022,7.054,7.019,7.051,45385283,319572906.03
2025-09-11 11:00:00,7.051,7.103,7.046,7.094,41518285,293990976.09
2025-09-11 11:30:00,7.095,7.164,7.094,7.164,71363457,509582658.62
2025-09-11 13:30:00,7.163,7.178,7.138,7.159,35307915,252745824.87
2025-09-11 14:00:00,7.16,7.171,7.142,7.17,27399803,196209989.28
2025-09-11 14:30:00,7.17,7.203,7.167,7.198,59714232,429305518.59
2025-09-11 15:00:00,7.198,7.229,7.196,7.228,157428011,1136262907.39
2025-09-12 10:00:00,7.227,7.248,7.209,7.236,69652305,503655817.46
2025-09-12 10:30:00,7.237,7.283,7.231,7.279,39172885,284564894.27
2025-09-12 11:00:00,7.28,7.291,7.22,7.225,27399427,198517981.76
2025-09-12 11:30:00,7.224,7.268,7.219,7.265,21630857,156838133.82
2025-09-12 13:30:00,7.267,7.286,7.253,7.282,16242433,118142043.5
2025-09-12 14:00:00,7.282,7.301,7.272,7.278,13774230,100326899.91
2025-09-12 14:30:00,7.278,7.278,7.25,7.26,36068088,261950500.45
2025-09-12 15:00:00,7.26,7.267,7.23,7.245,35437194,256825157.32
2025-09-15 10:00:00,7.252,7.258,7.219,7.236,74768606,541150247.36
2025-09-15 10:30:00,7.237,7.241,7.209,7.235,73759839,533160702.9
2025-09-15 11:00:00,7.235,7.256,7.231,7.242,56919089,412264961.63
2025-09-15 11:30:00,7.242,7.248,7.221,7.242,41942458,303537568.55
2025-09-15 13:30:00,7.241,7.262,7.238,7.25,14576694,105681031.5
2025-09-15 14:00:00,7.248,7.257,7.238,7.253,22664716,164304081.19
2025-09-15 14:30:00,7.253,7.261,7.227,7.23,25912641,187590245.75
2025-09-15 15:00:00,7.23,7.242,7.222,7.224,46068023,333041094.27
2025-09-16 10:00:00,7.228,7.287,7.228,7.249,49830117,361500888.8
2025-09-16 10:30:00,7.251,7.261,7.211,7.224,57630765,416785692.48
2025-09-16 11:00:00,7.225,7.226,7.165,7.179,37010619,266106350.61
2025-09-16 11:30:00,7.18,7.236,7.175,7.23,18401970,132745677.59
2025-09-16 13:30:00,7.23,7.248,7.224,7.224,11633695,84134882.24
2025-09-16 14:00:00,7.223,7.278,7.216,7.278,29652541,215198374.22
2025-09-16 14:30:00,7.279,7.294,7.26,7.263,18257227,132772640.49
2025-09-16 15:00:00,7.263,7.286,7.26,7.284,13708571,99752701.64
2025-09-17 10:00:00,7.266,7.317,7.25,7.29,41609093,303149981.9
2025-09-17 10:30:00,7.294,7.299,7.246,7.25,20680304,150242408.56
2025-09-17 11:00:00,7.25,7.314,7.243,7.312,18617657,135716513.64
2025-09-17 11:30:00,7.313,7.354,7.3,7.341,26214749,192197801.42
2025-09-17 13:30:00,7.34,7.346,7.318,7.32,8613574,63120270.27
2025-09-17 14:00:00,7.319,7.358,7.313,7.358,10261297,75348703.87
2025-09-17 14:30:00,7.358,7.363,7.338,7.347,15904928,116890617.51
2025-09-17 15:00:00,7.348,7.36,7.33,7.358,16782016,123336629.59
2025-09-18 10:00:00,7.352,7.37,7.323,7.369,34757007,255603029.48
2025-09-18 10:30:00,7.369,7.447,7.367,7.441,52388988,388638975.98
2025-09-18 11:00:00,7.44,7.444,7.4,7.437,32859379,244046607.83
2025-09-18 11:30:00,7.437,7.448,7.41,7.444,11338446,84290007.56
2025-09-18 13:30:00,7.445,7.448,7.36,7.371,14590488,107867477.78
2025-09-18 14:00:00,7.371,7.399,7.342,7.343,22317559,164286990.99
2025-09-18 14:30:00,7.343,7.346,7.26,7.266,78711177,573856954.45
2025-09-18 15:00:00,7.266,7.306,7.2,7.291,91455137,664482540.4
2025-09-19 10:00:00,7.279,7.315,7.27,7.278,56286879,410200011.86
2025-09-19 10:30:00,7.277,7.32,7.264,7.315,21593434,157624870.39
2025-09-19 11:00:00,7.315,7.318,7.261,7.279,31840964,231993263.7
2025-09-19 11:30:00,7.28,7.304,7.266,7.304,12970554,94572632.73
2025-09-19 13:30:00,7.304,7.326,7.258,7.259,22418328,163227846.17
2025-09-19 14:00:00,7.259,7.268,7.23,7.247,18732483,135779280.95
2025-09-19 14:30:00,7.247,7.303,7.237,7.299,40402648,294117809.89
2025-09-19 15:00:00,7.299,7.3,7.258,7.261,81306965,591345556.44
2025-09-22 10:00:00,7.259,7.276,7.232,7.233,69155215,501167843.1
2025-09-22 10:30:00,7.233,7.29,7.226,7.286,53293497,387301607.2
2025-09-22 11:00:00,7.286,7.297,7.271,7.287,19266742,140358215.47
2025-09-22 11:30:00,7.29,7.291,7.252,7.282,17744284,129089666.1
2025-09-22 13:30:00,7.282,7.296,7.273,7.286,13903353,101285926.6
2025-09-22 14:00:00,7.287,7.29,7.265,7.27,7100206,51653998.65
2025-09-22 14:30:00,7.271,7.291,7.251,7.285,10808154,78636525.79
2025-09-22 15:00:00,7.286,7.32,7.285,7.32,44346675,324100283.12
2025-09-23 10:00:00,7.318,7.335,7.269,7.269,84037072,612714291.95
2025-09-23 10:30:00,7.269,7.275,7.18,7.186,52656549,379846792.3
2025-09-23 11:00:00,7.186,7.233,7.167,7.203,27336489,196850057.29
2025-09-23 11:30:00,7.203,7.206,7.152,7.153,22486947,161238905.64
2025-09-23 13:30:00,7.153,7.19,7.14,7.186,20939230,150176157.56
2025-09-23 14:00:00,7.186,7.199,7.152,7.173,8104225,58145112.97
2025-09-23 14:30:00,7.173,7.22,7.142,7.214,11389124,81910579.81
2025-09-23 15:00:00,7.214,7.281,7.201,7.279,36012476,261222496.75
2025-09-24 10:00:00,7.232,7.315,7.227,7.293,51346875,373719671.88
2025-09-24 10:30:00,7.295,7.301,7.262,7.292,19686368,143415190.88
2025-09-24 11:00:00,7.292,7.351,7.272,7.351,22951613,168112914.69
2025-09-24 11:30:00,7.351,7.388,7.335,7.388,30058204,221538982.88
2025-09-24 13:30:00,7.389,7.395,7.356,7.387,17918346,132225447.92
2025-09-24 14:00:00,7.387,7.431,7.382,7.406,32822921,243097493.9
2025-09-24 14:30:00,7.407,7.429,7.405,7.415,16089715,119326689.68
2025-09-24 15:00:00,7.416,7.436,7.396,7.432,28579440,212097550.72
2025-09-25 10:00:00,7.43,7.472,7.415,7.425,48564541,361190679.6
2025-09-25 10:30:00,7.425,7.463,7.415,7.457,18784062,139847341.59
2025-09-25 11:00:00,7.457,7.478,7.452,7.461,14292651,106675582.85
2025-09-25 11:30:00,7.461,7.478,7.455,7.471,8405510,62772348.68
2025-09-25 13:30:00,7.471,7.471,7.433,7.439,23450634,174652505.15
2025-09-25 14:00:00,7.439,7.466,7.427,7.457,12721173,94772738.85
2025-09-25 14:30:00,7.46,7.47,7.45,7.467,9579872,71488198.15
2025-09-25 15:00:00,7.467,7.478,7.439,7.439,28226590,210344548.68
2025-09-26 10:00:00,7.401,7.455,7.394,7.413,61520970,456526611.38
2025-09-26 10:30:00,7.414,7.426,7.39,7.405,27357778,202639061.65
2025-09-26 11:00:00,7.407,7.426,7.4,7.424,13467746,99885782.83
2025-09-26 11:30:00,7.424,7.445,7.391,7.403,14931850,110689804.05
2025-09-26 13:30:00,7.402,7.414,7.39,7.406,6992706,51769333.42
2025-09-26 14:00:00,7.406,7.407,7.366,7.367,9637945,71128034.1
2025-09-26 14:30:00,7.367,7.38,7.351,7.36,15253300,112320216.77
2025-09-26 15:00:00,7.36,7.369,7.333,7.335,71840842,527718878.38
2025-09-29 10:00:00,7.335,7.358,7.312,7.34,32412621,237800596.07
2025-09-29 10:30:00,7.34,7.399,7.32,7.397,28079105,206999162.06
2025-09-29 11:00:00,7.397,7.413,7.387,7.39,26237156,194067497.21
2025-09-29 11:30:00,7.392,7.408,7.375,7.379,13536298,99997145.43
2025-09-29 13:30:00,7.379,7.401,7.378,7.399,15306356,113154787.79
2025-09-29 14:00:00,7.4,7.48,7.399,7.473,77897706,580389841.5
2025-09-29 14:30:00,7.473,7.491,7.412,7.448,50955305,379634007.35
2025-09-29 15:00:00,7.449,7.464,7.44,7.463,88515482,659941928.63
2025-09-30 10:00:00,7.463,7.533,7.463,7.504,83003335,622525012.5
2025-09-30 10:30:00,7.504,7.523,7.475,7.488,63867039,478704746.32
2025-09-30 11:00:00,7.49,7.505,7.476,7.497,28091355,210479159.23
2025-09-30 11:30:00,7.499,7.526,7.492,7.51,18612236,139765484.2
2025-09-30 13:30:00,7.51,7.528,7.499,7.52,12290789,92373473.19
2025-09-30 14:00:00,7.52,7.52,7.482,7.496,13547329,101595935.95
2025-09-30 14:30:00,7.496,7.532,7.492,7.522,11897184,89411303.49
2025-09-30 15:00:00,7.523,7.527,7.507,7.521,38022591,285866513.33
2025-10-09 10:00:00,7.553,7.604,7.545,7.559,62960742,476570843.11
2025-10-09 10:30:00,7.562,7.636,7.54,7.636,37446905,284746265.62
2025-10-09 11:00:00,7.636,7.675,7.631,7.65,51122233,391187326.92
2025-10-09 11:30:00,7.65,7.678,7.649,7.658,19335714,148143795.43
2025-10-09 13:30:00,7.658,7.668,7.636,7.664,16127271,123470386.78
2025-10-09 14:00:00,7.664,7.67,7.635,7.66,10475371,80188965.0
2025-10-09 14:30:00,7.66,7.67,7.633,7.637,14967166,114448929.35
2025-10-09 15:00:00,7.637,7.658,7.637,7.651,34895030,266900452.79
2025-10-10 10:00:00,7.611,7.619,7.533,7.561,73722984,558156711.86
2025-10-10 10:30:00,7.561,7.582,7.54,7.581,59361562,449228514.03
2025-10-10 11:00:00,7.581,7.602,7.568,7.572,10528918,79816217.72
2025-10-10 11:30:00,7.572,7.573,7.521,7.54,18754450,141496073.77
2025-10-10 13:30:00,7.54,7.545,7.525,7.531,16480929,124161825.44
2025-10-10 14:00:00,7.53,7.546,7.512,7.546,11529871,86873734.69
2025-10-10 14:30:00,7.547,7.555,7.488,7.501,25859013,194321863.02
2025-10-10 15:00:00,7.501,7.516,7.479,7.506,75289996,564700066.67
2025-10-13 10:00:00,7.29,7.43,7.29,7.388,128571525,947486424.9
2025-10-13 10:30:00,7.388,7.412,7.35,7.408,35788374,264476083.86
2025-10-13 11:00:00,7.408,7.438,7.401,7.408,21873740,162208364.59
2025-10-13 11:30:00,7.414,7.414,7.362,7.363,12616418,93104959.37
2025-10-13 13:30:00,7.363,7.398,7.334,7.396,25231565,186108023.44
2025-10-13 14:00:00,7.398,7.442,7.39,7.44,21646852,160706229.25
2025-10-13 14:30:00,7.439,7.458,7.422,7.45,56002619,416846160.76
2025-10-13 15:00:00,7.45,7.488,7.449,7.47,84806588,633420405.77
2025-10-14 10:00:00,7.51,7.553,7.504,7.515,105025825,790214307.3
2025-10-14 10:30:00,7.515,7.518,7.455,7.456,42014867,314117150.65
2025-10-14 11:00:00,7.456,7.459,7.405,7.407,93498964,694105142.41
2025-10-14 11:30:00,7.407,7.423,7.369,7.39,31817801,235260820.59
2025-10-14 13:30:00,7.394,7.402,7.339,7.388,39316580,290012199.61
2025-10-14 14:00:00,7.388,7.41,7.34,7.34,32388332,238486084.63
2025-10-14 14:30:00,7.34,7.34,7.294,7.31,28270077,206786189.9
2025-10-14 15:00:00,7.31,7.334,7.259,7.29,53684049,391589348.09
2025-10-15 10:00:00,7.288,7.345,7.256,7.315,48191590,352055628.81
2025-10-15 10:30:00,7.315,7.36,7.3,7.329,57486714,421358451.38
2025-10-15 11:00:00,7.329,7.335,7.262,7.262,25283437,184223549.79
2025-10-15 11:30:00,7.262,7.29,7.253,7.283,18209546,132480517.0
2025-10-15 13:30:00,7.283,7.328,7.28,7.327,12847053,93933369.18
2025-10-15 14:00:00,7.328,7.355,7.327,7.352,21204068,155736811.44
2025-10-15 14:30:00,7.351,7.386,7.338,7.381,19429247,143161168.31
2025-10-15 15:00:00,7.381,7.399,7.369,7.391,43915770,324376515.81
2025-10-16 10:00:00,7.32,7.383,7.32,7.368,80061126,589009703.98
2025-10-16 10:30:00,7.368,7.393,7.365,7.369,32878761,242502781.55
2025-10-16 11:00:00,7.369,7.392,7.352,7.392,14516209,107110267.47
2025-10-16 11:30:00,7.392,7.399,7.358,7.358,16288139,120070731.33
2025-10-16 13:30:00,7.359,7.367,7.317,7.323,40953804,300423454.88
2025-10-16 14:00:00,7.322,7.331,7.301,7.308,17349836,126885133.95
2025-10-16 14:30:00,7.308,7.332,7.303,7.316,21848412,159864830.6
2025-10-16 15:00:00,7.316,7.338,7.296,7.338,51177524,374824185.78
2025-10-17 10:00:00,7.318,7.359,7.224,7.228,84778426,616367416.5
2025-10-17 10:30:00,7.227,7.232,7.203,7.218,35594406,256908557.71
2025-10-17 11:00:00,7.219,7.255,7.215,7.243,21314094,154264307.67
2025-10-17 11:30:00,7.242,7.243,7.188,7.192,22750854,163980572.01
2025-10-17 13:30:00,7.192,7.195,7.169,7.18,25389419,182329880.98
2025-10-17 14:00:00,7.18,7.186,7.162,7.164,21645743,155214407.81
2025-10-17 14:30:00,7.164,7.181,7.134,7.135,23763980,169912457.0
2025-10-17 15:00:00,7.136,7.139,7.102,7.114,66238453,471507387.94
2025-10-20 10:00:00,7.174,7.221,7.152,7.22,142030598,1022288900.87
2025-10-20 10:30:00,7.22,7.233,7.185,7.203,46715313,336677260.79
2025-10-20 11:00:00,7.203,7.22,7.181,7.184,30718461,221019326.9
2025-10-20 11:30:00,7.184,7.202,7.176,7.191,30251995,217501760.05
2025-10-20 13:30:00,7.191,7.197,7.14,7.161,12854150,92112838.9
2025-10-20 14:00:00,7.161,7.165,7.146,7.165,16952047,121354053.79
2025-10-20 14:30:00,7.163,7.163,7.127,7.144,21436481,153156511.25
2025-10-20 15:00:00,7.144,7.162,7.126,7.159,55290339,395270633.51
2025-10-21 10:00:00,7.182,7.255,7.177,7.228,116550589,841495252.58
2025-10-21 10:30:00,7.228,7.268,7.213,7.261,45409124,329095058.0
2025-10-21 11:00:00,7.261,7.281,7.25,7.257,53624079,389453811.08
2025-10-21 11:30:00,7.257,7.295,7.251,7.28,31094402,226222139.35
2025-10-21 13:30:00,7.28,7.291,7.267,7.274,17782088,129406181.74
2025-10-21 14:00:00,7.274,7.287,7.26,7.274,11654232,84768998.82
2025-10-21 14:30:00,7.274,7.289,7.271,7.276,34944019,254345866.29
2025-10-21 15:00:00,7.276,7.284,7.272,7.28,174047827,1266836116.79
2025-10-22 10:00:00,7.25,7.252,7.202,7.228,69962983,505645799.14
2025-10-22 10:30:00,7.228,7.261,7.225,7.26,29052768,210593830.98
2025-10-22 11:00:00,7.26,7.261,7.237,7.239,8332601,60375249.31
2025-10-22 11:30:00,7.238,7.241,7.216,7.219,9123529,65920538.2
2025-10-22 13:30:00,7.219,7.248,7.215,7.246,48816454,353252133.3
2025-10-22 14:00:00,7.247,7.258,7.223,7.225,45948082,332449689.3
2025-10-22 14:30:00,7.225,7.232,7.216,7.228,37642519,271979747.28
2025-10-22 15:00:00,7.228,7.234,7.214,7.224,22492564,162486282.34
2025-10-23 10:00:00,7.202,7.213,7.124,7.127,61225371,438047121.05
2025-10-23 10:30:00,7.127,7.145,7.114,7.144,37695668,268933460.73
2025-10-23 11:00:00,7.143,7.172,7.134,7.137,26303781,188010658.66
2025-10-23 11:30:00,7.136,7.18,7.129,7.149,17396251,124429584.65
2025-10-23 13:30:00,7.148,7.16,7.145,7.159,9057828,64805740.06
2025-10-23 14:00:00,7.158,7.158,7.133,7.151,2955917,21126924.1
2025-10-23 14:30:00,7.153,7.213,7.151,7.203,14343055,103112222.4
2025-10-23 15:00:00,7.203,7.254,7.197,7.248,34395494,248782608.1
2025-10-24 10:00:00,7.274,7.327,7.274,7.3,63243708,461700149.64
2025-10-24 10:30:00,7.302,7.318,7.284,7.284,32076432,234008263.58
2025-10-24 11:00:00,7.284,7.304,7.268,7.302,23218932,169296972.86
2025-10-24 11:30:00,7.302,7.322,7.287,7.311,17860907,130503693.81
2025-10-24 13:30:00,7.311,7.346,7.308,7.326,23884001,174990113.99
2025-10-24 14:00:00,7.326,7.334,7.304,7.334,14923427,109299179.35
2025-10-24 14:30:00,7.334,7.343,7.323,7.338,18338346,134505655.13
2025-10-24 15:00:00,7.339,7.372,7.338,7.371,33924633,249696607.09
2025-10-27 10:00:00,7.433,7.486,7.432,7.46,60562390,451755054.47
2025-10-27 10:30:00,7.459,7.472,7.424,7.426,21926517,163147904.16
2025-10-27 11:00:00,7.426,7.445,7.402,7.426,13067431,97016963.55
2025-10-27 11:30:00,7.426,7.463,7.411,7.461,6358899,47342003.06
2025-10-27 13:30:00,7.46,7.469,7.444,7.468,14511930,108263835.11
2025-10-27 14:00:00,7.47,7.481,7.443,7.449,12790123,95384473.96
2025-10-27 14:30:00,7.45,7.491,7.447,7.483,22809834,170473096.04
2025-10-27 15:00:00,7.483,7.49,7.47,7.479,62258298,465671316.27
2025-10-28 10:00:00,7.468,7.481,7.447,7.473,44589914,332952887.84
2025-10-28 10:30:00,7.473,7.493,7.457,7.467,29885048,223311040.34
2025-10-28 11:00:00,7.469,7.477,7.459,7.471,10466145,78171637.01
2025-10-28 11:30:00,7.472,7.514,7.472,7.505,15490545,116132615.86
2025-10-28 13:30:00,7.505,7.505,7.451,7.458,15060067,112518780.58
2025-10-28 14:00:00,7.459,7.46,7.41,7.45,23709057,176395384.08
2025-10-28 14:30:00,7.45,7.464,7.441,7.446,9460062,70480615.25
2025-10-28 15:00:00,7.446,7.457,7.435,7.443,21788602,162216141.89
2025-10-29 10:00:00,7.452,7.518,7.45,7.497,60484446,452927693.13
2025-10-29 10:30:00,7.497,7.514,7.48,7.497,16473169,123499347.99
2025-10-29 11:00:00,7.497,7.545,7.49,7.537,14833044,111603823.06
2025-10-29 11:30:00,7.539,7.545,7.522,7.533,8857736,66728277.87
2025-10-29 13:30:00,7.533,7.544,7.523,7.541,16293136,122785072.9
2025-10-29 14:00:00,7.542,7.566,7.542,7.546,14327796,108193963.53
2025-10-29 14:30:00,7.546,7.58,7.541,7.577,30042968,227305095.89
2025-10-29 15:00:00,7.577,7.596,7.574,7.595,44879972,340564187.53
2025-10-30 10:00:00,7.586,7.586,7.497,7.524,50302230,379060837.87
2025-10-30 10:30:00,7.525,7.537,7.506,7.537,27874728,209803786.08
2025-10-30 11:00:00,7.538,7.566,7.527,7.55,28599881,215862368.49
2025-10-30 11:30:00,7.549,7.57,7.545,7.558,16161643,122144310.58
2025-10-30 13:30:00,7.558,7.558,7.476,7.531,45337040,341010102.53
2025-10-30 14:00:00,7.531,7.559,7.52,7.549,6647005,50136143.05
2025-10-30 14:30:00,7.549,7.551,7.505,7.511,20470077,153982742.55
2025-10-30 15:00:00,7.512,7.524,7.493,7.497,44382767,333077872.08
2025-10-31 10:00:00,7.494,7.518,7.464,7.498,84906715,636234317.73
2025-10-31 10:30:00,7.497,7.545,7.489,7.497,51059305,383472400.32
2025-10-31 11:00:00,7.497,7.5,7.465,7.488,18231817,136452995.7
2025-10-31 11:30:00,7.488,7.488,7.45,7.455,20071103,149817403.16
2025-10-31 13:30:00,7.457,7.469,7.44,7.464,19666648,146667305.23
2025-10-31 14:00:00,7.464,7.479,7.434,7.453,13621406,101552122.2
2025-10-31 14:30:00,7.453,7.478,7.443,7.471,9250879,69048560.86
2025-10-31 15:00:00,7.471,7.473,7.435,7.438,22718504,169222563.46
2025-11-03 10:00:00,7.427,7.434,7.351,7.366,50463183,372603322.21
2025-11-03 10:30:00,7.366,7.368,7.33,7.331,56930203,418038480.63
2025-11-03 11:00:00,7.331,7.37,7.312,7.37,31561870,232000785.75
2025-11-03 11:30:00,7.37,7.374,7.338,7.351,23085679,169779778.59
2025-11-03 13:30:00,7.35,7.416,7.348,7.407,16138114,119266041.83
2025-11-03 14:00:00,7.408,7.436,7.4,7.436,13790436,102380196.86
2025-11-03 14:30:00,7.436,7.448,7.418,7.428,33867729,251682383.44
2025-11-03 15:00:00,7.428,7.443,7.418,7.438,28261792,210069899.94
2025-11-04 10:00:00,7.42,7.425,7.362,7.368,87365530,645194439.05
2025-11-04 10:30:00,7.368,7.384,7.35,7.356,42229723,310951527.02
2025-11-04 11:00:00,7.355,7.359,7.322,7.338,25706841,188679643.99
2025-11-04 11:30:00,7.339,7.354,7.325,7.334,16046961,117747250.83
2025-11-04 13:30:00,7.333,7.334,7.309,7.318,28534705,208883552.17
2025-11-04 14:00:00,7.318,7.318,7.295,7.308,37208995,271886126.46
2025-11-04 14:30:00,7.309,7.311,7.268,7.273,34545170,251627018.28
2025-11-04 15:00:00,7.273,7.328,7.268,7.312,26245059,191658917.52
2025-11-05 10:00:00,7.2,7.269,7.2,7.25,44000365,318547975.81
2025-11-05 10:30:00,7.25,7.264,7.222,7.247,13555334,98199357.94
2025-11-05 11:00:00,7.246,7.263,7.228,7.232,8704470,63029067.27
2025-11-05 11:30:00,7.237,7.318,7.234,7.308,14671281,106904734.22
2025-11-05 13:30:00,7.308,7.341,7.308,7.322,14467338,105953961.07
2025-11-05 14:00:00,7.325,7.359,7.319,7.333,8330006,61117254.02
2025-11-05 14:30:00,7.333,7.358,7.332,7.353,10601307,77894870.07
2025-11-05 15:00:00,7.353,7.357,7.325,7.331,28965453,212538838.96
2025-11-06 10:00:00,7.335,7.391,7.335,7.369,39305538,289485287.37
2025-11-06 10:30:00,7.368,7.415,7.358,7.413,20833419,154070077.98
2025-11-06 11:00:00,7.414,7.449,7.412,7.43,32501287,241495396.17
2025-11-06 11:30:00,7.43,7.445,7.421,7.433,8045664,59803420.51
2025-11-06 13:30:00,7.429,7.439,7.419,7.433,18286139,135872108.15
2025-11-06 14:00:00,7.433,7.444,7.417,7.443,10808134,80354873.58
2025-11-06 14:30:00,7.443,7.464,7.442,7.447,17042465,126983406.72
2025-11-06 15:00:00,7.448,7.455,7.434,7.455,27172082,202377666.74
2025-11-07 10:00:00,7.42,7.43,7.383,7.42,36776996,272554317.36
2025-11-07 10:30:00,7.42,7.441,7.412,7.436,13908182,103333156.2
2025-11-07 11:00:00,7.437,7.459,7.43,7.458,11606417,86456200.23
2025-11-07 11:30:00,7.459,7.476,7.434,7.447,10577800,78829291.53
2025-11-07 13:30:00,7.446,7.473,7.434,7.454,5825678,43422661.92
2025-11-07 14:00:00,7.456,7.476,7.436,7.441,6242500,46512867.5
2025-11-07 14:30:00,7.443,7.45,7.429,7.45,7494102,55778601.19
2025-11-07 15:00:00,7.451,7.455,7.433,7.44,11320286,84253115.27
2025-11-10 10:00:00,7.475,7.502,7.43,7.432,32659059,243462398.49
2025-11-10 10:30:00,7.432,7.437,7.396,7.42,22950657,170240323.41
2025-11-10 11:00:00,7.421,7.43,7.398,7.399,6678950,49484340.55
2025-11-10 11:30:00,7.399,7.408,7.39,7.394,15447182,114267954.31
2025-11-10 13:30:00,7.394,7.439,7.392,7.429,6381676,47352035.92
2025-11-10 14:00:00,7.43,7.44,7.401,7.404,5452393,40429494.1
2025-11-10 14:30:00,7.404,7.437,7.401,7.435,6121531,45448286.65
2025-11-10 15:00:00,7.437,7.459,7.436,7.446,16643770,123946155.19
2025-11-11 10:00:00,7.468,7.495,7.441,7.449,49361546,368319402.4
2025-11-11 10:30:00,7.45,7.455,7.416,7.418,14040105,104313300.12
2025-11-11 11:00:00,7.418,7.429,7.401,7.402,21758161,161242478.45
2025-11-11 11:30:00,7.403,7.425,7.399,7.416,26220140,194378637.87
2025-11-11 13:30:00,7.418,7.423,7.385,7.388,15885381,117530638.89
2025-11-11 14:00:00,7.388,7.404,7.381,7.39,10946721,80914512.72
2025-11-11 14:30:00,7.39,7.425,7.384,7.415,6779843,50225076.94
2025-11-11 15:00:00,7.415,7.415,7.381,7.394,12705974,93981854.35
2025-11-12 10:00:00,7.368,7.377,7.316,7.367,24281841,178552470.82
2025-11-12 10:30:00,7.366,7.417,7.362,7.375,20463361,151115099.86
2025-11-12 11:00:00,7.375,7.376,7.326,7.327,10703179,78593443.4
2025-11-12 11:30:00,7.327,7.335,7.306,7.307,11985912,87688932.19
2025-11-12 13:30:00,7.307,7.324,7.288,7.305,14601693,106675101.83
2025-11-12 14:00:00,7.303,7.344,7.301,7.331,14208849,104084555.21
2025-11-12 14:30:00,7.331,7.359,7.322,7.341,7439705,54612394.5
2025-11-12 15:00:00,7.341,7.368,7.34,7.358,30532973,224580194.07
2025-11-13 10:00:00,7.337,7.405,7.337,7.404,41836958,308840423.96
2025-11-13 10:30:00,7.405,7.435,7.404,7.427,34866550,258779534.1
2025-11-13 11:00:00,7.427,7.449,7.427,7.441,30581263,227494015.46
2025-11-13 11:30:00,7.441,7.481,7.434,7.475,17319000,129257470.0
2025-11-13 13:30:00,7.475,7.477,7.444,7.446,15663708,116783385.61
2025-11-13 14:00:00,7.446,7.459,7.428,7.434,13442271,100014977.0
2025-11-13 14:30:00,7.434,7.447,7.419,7.443,11731680,87240683.04
2025-11-13 15:00:00,7.443,7.466,7.438,7.466,23220246,173145634.34
2025-11-14 10:00:00,7.403,7.419,7.369,7.408,44952157,332586025.59
2025-11-14 10:30:00,7.407,7.431,7.399,7.431,11372076,84384594.61
2025-11-14 11:00:00,7.431,7.435,7.4,7.403,12145150,90027948.57
2025-11-14 11:30:00,7.403,7.413,7.391,7.395,7506540,55545893.82
2025-11-14 13:30:00,7.398,7.408,7.386,7.398,9312912,68890714.37
2025-11-14 14:00:00,7.398,7.405,7.383,7.401,11773012,87077121.09
2025-11-14 14:30:00,7.401,7.418,7.384,7.385,15014911,111045276.79
2025-11-14 15:00:00,7.385,7.389,7.335,7.336,43522213,320033339.59
2025-11-17 10:00:00,7.334,7.374,7.314,7.316,47080851,345322348.47
2025-11-17 10:30:00,7.316,7.337,7.31,7.325,18573274,136030658.78
2025-11-17 11:00:00,7.326,7.36,7.316,7.336,47232090,346557588.36
2025-11-17 11:30:00,7.336,7.365,7.319,7.32,14299552,104882447.4
2025-11-17 13:30:00,7.32,7.336,7.318,7.336,9086637,66605049.21
2025-11-17 14:00:00,7.336,7.341,7.321,7.321,9483193,69489677.24
2025-11-17 14:30:00,7.321,7.348,7.308,7.334,27365434,200588631.22
2025-11-17 15:00:00,7.337,7.355,7.333,7.336,46683359,342718099.54
2025-11-18 10:00:00,7.31,7.335,7.275,7.277,42985612,313608696.61
2025-11-18 10:30:00,7.277,7.31,7.272,7.31,21936205,160075799.95
2025-11-18 11:00:00,7.31,7.317,7.277,7.278,20430852,148954531.65
2025-11-18 11:30:00,7.279,7.282,7.265,7.28,13370766,97281236.49
2025-11-18 13:30:00,7.28,7.28,7.245,7.245,20641640,149789500.93
2025-11-18 14:00:00,7.245,7.277,7.242,7.249,17366375,126010417.0
2025-11-18 14:30:00,7.249,7.25,7.22,7.22,28451908,205707294.84
2025-11-18 15:00:00,7.221,7.267,7.217,7.262,100237310,726586847.75
2025-11-19 10:00:00,7.252,7.293,7.232,7.251,65511593,475526816.39
2025-11-19 10:30:00,7.252,7.256,7.227,7.238,25462784,184359043.75
2025-11-19 11:00:00,7.239,7.267,7.224,7.23,31884873,230857108.81
2025-11-19 11:30:00,7.23,7.237,7.195,7.2,10237337,73818024.66
2025-11-19 13:30:00,7.201,7.217,7.198,7.203,28162462,202938701.17
2025-11-19 14:00:00,7.202,7.234,7.193,7.234,23081611,166656925.29
2025-11-19 14:30:00,7.234,7.253,7.206,7.249,18116798,131093150.33
2025-11-19 15:00:00,7.249,7.26,7.225,7.228,44334926,320881416.08
2025-11-20 10:00:00,7.27,7.293,7.237,7.238,49494080,359129044.48
2025-11-20 10:30:00,7.238,7.246,7.206,7.208,29062017,209827762.74
2025-11-20 11:00:00,7.208,7.21,7.187,7.189,13109766,94329136.29
2025-11-20 11:30:00,7.19,7.215,7.189,7.212,11041973,79561096.12
2025-11-20 13:30:00,7.213,7.22,7.189,7.189,16910275,121742706.48
2025-11-20 14:00:00,7.189,7.196,7.17,7.18,16709070,120004540.74
2025-11-20 14:30:00,7.183,7.184,7.163,7.175,13947560,100059795.44
2025-11-20 15:00:00,7.175,7.197,7.166,7.171,152966033,1097990184.87
2025-11-21 10:00:00,7.098,7.131,7.011,7.014,270308042,1906212312.18
2025-11-21 10:30:00,7.014,7.038,6.983,6.983,73981453,517968812.94
2025-11-21 11:00:00,6.983,6.984,6.933,6.958,82539295,574335927.71
2025-11-21 11:30:00,6.958,6.993,6.93,6.978,58183003,405360981.9
2025-11-21 13:30:00,6.977,7.014,6.964,6.999,54089560,378212233.37
2025-11-21 14:00:00,6.999,7.025,6.966,6.972,40006889,279554804.7
2025-11-21 14:30:00,6.972,6.987,6.947,6.956,27854551,193960523.46
2025-11-21 15:00:00,6.957,6.967,6.918,6.919,148394046,1029063244.33
2025-11-24 10:00:00,6.96,6.966,6.921,6.938,105093133,729521498.24
2025-11-24 10:30:00,6.938,6.95,6.915,6.934,64073644,444222573.85
2025-11-24 11:00:00,6.935,6.951,6.91,6.915,14815672,102603467.16
2025-11-24 11:30:00,6.915,6.922,6.903,6.911,16324398,112834238.98
2025-11-24 13:30:00,6.909,6.982,6.909,6.98,66251475,460911511.58
2025-11-24 14:00:00,6.981,7.005,6.975,6.99,46123231,322401384.69
2025-11-24 14:30:00,6.99,7.006,6.981,7.0,32869350,229943016.15
2025-11-24 15:00:00,7.0,7.004,6.962,6.97,69214799,483027010.62
2025-11-25 10:00:00,7.016,7.072,7.014,7.061,159307861,1122961112.19
2025-11-25 10:30:00,7.064,7.11,7.058,7.11,63594947,451057760.76
2025-11-25 11:00:00,7.11,7.126,7.088,7.088,25905984,183949757.06
2025-11-25 11:30:00,7.088,7.104,7.081,7.097,29664834,210442332.4
2025-11-25 13:30:00,7.095,7.095,7.054,7.055,76249959,538934710.21
2025-11-25 14:00:00,7.054,7.076,7.05,7.073,29845398,210897530.73
2025-11-25 14:30:00,7.074,7.076,7.046,7.059,51547115,363939814.27
2025-11-25 15:00:00,7.059,7.065,7.051,7.057,168242358,1187398481.98
2025-11-26 10:00:00,7.055,7.115,7.038,7.115,61637711,436970279.18
2025-11-26 10:30:00,7.115,7.118,7.082,7.087,31789048,225564488.26
2025-11-26 11:00:00,7.088,7.101,7.076,7.101,17193633,121948707.66
2025-11-26 11:30:00,7.101,7.124,7.1,7.11,48693265,346274038.5
2025-11-26 13:30:00,7.11,7.117,7.095,7.102,102277421,726646983.73
2025-11-26 14:00:00,7.1,7.106,7.075,7.08,24777450,175597788.15
2025-11-26 14:30:00,7.081,7.085,7.065,7.078,27551107,194951633.13
2025-11-26 15:00:00,7.078,7.08,7.057,7.069,100009780,706935798.23
2025-11-27 10:00:00,7.065,7.151,7.065,7.151,37750156,268869194.42
2025-11-27 10:30:00,7.151,7.154,7.12,7.123,20612858,147017774.21
2025-11-27 11:00:00,7.123,7.141,7.107,7.116,15683353,111686384.5
2025-11-27 11:30:00,7.116,7.122,7.09,7.09,8457100,60051048.07
2025-11-27 13:30:00,7.091,7.114,7.089,7.107,5101724,36239246.15
2025-11-27 14:00:00,7.107,7.119,7.089,7.1,12369845,87858885.75
2025-11-27 14:30:00,7.101,7.102,7.078,7.083,8695520,61630947.25
2025-11-27 15:00:00,7.083,7.086,7.04,7.052,79871996,563843043.76
2025-11-28 10:00:00,7.048,7.073,7.042,7.045,24132552,170214933.44
2025-11-28 10:30:00,7.045,7.116,7.042,7.094,20730476,146854691.98
2025-11-28 11:00:00,7.095,7.107,7.083,7.099,5316414,37727045.88
2025-11-28 11:30:00,7.099,7.12,7.098,7.116,11106922,78985024.65
2025-11-28 13:30:00,7.116,7.127,7.096,7.103,8665436,61599696.05
2025-11-28 14:00:00,7.103,7.124,7.101,7.12,5595215,39809954.72
2025-11-28 14:30:00,7.12,7.138,7.114,7.129,39542811,281821614.0
2025-11-28 15:00:00,7.129,7.144,7.128,7.136,62243349,444168538.46
2025-12-01 10:00:00,7.152,7.197,7.138,7.188,35240710,252828600.44
2025-12-01 10:30:00,7.188,7.19,7.155,7.167,12416083,89031592.5
2025-12-01 11:00:00,7.167,7.191,7.163,7.18,11677047,83817843.37
2025-12-01 11:30:00,7.18,7.194,7.177,7.188,8829443,63451320.55
2025-12-01 13:30:00,7.188,7.192,7.176,7.179,7101002,51001763.36
2025-12-01 14:00:00,7.179,7.187,7.17,7.186,7408933,53203547.87
2025-12-01 14:30:00,7.186,7.193,7.182,7.185,11636767,83629565.51
2025-12-01 15:00:00,7.186,7.203,7.182,7.201,37696267,271237206.49
2025-12-02 10:00:00,7.154,7.188,7.143,7.157,37900509,271468712.46
2025-12-02 10:30:00,7.157,7.165,7.15,7.152,10151025,72637351.23
2025-12-02 11:00:00,7.15,7.167,7.14,7.154,20106378,143834326.09
2025-12-02 11:30:00,7.154,7.154,7.135,7.137,15162121,108287868.18
2025-12-02 13:30:00,7.137,7.143,7.124,7.124,11985442,85460196.61
2025-12-02 14:00:00,7.124,7.146,7.123,7.135,17994933,128387848.64
2025-12-02 14:30:00,7.135,7.148,7.131,7.142,18618504,132942324.73
2025-12-02 15:00:00,7.142,7.145,7.13,7.142,18450742,131719847.14
2025-12-03 10:00:00,7.145,7.17,7.122,7.126,33618944,240016847.53
2025-12-03 10:30:00,7.126,7.148,7.121,7.122,7711839,54987982.68
2025-12-03 11:00:00,7.122,7.139,7.101,7.126,16207525,115429993.05
2025-12-03 11:30:00,7.126,7.136,7.118,7.134,5485925,39110987.97
2025-12-03 13:30:00,7.133,7.147,7.121,7.129,5407536,38568349.26
2025-12-03 14:00:00,7.129,7.129,7.098,7.098,9229513,65606454.91
2025-12-03 14:30:00,7.099,7.1,7.078,7.087,28649661,203078347.06
2025-12-03 15:00:00,7.087,7.104,7.086,7.104,15013092,106562927.02
2025-12-04 10:00:00,7.1,7.125,7.069,7.072,30497241,216184775.7
2025-12-04 10:30:00,7.073,7.106,7.06,7.096,12904158,91456069.13
2025-12-04 11:00:00,7.097,7.15,7.093,7.134,16381285,116727576.48
2025-12-04 11:30:00,7.134,7.135,7.103,7.124,8343382,59410442.09
2025-12-04 13:30:00,7.125,7.131,7.105,7.123,10809809,76962236.81
2025-12-04 14:00:00,7.123,7.125,7.108,7.111,7444155,52962681.44
2025-12-04 14:30:00,7.112,7.127,7.109,7.119,7322413,52123376.54
2025-12-04 15:00:00,7.119,7.129,7.116,7.128,28668654,204245047.31
2025-12-05 10:00:00,7.122,7.127,7.067,7.127,48073007,341654860.75
2025-12-05 10:30:00,7.127,7.135,7.106,7.114,17077348,121562255.51
2025-12-05 11:00:00,7.115,7.144,7.113,7.136,13111151,93495617.78
2025-12-05 11:30:00,7.137,7.173,7.132,7.154,20197992,144476236.78
2025-12-05 13:30:00,7.153,7.162,7.139,7.148,9255987,66177221.72
2025-12-05 14:00:00,7.148,7.213,7.146,7.212,53323227,383411776.54
2025-12-05 14:30:00,7.213,7.219,7.204,7.206,77354151,557697643.99
2025-12-05 15:00:00,7.208,7.218,7.203,7.216,70133199,505824008.92
2025-12-08 10:00:00,7.238,7.263,7.229,7.236,99641734,721671865.45
2025-12-08 10:30:00,7.236,7.279,7.232,7.264,43069511,312612867.34
2025-12-08 11:00:00,7.264,7.28,7.261,7.271,18196299,132299224.6
2025-12-08 11:30:00,7.271,7.281,7.254,7.274,37397661,271868529.58
2025-12-08 13:30:00,7.273,7.296,7.27,7.294,22558684,164377610.75
2025-12-08 14:00:00,7.294,7.305,7.285,7.285,16319885,118999161.46
2025-12-08 14:30:00,7.285,7.293,7.28,7.282,6837105,49808309.92
2025-12-08 15:00:00,7.282,7.288,7.271,7.278,38787194,282331985.13
2025-12-09 10:00:00,7.256,7.287,7.255,7.281,31683841,230478820.71
2025-12-09 10:30:00,7.283,7.29,7.25,7.253,27720147,201368387.86
2025-12-09 11:00:00,7.254,7.268,7.236,7.246,18782628,136174053.0
2025-12-09 11:30:00,7.246,7.26,7.242,7.254,37971026,275365880.55
2025-12-09 13:30:00,7.25,7.254,7.232,7.235,17377459,125818595.65
2025-12-09 14:00:00,7.235,7.241,7.216,7.22,12571251,90835669.31
2025-12-09 14:30:00,7.22,7.226,7.211,7.223,16336796,117951667.12
2025-12-09 15:00:00,7.224,7.231,7.217,7.222,29992434,216645348.26
2025-12-10 10:00:00,7.225,7.229,7.172,7.184,67012003,482151361.58
2025-12-10 10:30:00,7.184,7.203,7.173,7.197,39570230,284549523.93
2025-12-10 11:00:00,7.197,7.229,7.193,7.221,44899161,323917513.84
2025-12-10 11:30:00,7.221,7.224,7.198,7.205,13122979,94603555.61
2025-12-10 13:30:00,7.204,7.209,7.191,7.209,5120096,36880051.49
2025-12-10 14:00:00,7.21,7.231,7.205,7.225,18211651,131494190.77
2025-12-10 14:30:00,7.226,7.277,7.223,7.273,20431552,148285393.9
2025-12-10 15:00:00,7.275,7.28,7.26,7.262,51190160,372015956.11
2025-12-11 10:00:00,7.275,7.284,7.251,7.263,28704127,208564186.78
2025-12-11 10:30:00,7.263,7.274,7.251,7.272,12336523,89633063.94
2025-12-11 11:00:00,7.273,7.275,7.249,7.251,12629033,91665731.19
2025-12-11 11:30:00,7.251,7.258,7.227,7.227,11878977,85972116.21
2025-12-11 13:30:00,7.228,7.231,7.203,7.208,17714830,127794783.62
2025-12-11 14:00:00,7.208,7.227,7.203,7.221,22749835,164185559.2
2025-12-11 14:30:00,7.221,7.234,7.209,7.214,14481888,104544749.47
2025-12-11 15:00:00,7.214,7.225,7.196,7.197,65643185,473024791.11
2025-12-12 10:00:00,7.217,7.226,7.186,7.197,96784704,697140222.91
2025-12-12 10:30:00,7.197,7.225,7.184,7.212,26527423,191183137.56
2025-12-12 11:00:00,7.214,7.255,7.202,7.254,70236909,508304510.43
2025-12-12 11:30:00,7.254,7.273,7.248,7.254,21259633,154309502.86
2025-12-12 13:30:00,7.254,7.282,7.25,7.281,33512439,243668943.97
2025-12-12 14:00:00,7.281,7.294,7.277,7.293,29573635,215532651.88
2025-12-12 14:30:00,7.295,7.303,7.291,7.301,28423524,207444352.66
2025-12-12 15:00:00,7.302,7.304,7.28,7.286,69210215,504542467.35
2025-12-15 10:00:00,7.25,7.281,7.237,7.271,61537431,446946361.35
2025-12-15 10:30:00,7.271,7.278,7.258,7.277,15762308,114607741.47
2025-12-15 11:00:00,7.277,7.299,7.271,7.279,23988795,174710393.98
2025-12-15 11:30:00,7.281,7.281,7.249,7.249,17562002,127494280.52
2025-12-15 13:30:00,7.248,7.261,7.238,7.238,13625643,98726867.3
2025-12-15 14:00:00,7.238,7.256,7.229,7.255,7632118,55307415.11
2025-12-15 14:30:00,7.256,7.262,7.239,7.249,8531272,61851722.0
2025-12-15 15:00:00,7.25,7.25,7.231,7.235,26146279,189264198.25
2025-12-16 10:00:00,7.22,7.22,7.128,7.138,56905937,407560320.79
2025-12-16 10:30:00,7.139,7.14,7.104,7.126,70346015,501098113.52
2025-12-16 11:00:00,7.126,7.127,7.082,7.097,32230714,228902530.83
2025-12-16 11:30:00,7.097,7.099,7.076,7.078,15526639,109995886.22
2025-12-16 13:30:00,7.08,7.115,7.076,7.082,19556461,138674864.95
2025-12-16 14:00:00,7.082,7.133,7.079,7.109,22578474,160465214.72
2025-12-16 14:30:00,7.109,7.133,7.1,7.122,14235893,101335831.67
2025-12-16 15:00:00,7.122,7.131,7.116,7.124,31521222,224546678.45
2025-12-17 10:00:00,7.12,7.165,7.118,7.124,45346357,323576488.1
2025-12-17 10:30:00,7.124,7.135,7.1,7.132,14095489,100392771.15
2025-12-17 11:00:00,7.132,7.135,7.113,7.134,11195943,79797217.74
2025-12-17 11:30:00,7.134,7.149,7.13,7.135,13274204,94751268.15
2025-12-17 13:30:00,7.135,7.147,7.127,7.139,10685738,76271235.93
2025-12-17 14:00:00,7.139,7.24,7.131,7.24,64404319,463947245.97
2025-12-17 14:30:00,7.24,7.287,7.239,7.266,100889333,732860114.91
2025-12-17 15:00:00,7.268,7.27,7.252,7.262,39742981,288587032.7
2025-12-18 10:00:00,7.225,7.294,7.219,7.283,44937691,326487304.35
2025-12-18 10:30:00,7.284,7.295,7.245,7.26,32054011,232925813.27
2025-12-18 11:00:00,7.262,7.277,7.244,7.251,34753417,252217131.64
2025-12-18 11:30:00,7.251,7.265,7.242,7.25,20870055,151356595.54
2025-12-18 13:30:00,7.252,7.28,7.247,7.268,19771328,143638697.92
2025-12-18 14:00:00,7.268,7.268,7.224,7.227,34304532,248353376.84
2025-12-18 14:30:00,7.228,7.24,7.222,7.231,25114754,181604786.17
2025-12-18 15:00:00,7.231,7.241,7.219,7.222,39684313,286811758.16
2025-12-19 10:00:00,7.238,7.265,7.231,7.255,45348536,328792002.18
2025-12-19 10:30:00,7.254,7.312,7.242,7.304,73588748,536167617.93
2025-12-19 11:00:00,7.304,7.318,7.281,7.297,32167209,234777736.09
2025-12-19 11:30:00,7.297,7.315,7.282,7.303,25429522,185635510.6
2025-12-19 13:30:00,7.303,7.315,7.287,7.287,17846486,130213910.68
2025-12-19 14:00:00,7.288,7.298,7.284,7.284,11184207,81517956.75
2025-12-19 14:30:00,7.284,7.296,7.271,7.295,16838242,122705882.2
2025-12-19 15:00:00,7.296,7.296,7.284,7.285,28564247,208185753.55
2025-12-22 10:00:00,7.32,7.382,7.32,7.369,57084398,419969916.09
2025-12-22 10:30:00,7.37,7.386,7.363,7.378,20350582,150099109.3
2025-12-22 11:00:00,7.379,7.385,7.366,7.378,9941916,73334886.39
2025-12-22 11:30:00,7.378,7.397,7.375,7.379,13348708,98562410.3
2025-12-22 13:30:00,7.379,7.386,7.367,7.38,24835962,183231448.98
2025-12-22 14:00:00,7.381,7.388,7.373,7.374,30290258,223491620.28
2025-12-22 14:30:00,7.375,7.385,7.374,7.379,17716260,130734187.96
2025-12-22 15:00:00,7.379,7.379,7.363,7.367,108179377,797245948.7
2025-12-23 10:00:00,7.364,7.393,7.349,7.389,51325165,378625742.2
2025-12-23 10:30:00,7.39,7.391,7.365,7.383,17870717,131879934.55
2025-12-23 11:00:00,7.383,7.389,7.372,7.388,10365359,76527445.5
2025-12-23 11:30:00,7.388,7.417,7.386,7.4,17449154,129141188.75
2025-12-23 13:30:00,7.399,7.4,7.376,7.384,10854254,80176756.21
2025-12-23 14:00:00,7.384,7.393,7.364,7.37,13245011,97690786.13
2025-12-23 14:30:00,7.37,7.381,7.361,7.363,27447703,202243824.94
2025-12-23 15:00:00,7.363,7.378,7.35,7.376,36502129,268947686.47
2025-12-24 10:00:00,7.373,7.413,7.363,7.391,30753200,227235394.8
2025-12-24 10:30:00,7.391,7.405,7.38,7.404,19082686,141141906.55
2025-12-24 11:00:00,7.404,7.433,7.398,7.415,39219617,290826533.26
2025-12-24 11:30:00,7.416,7.446,7.411,7.436,18952649,140837134.72
2025-12-24 13:30:00,7.436,7.471,7.43,7.469,36131890,269423459.77
2025-12-24 14:00:00,7.468,7.492,7.467,7.47,74048425,553610708.11
2025-12-24 14:30:00,7.469,7.482,7.469,7.473,46528934,347788272.01
2025-12-24 15:00:00,7.473,7.48,7.464,7.473,85649948,640004961.44
2025-12-25 10:00:00,7.469,7.502,7.452,7.475,59551568,445227372.89
2025-12-25 10:30:00,7.475,7.476,7.453,7.468,17811934,132977961.93
2025-12-25 11:00:00,7.468,7.497,7.466,7.493,23800979,178158261.47
2025-12-25 11:30:00,7.493,7.498,7.484,7.492,17871450,133880989.1
2025-12-25 13:30:00,7.492,7.542,7.489,7.534,18914968,142272084.31
2025-12-25 14:00:00,7.533,7.54,7.522,7.534,20195986,152116166.55
2025-12-25 14:30:00,7.535,7.555,7.534,7.547,78625282,593253961.12
2025-12-25 15:00:00,7.547,7.55,7.53,7.536,50189452,378361548.81
2025-12-26 10:00:00,7.544,7.588,7.544,7.57,108109913,818103748.31
2025-12-26 10:30:00,7.57,7.598,7.549,7.594,57011646,432167280.56
2025-12-26 11:00:00,7.594,7.613,7.582,7.599,82429938,626302668.92
2025-12-26 11:30:00,7.601,7.616,7.527,7.54,119561796,904006739.56
2025-12-26 13:30:00,7.541,7.596,7.528,7.584,43119369,326384877.08
2025-12-26 14:00:00,7.584,7.609,7.577,7.599,29319328,222680296.16
2025-12-26 14:30:00,7.599,7.61,7.562,7.578,33253750,252174270.83
2025-12-26 15:00:00,7.578,7.592,7.57,7.58,41924334,317814401.28
2025-12-29 10:00:00,7.579,7.602,7.552,7.554,59709682,451962486.29
2025-12-29 10:30:00,7.556,7.59,7.553,7.59,42051767,318654273.07
2025-12-29 11:00:00,7.59,7.609,7.572,7.6,29519224,224159147.31
2025-12-29 11:30:00,7.6,7.61,7.588,7.589,52591162,399464936.16
2025-12-29 13:30:00,7.589,7.591,7.567,7.579,37385551,283345091.03
2025-12-29 14:00:00,7.58,7.585,7.563,7.563,26737680,202413150.16
2025-12-29 14:30:00,7.564,7.57,7.545,7.552,25616955,193553173.0
2025-12-29 15:00:00,7.555,7.559,7.531,7.549,64192028,484414440.63
2025-12-30 10:00:00,7.512,7.585,7.512,7.578,47805371,361328929.14
2025-12-30 10:30:00,7.578,7.59,7.568,7.572,32389819,245406861.96
2025-12-30 11:00:00,7.572,7.592,7.568,7.59,19069835,144612915.42
2025-12-30 11:30:00,7.59,7.593,7.566,7.576,13043581,98848604.68
2025-12-30 13:30:00,7.575,7.625,7.561,7.61,36426331,276791547.16
2025-12-30 14:00:00,7.611,7.62,7.587,7.587,31151623,236690031.55
2025-12-30 14:30:00,7.587,7.608,7.577,7.594,27687183,210228780.52
2025-12-30 15:00:00,7.594,7.6,7.579,7.581,33904193,257219810.89
2025-12-31 10:00:00,7.597,7.599,7.562,7.572,94815018,718476601.4
2025-12-31 10:30:00,7.572,7.611,7.565,7.599,46926867,356253131.98
2025-12-31 11:00:00,7.599,7.6,7.581,7.584,27825870,211151976.85
2025-12-31 11:30:00,7.584,7.59,7.564,7.566,22533209,170651502.83
2025-12-31 13:30:00,7.566,7.607,7.551,7.6,33123769,251276911.63
2025-12-31 14:00:00,7.6,7.605,7.584,7.585,22814471,173192254.18
2025-12-31 14:30:00,7.584,7.604,7.581,7.594,83412930,633354377.49
2025-12-31 15:00:00,7.594,7.597,7.575,7.588,114901303,871717885.43
2026-01-05 10:00:00,7.642,7.705,7.64,7.702,46421172,356622917.03
2026-01-05 10:30:00,7.701,7.74,7.697,7.74,42552942,328749845.58
2026-01-05 11:00:00,7.739,7.755,7.732,7.74,46899904,363114690.07
2026-01-05 11:30:00,7.741,7.76,7.737,7.755,18700216,144939140.81
2026-01-05 13:30:00,7.755,7.765,7.733,7.746,23759753,184090566.24
2026-01-05 14:00:00,7.746,7.768,7.74,7.765,17687534,137213992.93
2026-01-05 14:30:00,7.764,7.782,7.763,7.781,29717665,231064751.26
2026-01-05 15:00:00,7.781,7.794,7.775,7.793,50632235,394290091.36
2026-01-06 10:00:00,7.797,7.888,7.797,7.87,154038495,1209458916.58
2026-01-06 10:30:00,7.87,7.899,7.86,7.872,46299919,364704461.96
2026-01-06 11:00:00,7.871,7.881,7.838,7.875,21407556,168363292.09
2026-01-06 11:30:00,7.876,7.905,7.866,7.895,19504797,153866841.93
2026-01-06 13:30:00,7.895,7.923,7.892,7.922,23033990,182252606.88
2026-01-06 14:00:00,7.922,7.926,7.881,7.908,24232900,191561074.5
2026-01-06 14:30:00,7.908,7.96,7.902,7.955,21587927,171386552.45
2026-01-06 15:00:00,7.955,7.965,7.942,7.964,45971103,365792066.57
2026-01-07 10:00:00,7.969,8.031,7.954,8.008,98164540,785087269.41
2026-01-07 10:30:00,8.01,8.028,7.981,8.0,48316051,386673356.15
2026-01-07 11:00:00,8.0,8.018,7.993,8.013,31024167,248441529.34
2026-01-07 11:30:00,8.013,8.04,8.009,8.03,19413044,155815562.16
2026-01-07 13:30:00,8.031,8.032,7.973,7.982,36439703,291359718.62
2026-01-07 14:00:00,7.981,8.003,7.964,7.993,42739772,341348312.37
2026-01-07 14:30:00,7.993,8.023,7.992,8.004,48486848,388201867.37
2026-01-07 15:00:00,8.008,8.008,7.984,8.0,107002678,855736083.53
2026-01-08 10:00:00,7.974,8.045,7.972,8.044,74856207,600371732.21
2026-01-08 10:30:00,8.045,8.058,8.022,8.033,49373830,396850387.6
2026-01-08 11:00:00,8.033,8.078,8.023,8.071,39555076,318708432.36
2026-01-08 11:30:00,8.071,8.073,8.035,8.05,28637285,230606510.34
2026-01-08 13:30:00,8.049,8.07,8.042,8.048,45812939,368946868.75
2026-01-08 14:00:00,8.049,8.049,8.02,8.044,36278296,291592850.48
2026-01-08 14:30:00,8.045,8.045,7.983,8.025,60580132,485711305.0
2026-01-08 15:00:00,8.025,8.035,8.012,8.024,47137296,378213950.67
2026-01-09 10:00:00,8.024,8.167,8.023,8.163,94533513,767391547.36
2026-01-09 10:30:00,8.163,8.201,8.162,8.189,66705354,545916617.14
2026-01-09 11:00:00,8.189,8.218,8.182,8.199,47106359,386256441.68
2026-01-09 11:30:00,8.201,8.202,8.117,8.128,68389169,557303338.18
2026-01-09 13:30:00,8.128,8.162,8.103,8.158,40019559,325799229.82
2026-01-09 14:00:00,8.158,8.184,8.147,8.178,39331520,321325407.89
2026-01-09 14:30:00,8.179,8.203,8.153,8.191,40971373,335241431.01
2026-01-09 15:00:00,8.192,8.223,8.179,8.217,128146680,1051614371.64
2026-01-12 10:00:00,8.27,8.335,8.235,8.275,147258495,1219545769.42
2026-01-12 10:30:00,8.275,8.327,8.264,8.268,47094205,390238280.7
2026-01-12 11:00:00,8.267,8.307,8.255,8.287,33886908,280685258.96
2026-01-12 11:30:00,8.289,8.378,8.274,8.374,38327889,319731250.04
2026-01-12 13:30:00,8.374,8.38,8.29,8.349,45168587,376690959.38
2026-01-12 14:00:00,8.35,8.396,8.336,8.396,87845120,735790725.12
2026-01-12 14:30:00,8.396,8.448,8.384,8.442,102373111,862459335.8
2026-01-12 15:00:00,8.442,8.445,8.388,8.415,69565541,585463593.06
2026-01-13 10:00:00,8.437,8.44,8.29,8.343,156730586,1309901994.26
2026-01-13 10:30:00,8.343,8.387,8.309,8.321,72161227,601752471.95
2026-01-13 11:00:00,8.321,8.37,8.29,8.36,49590046,413580983.64
2026-01-13 11:30:00,8.365,8.407,8.351,8.356,42228843,353511721.03
2026-01-13 13:30:00,8.361,8.376,8.302,8.316,41647609,346980113.12
2026-01-13 14:00:00,8.317,8.358,8.282,8.34,42217095,351527677.7
2026-01-13 14:30:00,8.341,8.353,8.285,8.301,39232997,326143904.06
2026-01-13 15:00:00,8.301,8.324,8.259,8.306,80225580,665578153.54
2026-01-14 10:00:00,8.308,8.445,8.308,8.441,186192916,1563648108.57
2026-01-14 10:30:00,8.442,8.514,8.44,8.509,252644034,2144358345.91
2026-01-14 11:00:00,8.509,8.53,8.488,8.518,131227657,1117009816.38
2026-01-14 11:30:00,8.518,8.536,8.509,8.524,91829915,782666365.54
2026-01-14 13:30:00,8.523,8.524,8.295,8.388,230200597,1934222149.53
2026-01-14 14:00:00,8.387,8.416,8.269,8.272,123640467,1028565044.97
2026-01-14 14:30:00,8.272,8.409,8.25,8.4,121678870,1016383601.11
2026-01-14 15:00:00,8.402,8.408,8.338,8.367,211661756,1771820559.48
2026-01-15 10:00:00,8.3,8.382,8.285,8.371,184749042,1541915504.53
2026-01-15 10:30:00,8.373,8.39,8.313,8.32,413040061,3445167148.8
2026-01-15 11:00:00,8.321,8.344,8.299,8.301,461802821,3839736522.34
2026-01-15 11:30:00,8.302,8.326,8.269,8.287,276399662,2292458796.63
2026-01-15 13:30:00,8.286,8.329,8.265,8.316,36696848,304706161.23
2026-01-15 14:00:00,8.316,8.34,8.293,8.304,303308105,2521198071.46
2026-01-15 14:30:00,8.304,8.334,8.274,8.304,451592559,3750024609.94
2026-01-15 15:00:00,8.3,8.344,8.275,8.342,1039711357,8650745060.69
2026-01-16 10:00:00,8.318,8.353,8.286,8.289,448957040,3730533697.71
2026-01-16 10:30:00,8.291,8.3,8.244,8.266,446045562,3688796797.74
2026-01-16 11:00:00,8.269,8.285,8.257,8.27,129646973,1072266898.03
2026-01-16 11:30:00,8.27,8.308,8.244,8.251,510840492,4223458907.69
2026-01-16 13:30:00,8.251,8.295,8.24,8.287,281657957,2330437936.22
2026-01-16 14:00:00,8.287,8.331,8.277,8.308,91681641,761446589.05
2026-01-16 14:30:00,8.308,8.309,8.264,8.291,78555658,651069293.5
2026-01-16 15:00:00,8.291,8.306,8.277,8.295,63369638,525503284.72
2026-01-19 10:00:00,8.27,8.38,8.25,8.38,150451818,1254266656.06
2026-01-19 10:30:00,8.38,8.397,8.344,8.349,334945135,2801257812.38
2026-01-19 11:00:00,8.35,8.357,8.311,8.354,256846321,2142269548.02
2026-01-19 11:30:00,8.354,8.379,8.345,8.355,56667225,473719111.93
2026-01-19 13:30:00,8.355,8.386,8.35,8.375,47570132,398177861.55
2026-01-19 14:00:00,8.376,8.386,8.321,8.346,475841360,3973751197.36
2026-01-19 14:30:00,8.346,8.372,8.337,8.366,74809759,625284902.31
2026-01-19 15:00:00,8.366,8.368,8.345,8.347,124453937,1039605220.41
2026-01-20 10:00:00,8.356,8.414,8.313,8.322,368591358,3077614975.51
2026-01-20 10:30:00,8.324,8.325,8.201,8.225,435531070,3593276504.52
2026-01-20 11:00:00,8.225,8.278,8.201,8.248,262368084,2162525204.36
2026-01-20 11:30:00,8.253,8.298,8.232,8.26,110680945,914593542.18
2026-01-20 13:30:00,8.26,8.296,8.239,8.286,59468335,492021181.01
2026-01-20 14:00:00,8.288,8.327,8.268,8.297,269695146,2237750524.74
2026-01-20 14:30:00,8.298,8.301,8.27,8.279,53434210,442613372.83
2026-01-20 15:00:00,8.279,8.325,8.258,8.325,54486734,452385190.16
2026-01-21 10:00:00,8.282,8.391,8.28,8.363,125695542,1048887399.48
2026-01-21 10:30:00,8.362,8.422,8.361,8.421,92112805,773870379.07
2026-01-21 11:00:00,8.422,8.425,8.381,8.389,81818928,687142630.32
2026-01-21 11:30:00,8.388,8.43,8.383,8.383,315524149,2649982152.73
2026-01-21 13:30:00,8.382,8.403,8.378,8.39,219533261,1841957237.54
2026-01-21 14:00:00,8.389,8.424,8.381,8.42,30388150,255513694.58
2026-01-21 14:30:00,8.42,8.43,8.404,8.415,82594521,695143020.24
2026-01-21 15:00:00,8.415,8.435,8.411,8.433,86426756,728260654.97
2026-01-22 10:00:00,8.46,8.496,8.435,8.453,106426711,900511877.34
2026-01-22 10:30:00,8.453,8.466,8.419,8.443,65036044,549077640.81
2026-01-22 11:00:00,8.445,8.455,8.43,8.444,55678358,470092376.59
2026-01-22 11:30:00,8.444,8.449,8.417,8.422,49919772,420790398.11
2026-01-22 13:30:00,8.422,8.443,8.404,8.422,59763197,503385408.33
2026-01-22 14:00:00,8.423,8.44,8.42,8.437,43230856,364536988.08
2026-01-22 14:30:00,8.438,8.452,8.431,8.437,42863933,361771594.52
2026-01-22 15:00:00,8.437,8.475,8.429,8.473,57938015,490097668.89
2026-01-23 10:00:00,8.505,8.572,8.493,8.572,107544477,919039252.28
2026-01-23 10:30:00,8.572,8.607,8.571,8.58,104089194,893709819.68
2026-01-23 11:00:00,8.581,8.61,8.568,8.596,57126151,490789805.29
2026-01-23 11:30:00,8.596,8.623,8.591,8.608,67853765,584039973.28
2026-01-23 13:30:00,8.607,8.656,8.602,8.644,59002128,509424373.15
2026-01-23 14:00:00,8.644,8.677,8.642,8.673,59766224,517814564.74
2026-01-23 14:30:00,8.671,8.689,8.663,8.672,94751617,821938693.6
2026-01-23 15:00:00,8.672,8.725,8.668,8.722,119212036,1037740773.38
2026-01-26 10:00:00,8.763,8.787,8.59,8.616,278481195,2412853900.54
2026-01-26 10:30:00,8.616,8.635,8.584,8.596,315265979,2712863749.3
2026-01-26 11:00:00,8.596,8.627,8.56,8.564,292246832,2508549390.28
2026-01-26 11:30:00,8.566,8.606,8.55,8.591,169863869,1457828345.05
2026-01-26 13:30:00,8.588,8.602,8.553,8.555,188938858,1619206013.06
2026-01-26 14:00:00,8.555,8.561,8.517,8.552,215478555,1840905121.55
2026-01-26 14:30:00,8.553,8.593,8.536,8.588,60863814,521744901.55
2026-01-26 15:00:00,8.587,8.609,8.561,8.564,145587380,1248848545.64
2026-01-27 10:00:00,8.542,8.594,8.441,8.441,283942844,2411242631.25
2026-01-27 10:30:00,8.442,8.52,8.437,8.48,147015923,1246548011.12
2026-01-27 11:00:00,8.481,8.554,8.477,8.522,121588349,1035649027.33
2026-01-27 11:30:00,8.523,8.53,8.504,8.518,60473073,515069320.43
2026-01-27 13:30:00,8.518,8.577,8.513,8.559,40868538,349412377.05
2026-01-27 14:00:00,8.559,8.664,8.551,8.649,304161445,2622277204.49
2026-01-27 14:30:00,8.65,8.67,8.607,8.623,333684758,2880811744.07
2026-01-27 15:00:00,8.623,8.637,8.593,8.619,182916334,1576068105.86
2026-01-28 10:00:00,8.645,8.661,8.597,8.608,459495254,3961768079.99
2026-01-28 10:30:00,8.607,8.634,8.596,8.624,151079479,1302002950.02
2026-01-28 11:00:00,8.624,8.65,8.605,8.605,330523108,2849109190.96
2026-01-28 11:30:00,8.605,8.666,8.595,8.664,215072658,1858586219.55
2026-01-28 13:30:00,8.665,8.711,8.626,8.635,606490344,5250589071.46
2026-01-28 14:00:00,8.636,8.654,8.631,8.643,105193552,909152805.42
2026-01-28 14:30:00,8.643,8.688,8.639,8.683,41220903,357385229.01
2026-01-28 15:00:00,8.682,8.72,8.653,8.686,608371341,5284516258.37
2026-01-29 10:00:00,8.661,8.754,8.642,8.737,188420697,1641332691.57
2026-01-29 10:30:00,8.737,8.743,8.661,8.661,97305595,845423444.56
2026-01-29 11:00:00,8.663,8.727,8.66,8.722,54628326,475430321.18
2026-01-29 11:30:00,8.722,8.728,8.673,8.677,201528472,1751819830.94
2026-01-29 13:30:00,8.677,8.7,8.625,8.627,237799946,2057128066.2
2026-01-29 14:00:00,8.626,8.666,8.574,8.592,381648317,3286246441.58
2026-01-29 14:30:00,8.592,8.64,8.578,8.61,149426716,1286464406.95
2026-01-29 15:00:00,8.61,8.627,8.583,8.595,62709626,539407299.64
2026-01-30 10:00:00,8.518,8.594,8.39,8.392,223191213,1887900073.7
2026-01-30 10:30:00,8.394,8.415,8.299,8.3,246140241,2052317329.46
2026-01-30 11:00:00,8.299,8.38,8.232,8.351,415898905,3460694788.5
2026-01-30 11:30:00,8.351,8.386,8.338,8.374,166725179,1394822847.51
2026-01-30 13:30:00,8.378,8.473,8.377,8.47,69799309,589106167.96
2026-01-30 14:00:00,8.469,8.499,8.443,8.457,66156732,560104945.36
2026-01-30 14:30:00,8.457,8.483,8.431,8.437,52387005,442687654.58
2026-01-30 15:00:00,8.439,8.46,8.43,8.437,43579161,367909803.55
2026-02-02 10:00:00,8.33,8.4,8.273,8.317,151156097,1259130288.01
2026-02-02 10:30:00,8.317,8.346,8.252,8.264,199830714,1656063737.16
2026-02-02 11:00:00,8.264,8.289,8.235,8.242,77414324,639081049.39
2026-02-02 11:30:00,8.243,8.287,8.216,8.227,129856104,1070447150.64
2026-02-02 13:30:00,8.227,8.236,8.181,8.185,81420183,667699780.72
2026-02-02 14:00:00,8.186,8.2,8.114,8.18,501170927,4091893561.98
2026-02-02 14:30:00,8.182,8.218,8.102,8.108,339944455,2768054382.25
2026-02-02 15:00:00,8.108,8.125,8.045,8.047,466594129,3766503340.66
2026-02-03 10:00:00,8.186,8.267,8.17,8.262,229786419,1891831587.63
2026-02-03 10:30:00,8.261,8.267,8.206,8.22,66734274,549289809.29
2026-02-03 11:00:00,8.221,8.221,8.132,8.198,75535980,618161281.66
2026-02-03 11:30:00,8.198,8.258,8.197,8.251,34251066,282068945.53
2026-02-03 13:30:00,8.254,8.279,8.232,8.279,35777924,295644911.99
2026-02-03 14:00:00,8.279,8.326,8.278,8.315,134543350,1117561912.88
2026-02-03 14:30:00,8.316,8.363,8.304,8.357,227698484,1899308954.54
2026-02-03 15:00:00,8.357,8.375,8.351,8.365,132274681,1106301340.32
2026-02-04 10:00:00,8.36,8.36,8.269,8.31,229035691,1903973699.28
2026-02-04 10:30:00,8.31,8.351,8.305,8.322,103084289,858279790.21
2026-02-04 11:00:00,8.322,8.331,8.288,8.291,107608887,893512458.39
2026-02-04 11:30:00,8.291,8.305,8.263,8.272,120829311,1000466695.08
2026-02-04 13:30:00,8.271,8.299,8.249,8.299,146119690,1210211979.14
2026-02-04 14:00:00,8.299,8.305,8.267,8.267,64821223,536698119.37
2026-02-04 14:30:00,8.268,8.353,8.267,8.337,77150076,641811482.24
2026-02-04 15:00:00,8.338,8.395,8.338,8.393,380147864,3183865076.95
2026-02-05 10:00:00,8.3,8.313,8.21,8.21,135707931,1118821419.14
2026-02-05 10:30:00,8.21,8.222,8.159,8.175,233837425,1914037269.43
2026-02-05 11:00:00,8.176,8.222,8.15,8.183,123934369,1014402810.27
2026-02-05 11:30:00,8.182,8.212,8.159,8.169,99624213,814926062.34
2026-02-05 13:30:00,8.169,8.191,8.147,8.181,110232663,900931554.7
2026-02-05 14:00:00,8.181,8.253,8.153,8.215,56738030,465649012.21
2026-02-05 14:30:00,8.217,8.27,8.201,8.216,100855267,829937992.14
2026-02-05 15:00:00,8.216,8.265,8.21,8.212,94313351,776104565.38
2026-02-06 10:00:00,8.105,8.2,8.075,8.179,165798644,1351480013.46
2026-02-06 10:30:00,8.179,8.286,8.14,8.274,265532107,2186214347.63
2026-02-06 11:00:00,8.277,8.319,8.264,8.283,192052427,1591858549.93
2026-02-06 11:30:00,8.284,8.316,8.267,8.3,48599047,403096695.5
2026-02-06 13:30:00,8.301,8.33,8.282,8.304,39145573,325117032.29
2026-02-06 14:00:00,8.304,8.316,8.283,8.311,32314151,268315167.14
2026-02-06 14:30:00,8.311,8.323,8.256,8.276,65557593,543144658.0
2026-02-06 15:00:00,8.276,8.282,8.211,8.213,130937055,1078310293.61
2026-02-09 10:00:00,8.35,8.383,8.306,8.333,166541468,1389066870.77
2026-02-09 10:30:00,8.334,8.393,8.325,8.375,194347072,1625583692.57
2026-02-09 11:00:00,8.375,8.382,8.356,8.378,39918469,334197422.47
2026-02-09 11:30:00,8.378,8.396,8.361,8.365,27564155,230822233.97
2026-02-09 13:30:00,8.366,8.38,8.35,8.377,35394943,296220277.97
2026-02-09 14:00:00,8.378,8.39,8.368,8.387,21231479,177955179.82
2026-02-09 14:30:00,8.388,8.396,8.363,8.373,37599988,314987632.81
2026-02-09 15:00:00,8.373,8.397,8.369,8.396,71665189,601079828.54
2026-02-10 10:00:00,8.395,8.4,8.329,8.376,73628271,616145914.48
2026-02-10 10:30:00,8.377,8.404,8.371,8.374,30585160,256395396.28
2026-02-10 11:00:00,8.374,8.384,8.353,8.364,22019020,184233140.34
2026-02-10 11:30:00,8.367,8.369,8.351,8.361,20330526,169969974.2
2026-02-10 13:30:00,8.361,8.386,8.355,8.379,71074030,595126544.53
2026-02-10 14:00:00,8.379,8.398,8.372,8.397,31261502,262252740.28
2026-02-10 14:30:00,8.398,8.398,8.376,8.384,36170120,303322626.32
2026-02-10 15:00:00,8.384,8.388,8.376,8.377,59273877,496734847.22
2026-02-11 10:00:00,8.355,8.457,8.355,8.428,97299669,818614548.52
2026-02-11 10:30:00,8.428,8.439,8.406,8.434,41648156,350941245.17
2026-02-11 11:00:00,8.434,8.45,8.427,8.434,15517846,130924066.7
2026-02-11 11:30:00,8.434,8.443,8.417,8.441,11832937,99795046.35
2026-02-11 13:30:00,8.439,8.445,8.421,8.426,12157096,102492424.01
2026-02-11 14:00:00,8.427,8.436,8.418,8.426,13004622,109585614.72
2026-02-11 14:30:00,8.425,8.426,8.408,8.409,26165928,220168840.17
2026-02-11 15:00:00,8.409,8.417,8.401,8.413,77609491,652721689.14
2026-02-12 10:00:00,8.41,8.472,8.41,8.468,67200021,567840177.45
2026-02-12 10:30:00,8.468,8.489,8.457,8.466,30687578,259944244.05
2026-02-12 11:00:00,8.466,8.488,8.458,8.48,26484208,224462490.87
2026-02-12 11:30:00,8.481,8.52,8.479,8.502,61705867,524520438.12
2026-02-12 13:30:00,8.498,8.507,8.484,8.495,41319079,351019349.13
2026-02-12 14:00:00,8.496,8.517,8.492,8.516,29987422,255142982.18
2026-02-12 14:30:00,8.516,8.527,8.513,8.517,47987047,408801653.39
2026-02-12 15:00:00,8.517,8.519,8.507,8.518,92245869,785442825.91
2026-02-13 10:00:00,8.474,8.486,8.43,8.484,124311540,1052504372.0
2026-02-13 10:30:00,8.483,8.496,8.461,8.461,50561421,428390066.33
2026-02-13 11:00:00,8.462,8.471,8.447,8.463,36145858,305806007.3
2026-02-13 11:30:00,8.463,8.464,8.421,8.441,96541470,815003089.74
2026-02-13 13:30:00,8.441,8.46,8.43,8.43,32194544,271721951.36
2026-02-13 14:00:00,8.431,8.452,8.41,8.429,66504867,560658197.1
2026-02-13 14:30:00,8.429,8.436,8.399,8.407,184667355,1553791124.97
2026-02-13 15:00:00,8.407,8.425,8.361,8.377,426469573,3577084621.8
2026-02-24 10:00:00,8.471,8.475,8.403,8.428,108914537,918730424.44
2026-02-24 10:30:00,8.428,8.5,8.427,8.49,50113245,424576116.06
2026-02-24 11:00:00,8.491,8.504,8.483,8.5,29019037,246536065.34
2026-02-24 11:30:00,8.499,8.534,8.499,8.513,51783397,440952886.59
2026-02-24 13:30:00,8.513,8.518,8.481,8.485,48650357,413268565.93
2026-02-24 14:00:00,8.486,8.495,8.465,8.484,42551595,360894261.06
2026-02-24 14:30:00,8.484,8.494,8.477,8.478,31647941,268469483.5
2026-02-24 15:00:00,8.478,8.479,8.464,8.469,76124806,644827856.69
2026-02-25 10:00:00,8.48,8.555,8.479,8.532,180066818,1534529423.0
2026-02-25 10:30:00,8.533,8.58,8.514,8.576,98097545,839387993.38
2026-02-25 11:00:00,8.576,8.599,8.575,8.596,54097927,464701192.93
2026-02-25 11:30:00,8.596,8.615,8.588,8.614,39299442,338197898.04
2026-02-25 13:30:00,8.614,8.633,8.606,8.625,59225935,510606527.61
2026-02-25 14:00:00,8.625,8.629,8.611,8.619,130101244,1121429356.2
2026-02-25 14:30:00,8.618,8.625,8.567,8.575,81129039,696817315.97
2026-02-25 15:00:00,8.575,8.605,8.571,8.603,93866187,806592144.89
2026-02-26 10:00:00,8.623,8.627,8.561,8.608,220203555,1893456968.26
2026-02-26 10:30:00,8.608,8.623,8.58,8.584,88150578,757712984.96
2026-02-26 11:00:00,8.585,8.612,8.579,8.606,64711650,556455478.35
2026-02-26 11:30:00,8.607,8.637,8.604,8.636,44706766,385625661.26
2026-02-26 13:30:00,8.636,8.656,8.631,8.654,75623364,653915228.51
2026-02-26 14:00:00,8.653,8.655,8.621,8.621,76935079,664129246.95
2026-02-26 14:30:00,8.622,8.627,8.611,8.617,76383625,658299541.46
2026-02-26 15:00:00,8.617,8.637,8.616,8.631,158842933,1370496825.92
2026-02-27 10:00:00,8.58,8.672,8.58,8.668,146975544,1269868700.16
2026-02-27 10:30:00,8.668,8.687,8.661,8.683,29229826,253627200.2
2026-02-27 11:00:00,8.683,8.697,8.66,8.666,26582208,230582932.93
2026-02-27 11:30:00,8.666,8.698,8.645,8.646,38369516,332395117.11
2026-02-27 13:30:00,8.646,8.704,8.644,8.702,49151334,426797416.9
2026-02-27 14:00:00,8.701,8.726,8.701,8.707,102379865,891865130.64
2026-02-27 14:30:00,8.706,8.728,8.701,8.708,52387253,456415210.55
2026-02-27 15:00:00,8.707,8.739,8.698,8.738,36959347,322470302.58
2026-03-02 10:00:00,8.682,8.773,8.64,8.752,145215712,1266523034.83
2026-03-02 10:30:00,8.752,8.766,8.62,8.663,182466471,1584356367.69
2026-03-02 11:00:00,8.663,8.705,8.648,8.689,59391403,515556972.31
2026-03-02 11:30:00,8.689,8.695,8.653,8.678,33802707,293249750.79
2026-03-02 13:30:00,8.677,8.77,8.673,8.752,41209062,359823793.03
2026-03-02 14:00:00,8.752,8.76,8.72,8.725,65374396,571045349.06
2026-03-02 14:30:00,8.725,8.736,8.706,8.733,93072099,812054063.78
2026-03-02 15:00:00,8.736,8.743,8.723,8.732,151863891,1326176738.81
2026-03-03 10:00:00,8.74,8.74,8.515,8.517,192059990,1649923354.09
2026-03-03 10:30:00,8.517,8.53,8.44,8.466,105751898,896635092.51
2026-03-03 11:00:00,8.467,8.558,8.467,8.557,93939745,801055518.86
2026-03-03 11:30:00,8.557,8.591,8.524,8.539,46138468,394545419.36
2026-03-03 13:30:00,8.538,8.538,8.474,8.477,34339520,291760008.43
2026-03-03 14:00:00,8.476,8.479,8.407,8.409,37166882,313378760.06
2026-03-03 14:30:00,8.409,8.414,8.359,8.409,63683740,534561313.56
2026-03-03 15:00:00,8.409,8.416,8.335,8.374,106709424,893691426.0
2026-03-04 10:00:00,8.241,8.421,8.237,8.4,179723593,1501171264.46
2026-03-04 10:30:00,8.399,8.466,8.393,8.401,85465254,719617438.68
2026-03-04 11:00:00,8.401,8.402,8.325,8.352,51733086,432471354.6
2026-03-04 11:30:00,8.352,8.36,8.301,8.312,35446048,295064718.9
2026-03-04 13:30:00,8.312,8.358,8.297,8.32,39881917,332016959.03
2026-03-04 14:00:00,8.32,8.383,8.315,8.339,39537618,329967780.62
2026-03-04 14:30:00,8.338,8.338,8.291,8.305,46217287,384127278.02
2026-03-04 15:00:00,8.305,8.338,8.3,8.317,48976668,407404249.98
2026-03-05 10:00:00,8.433,8.459,8.365,8.368,146262375,1228213917.0
2026-03-05 10:30:00,8.368,8.422,8.368,8.417,48784416,409902924.7
2026-03-05 11:00:00,8.417,8.43,8.386,8.426,78009478,656371747.89
2026-03-05 11:30:00,8.426,8.435,8.391,8.402,82408845,693003447.22
2026-03-05 13:30:00,8.401,8.414,8.387,8.409,51745509,434834760.63
2026-03-05 14:00:00,8.41,8.418,8.369,8.373,29955145,251223816.07
2026-03-05 14:30:00,8.373,8.373,8.311,8.345,64791218,540553131.77
2026-03-05 15:00:00,8.345,8.377,8.33,8.372,50207173,419715230.56
2026-03-06 10:00:00,8.31,8.421,8.31,8.371,80029159,669630649.74
2026-03-06 10:30:00,8.371,8.456,8.37,8.433,62470329,525979346.74
2026-03-06 11:00:00,8.434,8.455,8.424,8.445,25438221,214732502.87
2026-03-06 11:30:00,8.446,8.469,8.445,8.467,26247959,222066482.46
2026-03-06 13:30:00,8.467,8.469,8.414,8.418,24174528,203879910.98
2026-03-06 14:00:00,8.419,8.451,8.417,8.429,22169216,186938219.05
2026-03-06 14:30:00,8.429,8.432,8.412,8.42,19076624,160650609.58
2026-03-06 15:00:00,8.42,8.429,8.414,8.42,58139603,489593596.86
2026-03-09 10:00:00,8.298,8.299,8.144,8.145,199037999,1631315439.8
2026-03-09 10:30:00,8.145,8.196,8.124,8.166,52394113,427640750.31
2026-03-09 11:00:00,8.165,8.237,8.161,8.229,32017734,262833578.41
2026-03-09 11:30:00,8.23,8.254,8.214,8.247,24633196,202936479.71
2026-03-09 13:30:00,8.248,8.308,8.223,8.307,34117234,282467952.7
2026-03-09 14:00:00,8.306,8.348,8.292,8.345,50184074,417949696.3
2026-03-09 14:30:00,8.345,8.38,8.339,8.356,43328851,362156979.61
2026-03-09 15:00:00,8.357,8.378,8.336,8.355,33726449,281829449.99
2026-03-10 10:00:00,8.44,8.486,8.432,8.442,212220108,1793967312.96
2026-03-10 10:30:00,8.442,8.458,8.427,8.433,43804860,369683815.16
2026-03-10 11:00:00,8.433,8.441,8.412,8.421,44877825,378080716.35
2026-03-10 11:30:00,8.421,8.43,8.391,8.418,40777083,343057599.28
2026-03-10 13:30:00,8.418,8.451,8.408,8.447,26146918,220557968.97
2026-03-10 14:00:00,8.448,8.466,8.444,8.465,15643426,132317311.58
2026-03-10 14:30:00,8.465,8.477,8.449,8.459,17640095,149264603.86
2026-03-10 15:00:00,8.459,8.492,8.458,8.48,34463551,292136033.98
2026-03-11 10:00:00,8.489,8.519,8.464,8.472,61672188,523288515.18
2026-03-11 10:30:00,8.472,8.501,8.467,8.486,33651704,285523491.21
2026-03-11 11:00:00,8.486,8.498,8.475,8.491,46004670,390487638.96
2026-03-11 11:30:00,8.491,8.492,8.454,8.478,32422873,274773041.05
2026-03-11 13:30:00,8.478,8.482,8.449,8.451,37911142,320753535.41
2026-03-11 14:00:00,8.449,8.461,8.441,8.46,40700332,344080606.73
2026-03-11 14:30:00,8.46,8.482,8.459,8.476,57040696,483267790.08
2026-03-11 15:00:00,8.476,8.48,8.466,8.469,75824742,642361939.31
2026-03-12 10:00:00,8.452,8.495,8.437,8.458,103764638,878194719.61
2026-03-12 10:30:00,8.458,8.464,8.439,8.446,51726635,437072823.54
2026-03-12 11:00:00,8.446,8.454,8.393,8.399,45490820,382820413.91
2026-03-12 11:30:00,8.399,8.404,8.36,8.361,52004821,435540375.88
2026-03-12 13:30:00,8.361,8.38,8.354,8.361,16055745,134306306.93
2026-03-12 14:00:00,8.364,8.42,8.362,8.415,20439374,171670302.23
2026-03-12 14:30:00,8.416,8.428,8.405,8.415,14712107,123817092.51
2026-03-12 15:00:00,8.415,8.438,8.411,8.427,21428283,180540427.04
2026-03-13 10:00:00,8.362,8.426,8.334,8.398,57566707,482754404.9
2026-03-13 10:30:00,8.4,8.447,8.386,8.411,20218542,170132291.42
2026-03-13 11:00:00,8.412,8.43,8.4,8.403,13722968,115423883.85
2026-03-13 11:30:00,8.404,8.405,8.361,8.366,10202608,85470648.09
2026-03-13 13:30:00,8.367,8.386,8.355,8.355,9876394,82619327.94
2026-03-13 14:00:00,8.354,8.386,8.349,8.35,11621588,97175844.99
2026-03-13 14:30:00,8.35,8.36,8.325,8.33,27285247,227513484.57
2026-03-13 15:00:00,8.33,8.335,8.29,8.313,47735046,396805525.72
2026-03-16 10:00:00,8.298,8.308,8.17,8.2,66391284,546134702.18
2026-03-16 10:30:00,8.2,8.22,8.148,8.158,51292572,419333873.62
2026-03-16 11:00:00,8.158,8.166,8.124,8.137,55641924,453055092.52
2026-03-16 11:30:00,8.139,8.187,8.129,8.186,23767688,194118630.46
2026-03-16 13:30:00,8.185,8.261,8.185,8.243,65584918,539742013.5
2026-03-16 14:00:00,8.243,8.262,8.223,8.24,35704248,294262510.6
2026-03-16 14:30:00,8.24,8.262,8.223,8.246,43577898,359241665.15
2026-03-16 15:00:00,8.246,8.261,8.23,8.258,50928989,420147182.92
2026-03-17 10:00:00,8.265,8.29,8.184,8.259,77419306,638270565.1
2026-03-17 10:30:00,8.259,8.275,8.228,8.24,36511894,301137931.08
2026-03-17 11:00:00,8.24,8.258,8.212,8.212,23775708,195610674.95
2026-03-17 11:30:00,8.212,8.216,8.184,8.19,36263559,297240305.27
2026-03-17 13:30:00,8.191,8.209,8.17,8.178,18773696,153675217.56
2026-03-17 14:00:00,8.179,8.181,8.135,8.136,24054634,196061303.52
2026-03-17 14:30:00,8.136,8.139,8.099,8.099,36403751,295319362.7
2026-03-17 15:00:00,8.099,8.118,8.074,8.078,96001045,776648454.05
2026-03-18 10:00:00,8.11,8.129,8.066,8.089,136243059,1102842148.25
2026-03-18 10:30:00,8.089,8.11,8.068,8.08,86317929,697966773.89
2026-03-18 11:00:00,8.081,8.088,8.023,8.038,41165335,331367224.97
2026-03-18 11:30:00,8.038,8.09,8.038,8.086,32252749,260322688.1
2026-03-18 13:30:00,8.084,8.115,8.056,8.063,26895319,217260386.88
2026-03-18 14:00:00,8.064,8.129,8.061,8.116,31769545,257396853.59
2026-03-18 14:30:00,8.116,8.166,8.116,8.163,36617128,298368564.65
2026-03-18 15:00:00,8.163,8.168,8.149,8.159,100886982,823103257.14
2026-03-19 10:00:00,8.04,8.073,8.01,8.027,98944482,795183820.34
2026-03-19 10:30:00,8.029,8.037,7.961,8.007,94193446,753704557.08
2026-03-19 11:00:00,8.008,8.048,8.004,8.021,23932788,192044668.51
2026-03-19 11:30:00,8.022,8.042,7.988,8.016,19024710,152489392.22
2026-03-19 13:30:00,8.016,8.016,7.947,7.95,33351824,265847389.1
2026-03-19 14:00:00,7.949,7.982,7.931,7.962,27051471,215284623.38
2026-03-19 14:30:00,7.962,7.997,7.932,7.935,21199741,168636873.07
2026-03-19 15:00:00,7.935,7.953,7.906,7.946,74101872,587998354.32
2026-03-20 10:00:00,7.96,8.012,7.924,7.955,286012077,2277704843.87
2026-03-20 10:30:00,7.955,7.97,7.911,7.939,111333247,883985981.18
2026-03-20 11:00:00,7.939,7.949,7.9,7.902,77154901,610835351.22
2026-03-20 11:30:00,7.902,7.993,7.884,7.986,42852350,340861876.02
2026-03-20 13:30:00,7.986,8.001,7.923,7.936,54674714,434846225.35
2026-03-20 14:00:00,7.937,7.938,7.897,7.9,46698864,369465845.68
2026-03-20 14:30:00,7.9,7.918,7.873,7.877,32070333,253013547.15
2026-03-20 15:00:00,7.877,7.888,7.809,7.813,80837465,633496267.38
2026-03-23 10:00:00,7.701,7.725,7.625,7.715,179769169,1382125294.33
2026-03-23 10:30:00,7.717,7.777,7.694,7.695,42397613,327394367.59
2026-03-23 11:00:00,7.695,7.697,7.634,7.68,89448197,686097487.06
2026-03-23 11:30:00,7.679,7.691,7.625,7.627,26949292,206099202.12
2026-03-23 13:30:00,7.627,7.671,7.56,7.562,53683106,407866345.02
2026-03-23 14:00:00,7.562,7.601,7.51,7.548,84613428,639085221.68
2026-03-23 14:30:00,7.549,7.556,7.463,7.518,94859255,712614343.31
2026-03-23 15:00:00,7.518,7.52,7.46,7.509,103081060,772729986.11
2026-03-24 10:00:00,7.589,7.598,7.464,7.466,100862302,757408646.49
2026-03-24 10:30:00,7.465,7.518,7.437,7.515,54182031,405823412.19
2026-03-24 11:00:00,7.515,7.579,7.508,7.544,63270286,477289947.49
2026-03-24 11:30:00,7.545,7.566,7.519,7.549,62538106,471829163.73
2026-03-24 13:30:00,7.548,7.552,7.471,7.475,33713128,252825984.58
2026-03-24 14:00:00,7.475,7.535,7.471,7.524,32016247,240442014.97
2026-03-24 14:30:00,7.524,7.64,7.522,7.635,128878841,979350312.76
2026-03-24 15:00:00,7.635,7.657,7.624,7.655,115626172,884000627.0
2026-03-25 10:00:00,7.7,7.879,7.698,7.851,222948128,1741076247.59
2026-03-25 10:30:00,7.85,7.863,7.827,7.831,77551906,608032793.68
2026-03-25 11:00:00,7.831,7.848,7.804,7.812,56387785,441027662.41
2026-03-25 11:30:00,7.812,7.817,7.777,7.783,59774396,465782018.43
2026-03-25 13:30:00,7.783,7.842,7.782,7.838,24811035,194038834.39
2026-03-25 14:00:00,7.838,7.84,7.795,7.82,34278754,268002725.02
2026-03-25 14:30:00,7.82,7.827,7.791,7.805,28342953,221292329.37
2026-03-25 15:00:00,7.804,7.829,7.804,7.827,82494379,645106043.78
2026-03-26 10:00:00,7.792,7.831,7.777,7.827,61364902,479362159.46
2026-03-26 10:30:00,7.827,7.835,7.785,7.791,34336972,267954283.83
2026-03-26 11:00:00,7.791,7.805,7.763,7.772,27318404,212537183.12
2026-03-26 11:30:00,7.777,7.783,7.757,7.762,17860400,138727680.27
2026-03-26 13:30:00,7.762,7.764,7.681,7.697,75611844,583269764.62
2026-03-26 14:00:00,7.698,7.724,7.687,7.691,48327836,372156555.76
2026-03-26 14:30:00,7.692,7.716,7.686,7.693,17877876,137629848.74
2026-03-26 15:00:00,7.693,7.708,7.682,7.699,37486200,288506290.6
2026-03-27 10:00:00,7.58,7.716,7.58,7.709,100246991,768727342.65
2026-03-27 10:30:00,7.709,7.743,7.691,7.74,27934897,215787767.69
2026-03-27 11:00:00,7.741,7.775,7.729,7.735,29185708,226082222.74
2026-03-27 11:30:00,7.735,7.771,7.734,7.769,16786380,130228736.04
2026-03-27 13:30:00,7.769,7.852,7.769,7.822,106966034,835868245.02
2026-03-27 14:00:00,7.823,7.848,7.792,7.793,28293796,221002840.56
2026-03-27 14:30:00,7.793,7.807,7.775,7.789,24346604,189668160.69
2026-03-27 15:00:00,7.79,7.807,7.787,7.804,62548575,487837185.95
2026-03-30 10:00:00,7.706,7.784,7.665,7.687,275862583,2127452240.1
2026-03-30 10:30:00,7.688,7.719,7.674,7.709,54446549,419274725.0
2026-03-30 11:00:00,7.711,7.755,7.692,7.753,21190816,163875643.73
2026-03-30 11:30:00,7.753,7.834,7.751,7.83,40917807,319363483.64
2026-03-30 13:30:00,7.834,7.836,7.789,7.792,19236930,150157063.27
2026-03-30 14:00:00,7.79,7.819,7.771,7.814,18841816,146991287.22
2026-03-30 14:30:00,7.814,7.828,7.798,7.815,20819304,162675101.69
2026-03-30 15:00:00,7.816,7.823,7.81,7.819,26926394,210492597.36
2026-03-31 10:00:00,7.805,7.852,7.78,7.852,96167479,752799025.61
2026-03-31 10:30:00,7.851,7.86,7.803,7.807,54677500,427760308.33
2026-03-31 11:00:00,7.807,7.811,7.739,7.74,53640537,416429368.91
2026-03-31 11:30:00,7.74,7.752,7.7,7.717,36453283,281528704.61
2026-03-31 13:30:00,7.717,7.742,7.708,7.736,18930323,146306156.36
2026-03-31 14:00:00,7.736,7.768,7.734,7.748,20777600,161026400.0
2026-03-31 14:30:00,7.749,7.749,7.686,7.687,32936608,253853416.73
2026-03-31 15:00:00,7.688,7.705,7.68,7.681,54816589,421466480.62
2026-04-01 10:00:00,7.815,7.836,7.763,7.764,136067955,1059651877.56
2026-04-01 10:30:00,7.765,7.795,7.755,7.764,67251797,522636131.75
2026-04-01 11:00:00,7.765,7.806,7.758,7.792,19437477,151327237.6
2026-04-01 11:30:00,7.792,7.798,7.766,7.773,12395930,96427939.47
2026-04-01 13:30:00,7.773,7.836,7.761,7.835,30414847,237560231.63
2026-04-01 14:00:00,7.835,7.85,7.767,7.775,34226831,266878010.25
2026-04-01 14:30:00,7.775,7.807,7.773,7.801,16827548,131148299.93
2026-04-01 15:00:00,7.801,7.823,7.793,7.809,40046247,312694445.32
2026-04-02 10:00:00,7.771,7.809,7.729,7.769,137048652,1064730977.39
2026-04-02 10:30:00,7.768,7.774,7.702,7.712,126119528,974819871.75
2026-04-02 11:00:00,7.713,7.734,7.691,7.722,28730482,221674822.28
2026-04-02 11:30:00,7.723,7.733,7.7,7.704,13011000,100345169.0
2026-04-02 13:30:00,7.701,7.701,7.662,7.683,24551500,188604623.0
2026-04-02 14:00:00,7.683,7.686,7.632,7.634,29883667,228629974.99
2026-04-02 14:30:00,7.634,7.674,7.619,7.659,76320451,583902330.45
2026-04-02 15:00:00,7.659,7.674,7.641,7.673,50768889,389025073.44
2026-04-03 10:00:00,7.697,7.707,7.624,7.632,72905174,558040503.52
2026-04-03 10:30:00,7.634,7.65,7.603,7.642,43684832,333388076.21
2026-04-03 11:00:00,7.643,7.67,7.623,7.623,17371036,132691553.66
2026-04-03 11:30:00,7.623,7.631,7.596,7.605,16003980,121800957.12
2026-04-03 13:30:00,7.605,7.609,7.581,7.596,18821798,142957829.74
2026-04-03 14:00:00,7.596,7.643,7.591,7.64,22646639,172673073.5
2026-04-03 14:30:00,7.64,7.66,7.607,7.61,17571092,133991290.56
2026-04-03 15:00:00,7.612,7.617,7.594,7.605,31772328,241639145.22
2026-04-07 10:00:00,7.617,7.701,7.617,7.678,169507441,1299331037.75
2026-04-07 10:30:00,7.678,7.694,7.646,7.666,28150594,215877521.85
2026-04-07 11:00:00,7.667,7.678,7.649,7.658,16902052,129497888.41
2026-04-07 11:30:00,7.658,7.665,7.602,7.608,16081137,122618669.62
2026-04-07 13:30:00,7.608,7.636,7.6,7.617,14310658,109013822.42
2026-04-07 14:00:00,7.618,7.654,7.613,7.652,28081972,214536905.42
2026-04-07 14:30:00,7.652,7.66,7.632,7.636,22363607,170917593.77
2026-04-07 15:00:00,7.636,7.637,7.612,7.631,32734294,249653548.91
2026-04-08 10:00:00,7.82,7.901,7.815,7.871,669054500,5260329497.17
2026-04-08 10:30:00,7.872,7.898,7.86,7.896,132595667,1045472635.74
2026-04-08 11:00:00,7.896,7.935,7.894,7.923,81808665,647706470.36
2026-04-08 11:30:00,7.924,7.955,7.924,7.947,50947427,404624465.23
2026-04-08 13:30:00,7.948,7.985,7.946,7.967,35102085,279623209.11
2026-04-08 14:00:00,7.967,8.015,7.962,7.998,60447831,483078916.08
2026-04-08 14:30:00,8.0,8.014,7.993,8.004,43381225,347208864.49
2026-04-08 15:00:00,8.004,8.029,8.003,8.028,81667123,654970326.46
2026-04-09 10:00:00,7.961,7.989,7.908,7.976,138723876,1103918363.92
2026-04-09 10:30:00,7.977,8.005,7.97,7.993,96818379,773514302.62
2026-04-09 11:00:00,7.993,8.009,7.983,7.994,69756926,557729875.68
2026-04-09 11:30:00,7.994,7.996,7.961,7.963,23649953,188568958.59
2026-04-09 13:30:00,7.963,7.972,7.933,7.952,60012135,477236501.56
2026-04-09 14:00:00,7.952,7.981,7.948,7.968,65408730,521024140.27
2026-04-09 14:30:00,7.969,7.982,7.965,7.968,66278461,528349798.27
2026-04-09 15:00:00,7.968,7.973,7.951,7.968,122177360,973020495.04
2026-04-10 10:00:00,8.015,8.136,8.015,8.135,110761563,896651773.01
2026-04-10 10:30:00,8.135,8.149,8.099,8.1,61835660,501858216.56
2026-04-10 11:00:00,8.1,8.107,8.072,8.092,24218414,195935042.06
2026-04-10 11:30:00,8.093,8.093,8.055,8.056,33908941,273577335.99
2026-04-10 13:30:00,8.055,8.081,8.049,8.053,21269350,171452230.35
2026-04-10 14:00:00,8.053,8.095,8.048,8.084,24433906,197320080.22
2026-04-10 14:30:00,8.084,8.092,8.057,8.059,28452139,229589793.64
2026-04-10 15:00:00,8.059,8.064,8.033,8.036,75154931,604571316.61
2026-04-13 10:00:00,7.985,8.059,7.978,8.058,110169358,884843560.34
2026-04-13 10:30:00,8.059,8.059,8.03,8.048,21143607,170114414.05
2026-04-13 11:00:00,8.05,8.056,8.011,8.023,23074263,185286331.89
2026-04-13 11:30:00,8.023,8.03,8.008,8.021,21549406,172819052.98
2026-04-13 13:30:00,8.022,8.041,8.011,8.04,19033492,152851629.75
2026-04-13 14:00:00,8.041,8.055,8.036,8.044,42187338,339397134.21
2026-04-13 14:30:00,8.044,8.056,8.036,8.043,21087802,169651367.09
2026-04-13 15:00:00,8.043,8.043,8.023,8.029,219483029,1762814527.92
2026-04-14 10:00:00,8.11,8.135,8.068,8.114,84345070,683673022.4
2026-04-14 10:30:00,8.116,8.135,8.096,8.132,32462431,263627402.15
2026-04-14 11:00:00,8.132,8.139,8.106,8.12,40856370,331821818.35
2026-04-14 11:30:00,8.12,8.138,8.113,8.136,19536177,158809582.83
2026-04-14 13:30:00,8.136,8.139,8.081,8.088,59807174,484597595.2
2026-04-14 14:00:00,8.089,8.094,8.067,8.086,30657987,247788070.26
2026-04-14 14:30:00,8.086,8.1,8.084,8.094,60908300,492910569.13
2026-04-14 15:00:00,8.095,8.162,8.094,8.158,108240248,880859138.22
2026-04-15 10:00:00,8.22,8.235,8.186,8.203,131192642,1076829205.54
2026-04-15 10:30:00,8.203,8.218,8.175,8.175,23995480,196506984.21
2026-04-15 11:00:00,8.175,8.191,8.162,8.163,30918635,252667085.22
2026-04-15 11:30:00,8.163,8.173,8.143,8.168,23809258,194315290.96
2026-04-15 13:30:00,8.169,8.179,8.138,8.142,30551257,249084398.32
2026-04-15 14:00:00,8.142,8.15,8.124,8.135,46243667,376253889.27
2026-04-15 14:30:00,8.137,8.146,8.106,8.121,44296169,359876842.35
2026-04-15 15:00:00,8.121,8.125,8.095,8.111,77310881,627017015.2
2026-04-16 10:00:00,8.13,8.205,8.125,8.2,83782044,685057846.44
2026-04-16 10:30:00,8.201,8.219,8.19,8.192,60156455,493302983.15
2026-04-16 11:00:00,8.192,8.221,8.192,8.218,80791665,663326500.2
2026-04-16 11:30:00,8.219,8.242,8.208,8.232,34083232,280414110.74
2026-04-16 13:30:00,8.231,8.235,8.2,8.216,52983862,435368394.05
2026-04-16 14:00:00,8.216,8.236,8.205,8.234,34470352,283518645.2
2026-04-16 14:30:00,8.234,8.26,8.227,8.251,60921440,502358194.24
2026-04-16 15:00:00,8.251,8.271,8.246,8.253,80779569,666969974.71
2026-04-17 10:00:00,8.232,8.255,8.21,8.235,71614755,589628149.5
2026-04-17 10:30:00,8.236,8.258,8.216,8.248,58084164,478652234.14
2026-04-17 11:00:00,8.248,8.278,8.245,8.261,59790739,493951225.13
2026-04-17 11:30:00,8.261,8.271,8.246,8.247,56789822,468781050.67
2026-04-17 13:30:00,8.251,8.278,8.235,8.269,59904792,494853518.45
2026-04-17 14:00:00,8.27,8.312,8.261,8.297,69859951,579138993.79
2026-04-17 14:30:00,8.296,8.308,8.27,8.279,39500307,327286377.03
2026-04-17 15:00:00,8.279,8.294,8.273,8.292,47429158,393013812.91
2026-04-20 10:00:00,8.281,8.394,8.278,8.392,171379016,1431814552.34
2026-04-20 10:30:00,8.392,8.392,8.345,8.378,87880757,735708404.02
2026-04-20 11:00:00,8.379,8.383,8.354,8.378,110135109,922014420.84
2026-04-20 11:30:00,8.378,8.383,8.331,8.374,29856811,249682558.12
2026-04-20 13:30:00,8.374,8.379,8.341,8.348,74303057,620876344.29
2026-04-20 14:00:00,8.349,8.356,8.326,8.339,40587962,338517132.4
2026-04-20 14:30:00,8.339,8.354,8.335,8.346,131969802,1101287997.69
2026-04-20 15:00:00,8.346,8.36,8.341,8.355,266429120,2225216010.24
2026-04-21 10:00:00,8.351,8.351,8.256,8.3,98093821,814407599.88
2026-04-21 10:30:00,8.3,8.307,8.276,8.29,33640224,278911097.18
2026-04-21 11:00:00,8.291,8.312,8.288,8.306,42970900,356744411.8
2026-04-21 11:30:00,8.307,8.312,8.282,8.287,46453412,385269114.66
2026-04-21 13:30:00,8.285,8.341,8.285,8.328,22777196,189460716.33
2026-04-21 14:00:00,8.33,8.348,8.319,8.32,52461041,436948010.49
2026-04-21 14:30:00,8.32,8.329,8.304,8.329,64388164,535752449.92
2026-04-21 15:00:00,8.329,8.339,8.327,8.333,100559659,837963638.45
2026-04-22 10:00:00,8.283,8.389,8.283,8.353,71752449,598535012.08
2026-04-22 10:30:00,8.353,8.38,8.331,8.373,48934007,409153543.86
2026-04-22 11:00:00,8.375,8.38,8.361,8.369,60429490,505794831.3
2026-04-22 11:30:00,8.37,8.403,8.36,8.4,57301513,480625990.54
2026-04-22 13:30:00,8.4,8.422,8.384,8.422,100143926,842143655.04
2026-04-22 14:00:00,8.421,8.434,8.405,8.418,85064096,716154624.22
2026-04-22 14:30:00,8.418,8.428,8.403,8.422,90646321,763030514.74
2026-04-22 15:00:00,8.422,8.457,8.42,8.449,124050584,1047235030.13
2026-04-23 10:00:00,8.46,8.474,8.35,8.372,231001739,1940106605.28
2026-04-23 10:30:00,8.375,8.409,8.36,8.39,83597255,701074446.18
2026-04-23 11:00:00,8.392,8.401,8.341,8.365,55041807,460644882.78
2026-04-23 11:30:00,8.365,8.373,8.299,8.301,71434726,594646470.8
2026-04-23 13:30:00,8.3,8.351,8.296,8.337,40948883,341022297.62
2026-04-23 14:00:00,8.337,8.387,8.33,8.386,52609133,440215688.57
2026-04-23 14:30:00,8.387,8.395,8.345,8.345,86659616,724618822.45
2026-04-23 15:00:00,8.346,8.386,8.34,8.377,72687142,608221775.21
2026-04-24 10:00:00,8.321,8.365,8.26,8.276,81120216,673324832.87
2026-04-24 10:30:00,8.276,8.283,8.242,8.264,45785221,378323281.12
2026-04-24 11:00:00,8.264,8.312,8.263,8.311,78435014,650644586.13
2026-04-24 11:30:00,8.312,8.315,8.26,8.277,38625155,319970784.02
2026-04-24 13:30:00,8.277,8.31,8.258,8.293,38296771,317365341.28
2026-04-24 14:00:00,8.292,8.315,8.287,8.303,48795355,405082772.09
2026-04-24 14:30:00,8.305,8.38,8.303,8.366,57751580,482206442.47
2026-04-24 15:00:00,8.366,8.376,8.319,8.323,48350044,403207133.6
2026-04-27 10:00:00,8.32,8.35,8.292,8.348,59609555,496547593.15
2026-04-27 10:30:00,8.348,8.396,8.344,8.379,43000919,360046694.79
2026-04-27 11:00:00,8.38,8.398,8.362,8.377,105315601,882439420.78
2026-04-27 11:30:00,8.378,8.381,8.356,8.367,107693371,901178128.53
2026-04-27 13:30:00,8.368,8.393,8.355,8.388,105596080,884754355.63
2026-04-27 14:00:00,8.388,8.398,8.36,8.363,119922887,1004194281.44
2026-04-27 14:30:00,8.363,8.375,8.355,8.368,42433980,355002676.68
2026-04-27 15:00:00,8.368,8.372,8.36,8.369,43946380,367699361.46
2026-04-28 10:00:00,8.346,8.356,8.298,8.316,85250269,709566405.64
2026-04-28 10:30:00,8.316,8.33,8.285,8.324,84255556,700416437.03
2026-04-28 11:00:00,8.326,8.331,8.306,8.315,100632060,836990387.04
2026-04-28 11:30:00,8.315,8.34,8.301,8.33,102753102,855282570.01
2026-04-28 13:30:00,8.33,8.332,8.291,8.295,74740424,620793961.74
2026-04-28 14:00:00,8.296,8.298,8.247,8.271,120943434,1000444086.05
2026-04-28 14:30:00,8.271,8.295,8.247,8.249,32058082,264917303.62
2026-04-28 15:00:00,8.249,8.284,8.247,8.274,36305769,300188200.02
2026-04-29 10:00:00,8.24,8.342,8.234,8.315,191705976,1590584482.87
2026-04-29 10:30:00,8.315,8.36,8.29,8.352,116123777,967775557.52
2026-04-29 11:00:00,8.351,8.371,8.344,8.357,143864252,1202321508.71
2026-04-29 11:30:00,8.358,8.405,8.356,8.383,91660288,768235427.16
2026-04-29 13:30:00,8.383,8.399,8.377,8.392,132846763,1114495777.06
2026-04-29 14:00:00,8.393,8.415,8.379,8.41,116932343,982387590.99
2026-04-29 14:30:00,8.41,8.436,8.408,8.429,34445835,290183195.99
2026-04-29 15:00:00,8.429,8.434,8.413,8.423,51388308,432860847.72
2026-04-30 10:00:00,8.41,8.424,8.377,8.412,179440676,1508079254.66
2026-04-30 10:30:00,8.412,8.413,8.37,8.394,110930980,930969761.15
2026-04-30 11:00:00,8.394,8.399,8.376,8.383,77657179,651233103.09
2026-04-30 11:30:00,8.384,8.416,8.376,8.407,43165950,362579591.35
2026-04-30 13:30:00,8.406,8.407,8.382,8.385,125899676,1056466147.87
2026-04-30 14:00:00,8.385,8.414,8.384,8.41,106559933,895387597.02
2026-04-30 14:30:00,8.411,8.426,8.407,8.425,75969562,639613065.67
2026-04-30 15:00:00,8.425,8.45,8.425,8.429,59737983,503869973.94
2026-05-06 10:00:00,8.519,8.657,8.518,8.655,312657842,2691984019.62
2026-05-06 10:30:00,8.655,8.682,8.637,8.676,126563212,1096670231.98
2026-05-06 11:00:00,8.677,8.68,8.652,8.664,196985715,1706946882.38
2026-05-06 11:30:00,8.664,8.698,8.662,8.686,100527703,872781517.45
2026-05-06 13:30:00,8.686,8.701,8.676,8.681,108452210,942015896.06
2026-05-06 14:00:00,8.681,8.702,8.674,8.691,37848032,328861550.05
2026-05-06 14:30:00,8.691,8.691,8.631,8.666,49304556,427108933.78
2026-05-06 15:00:00,8.666,8.675,8.655,8.658,93108890,806571277.77
2026-05-07 10:00:00,8.702,8.711,8.669,8.682,130118255,1130380653.94
2026-05-07 10:30:00,8.682,8.702,8.672,8.688,158420662,1376253097.68
2026-05-07 11:00:00,8.688,8.704,8.685,8.698,144607264,1257456565.32
2026-05-07 11:30:00,8.698,8.731,8.688,8.722,98995615,862614790.57
2026-05-07 13:30:00,8.721,8.729,8.702,8.717,144127761,1256217564.88
2026-05-07 14:00:00,8.717,8.778,8.716,8.76,119997008,1050133816.01
2026-05-07 14:30:00,8.76,8.778,8.76,8.765,213660018,1873299817.82
2026-05-07 15:00:00,8.765,8.775,8.758,8.774,219233502,1922458579.04
2026-05-08 10:00:00,8.715,8.788,8.712,8.773,97154606,850847654.48
2026-05-08 10:30:00,8.774,8.776,8.736,8.74,153524695,1343443431.05
2026-05-08 11:00:00,8.741,8.752,8.72,8.72,196337335,1714155826.11
2026-05-08 11:30:00,8.721,8.722,8.691,8.701,74623871,649575922.43
2026-05-08 13:30:00,8.701,8.763,8.7,8.763,166568601,1456142709.94
2026-05-08 14:00:00,8.762,8.777,8.751,8.773,144506921,1266892176.41
2026-05-08 14:30:00,8.774,8.779,8.759,8.765,185656829,1627777191.06
2026-05-08 15:00:00,8.766,8.772,8.761,8.771,92725789,813019717.95
2026-05-11 10:00:00,8.838,8.861,8.788,8.828,177228443,1564159161.77
2026-05-11 10:30:00,8.828,8.894,8.821,8.874,57978211,513860884.09
2026-05-11 11:00:00,8.874,8.913,8.863,8.913,46474280,413450686.31
2026-05-11 11:30:00,8.913,8.945,8.892,8.937,34869180,311195808.44
2026-05-11 13:30:00,8.938,8.942,8.869,8.893,88397200,786852942.93
2026-05-11 14:00:00,8.894,8.905,8.879,8.891,70023866,622628875.18
2026-05-11 14:30:00,8.891,8.932,8.89,8.92,31466897,280495919.86
2026-05-11 15:00:00,8.92,8.93,8.9,8.912,154436327,1376645418.88
2026-05-12 10:00:00,8.92,8.927,8.823,8.873,108064048,958996383.3
2026-05-12 10:30:00,8.873,8.885,8.851,8.857,47685656,422701550.0
2026-05-12 11:00:00,8.858,8.901,8.856,8.879,67702539,601108276.27
2026-05-12 11:30:00,8.88,8.892,8.825,8.836,58050590,513805772.09
2026-05-12 13:30:00,8.837,8.867,8.821,8.865,67736229,599533362.88
2026-05-12 14:00:00,8.864,8.868,8.834,8.85,31441693,278279944.18
2026-05-12 14:30:00,8.851,8.868,8.841,8.858,34136548,302301890.24
2026-05-12 15:00:00,8.858,8.87,8.855,8.864,95580777,847132426.55
2026-05-13 10:00:00,8.8,8.889,8.8,8.844,123787633,1094819088.8
2026-05-13 10:30:00,8.844,8.895,8.829,8.895,38646566,342910980.12
2026-05-13 11:00:00,8.895,8.9,8.87,8.871,42787603,379968177.17
2026-05-13 11:30:00,8.872,8.931,8.864,8.904,78569378,699241274.41
2026-05-13 13:30:00,8.905,8.969,8.905,8.96,102622671,917925584.54
2026-05-13 14:00:00,8.96,8.98,8.947,8.978,42809716,383931802.99
2026-05-13 14:30:00,8.978,9.002,8.96,8.998,37037084,332839928.21
2026-05-13 15:00:00,8.999,9.021,8.994,9.007,49184453,443020762.99
2026-05-14 10:00:00,9.049,9.049,8.861,8.886,310664876,2774858672.43
2026-05-14 10:30:00,8.886,8.905,8.846,8.868,184255802,1634901731.15
2026-05-14 11:00:00,8.868,8.888,8.832,8.864,59217256,524743844.5
2026-05-14 11:30:00,8.865,8.865,8.794,8.827,88833754,784283602.81
2026-05-14 13:30:00,8.827,8.876,8.808,8.864,26926252,238279379.37
2026-05-14 14:00:00,8.864,8.866,8.819,8.849,33438068,295748565.44
2026-05-14 14:30:00,8.849,8.895,8.844,8.865,25199224,223466718.43
2026-05-14 15:00:00,8.865,8.873,8.76,8.769,161723571,1423275240.51
2026-05-15 10:00:00,8.76,8.809,8.602,8.607,415793756,3606040647.87
2026-05-15 10:30:00,8.609,8.662,8.58,8.64,129411756,1116478356.26
2026-05-15 11:00:00,8.641,8.731,8.632,8.724,41261512,358796354.51
2026-05-15 11:30:00,8.724,8.796,8.72,8.77,69016923,604726279.33
2026-05-15 13:30:00,8.764,8.772,8.66,8.693,168268008,1465333903.0
2026-05-15 14:00:00,8.694,8.694,8.585,8.589,173596019,1496860606.5
2026-05-15 14:30:00,8.59,8.623,8.556,8.582,110976610,952956150.07
2026-05-15 15:00:00,8.584,8.647,8.553,8.608,205334611,1766425213.56
2026-05-18 10:00:00,8.559,8.683,8.551,8.675,124299409,1073491129.26
2026-05-18 10:30:00,8.676,8.696,8.642,8.66,44138259,382502152.49
2026-05-18 11:00:00,8.66,8.688,8.642,8.648,27534897,238433851.42
2026-05-18 11:30:00,8.648,8.674,8.616,8.638,41336308,357255931.27
2026-05-18 13:30:00,8.635,8.676,8.635,8.651,34100518,295105882.77
2026-05-18 14:00:00,8.651,8.67,8.594,8.597,51018304,439794786.58
2026-05-18 14:30:00,8.597,8.616,8.562,8.598,105378075,905408420.4
2026-05-18 15:00:00,8.598,8.639,8.578,8.638,53073328,457403631.81
2026-05-19 10:00:00,8.613,8.659,8.544,8.561,79394113,681836642.44
2026-05-19 10:30:00,8.561,8.561,8.481,8.486,153866078,1309297746.39
2026-05-19 11:00:00,8.487,8.565,8.485,8.541,86373538,736795070.32
2026-05-19 11:30:00,8.542,8.606,8.539,8.601,57050040,489603443.28
2026-05-19 13:30:00,8.602,8.63,8.556,8.626,50124583,431271912.13
2026-05-19 14:00:00,8.625,8.66,8.616,8.653,31783679,274706337.6
2026-05-19 14:30:00,8.653,8.681,8.638,8.672,80795097,699981788.71
2026-05-19 15:00:00,8.672,8.709,8.67,8.706,170402568,1481650328.76
2026-05-20 10:00:00,8.652,8.695,8.626,8.667,207586274,1798250696.24
2026-05-20 10:30:00,8.667,8.669,8.63,8.667,84840852,734325854.34
2026-05-20 11:00:00,8.668,8.682,8.635,8.656,38286434,331471183.43
2026-05-20 11:30:00,8.657,8.69,8.637,8.686,22170621,192241454.69
2026-05-20 13:30:00,8.686,8.76,8.665,8.694,44644098,388686398.55
2026-05-20 14:00:00,8.694,8.729,8.685,8.708,32450951,282561247.34
2026-05-20 14:30:00,8.708,8.725,8.69,8.716,25727232,224092766.46
2026-05-20 15:00:00,8.717,8.75,8.714,8.748,51085794,446353610.78
2026-05-21 10:00:00,8.8,8.878,8.791,8.875,196531402,1738909844.9
2026-05-21 10:30:00,8.877,8.887,8.844,8.865,43189342,382887913.28
2026-05-21 11:00:00,8.865,8.872,8.793,8.807,37315810,329274707.44
2026-05-21 11:30:00,8.808,8.817,8.748,8.75,22177691,194535312.89
2026-05-21 13:30:00,8.75,8.781,8.737,8.763,29133764,255221483.89
2026-05-21 14:00:00,8.763,8.763,8.68,8.68,46494278,404856674.73
2026-05-21 14:30:00,8.681,8.685,8.573,8.574,58490792,503644712.98
2026-05-21 15:00:00,8.574,8.598,8.484,8.505,101171831,862894546.6
2026-05-22 10:00:00,8.553,8.623,8.52,8.593,229879003,1972055340.4
2026-05-22 10:30:00,8.595,8.613,8.511,8.517,142359010,1216742458.47
2026-05-22 11:00:00,8.519,8.579,8.51,8.575,42083962,360014266.92
2026-05-22 11:30:00,8.575,8.593,8.543,8.591,25727007,220626236.36
2026-05-22 13:30:00,8.591,8.636,8.589,8.63,85700599,738596329.05
2026-05-22 14:00:00,8.63,8.682,8.63,8.651,65426230,566220403.16
2026-05-22 14:30:00,8.651,8.684,8.638,8.663,45070488,390385543.56
2026-05-22 15:00:00,8.663,8.667,8.645,8.66,156691183,1356527801.63
2026-05-25 10:00:00,8.708,8.73,8.619,8.627,210057062,1818814080.84
2026-05-25 10:30:00,8.628,8.707,8.627,8.698,134850657,1170144101.01
2026-05-25 11:00:00,8.698,8.733,8.676,8.733,72971804,635876300.06
2026-05-25 11:30:00,8.733,8.742,8.685,8.705,33987405,296052955.82
2026-05-25 13:30:00,8.705,8.762,8.7,8.734,50175531,438132736.69
2026-05-25 14:00:00,8.735,8.735,8.684,8.722,29505008,257096804.71
2026-05-25 14:30:00,8.724,8.773,8.722,8.764,27464723,240398720.42
2026-05-25 15:00:00,8.762,8.79,8.757,8.788,49501319,434539078.62
2026-05-26 10:00:00,8.743,8.748,8.631,8.676,55064690,478236832.65
2026-05-26 10:30:00,8.678,8.729,8.653,8.724,34903941,303734094.58
2026-05-26 11:00:00,8.725,8.739,8.64,8.668,33571006,291474664.43
2026-05-26 11:30:00,8.668,8.668,8.619,8.649,19235950,166301199.73
2026-05-26 13:30:00,8.65,8.7,8.644,8.684,12684538,110051051.69
2026-05-26 14:00:00,8.685,8.712,8.637,8.646,13973029,121076296.29
2026-05-26 14:30:00,8.646,8.709,8.617,8.709,15804385,137155721.16
2026-05-26 15:00:00,8.709,8.769,8.708,8.753,56164364,491063755.91
2026-05-27 10:00:00,8.74,8.821,8.738,8.756,63274501,555022831.27
2026-05-27 10:30:00,8.756,8.792,8.748,8.785,25134811,220557966.52
2026-05-27 11:00:00,8.786,8.805,8.74,8.75,37367503,327526163.8
2026-05-27 11:30:00,8.75,8.753,8.655,8.675,35001491,304314629.92
2026-05-27 13:30:00,8.675,8.698,8.656,8.689,30763976,267062075.66
2026-05-27 14:00:00,8.69,8.69,8.581,8.588,42571850,366955156.38
2026-05-27 14:30:00,8.588,8.66,8.58,8.649,42210728,364264512.4
2026-05-27 15:00:00,8.649,8.669,8.598,8.619,53917175,465233330.68
2026-05-28 10:00:00,8.575,8.612,8.532,8.539,64909379,555689193.62
2026-05-28 10:30:00,8.539,8.585,8.524,8.55,39081013,334259904.19
2026-05-28 11:00:00,8.552,8.597,8.543,8.544,18133078,155243325.12
2026-05-28 11:30:00,8.544,8.605,8.535,8.604,23064937,197927912.71
2026-05-28 13:30:00,8.603,8.619,8.506,8.604,52202828,447708853.87
2026-05-28 14:00:00,8.604,8.694,8.6,8.665,83330500,721058816.5
2026-05-28 14:30:00,8.666,8.684,8.646,8.653,25558935,221365936.04
2026-05-28 15:00:00,8.653,8.668,8.642,8.648,25940884,224457822.29
2026-05-29 10:00:00,8.66,8.681,8.562,8.576,69132296,594975583.47
2026-05-29 10:30:00,8.575,8.587,8.508,8.524,57665865,492447265.15
2026-05-29 11:00:00,8.523,8.582,8.509,8.541,27155351,232015318.94
2026-05-29 11:30:00,8.544,8.546,8.508,8.515,17345401,147834852.72
2026-05-29 13:30:00,8.515,8.579,8.513,8.541,13360560,114157078.16
2026-05-29 14:00:00,8.541,8.541,8.461,8.464,24310989,206367881.96
2026-05-29 14:30:00,8.464,8.466,8.406,8.42,48769902,411162787.13
2026-05-29 15:00:00,8.422,8.452,8.387,8.444,70204360,591658944.63
2026-06-01 10:00:00,8.434,8.488,8.393,8.48,153561770,1298160016.32
2026-06-01 10:30:00,8.483,8.532,8.477,8.491,35093324,298293254.0
2026-06-01 11:00:00,8.492,8.5,8.403,8.413,36433197,307447605.08
2026-06-01 11:30:00,8.413,8.424,8.358,8.42,34688689,291408113.39
2026-06-01 13:30:00,8.421,8.479,8.415,8.417,27418342,231328551.45
2026-06-01 14:00:00,8.417,8.439,8.394,8.408,10710695,90116217.5
2026-06-01 14:30:00,8.408,8.414,8.365,8.378,31571538,264748393.82
2026-06-01 15:00:00,8.378,8.389,8.354,8.369,78891829,660377203.28
2026-06-02 10:00:00,8.368,8.4,8.25,8.262,170223970,1413539846.88
2026-06-02 10:30:00,8.262,8.361,8.238,8.361,69227160,575969971.2
2026-06-02 11:00:00,8.362,8.399,8.341,8.389,33974699,284583403.72
2026-06-02 11:30:00,8.392,8.404,8.342,8.375,19108806,160010771.84
2026-06-02 13:30:00,8.375,8.457,8.375,8.454,48304118,407139309.25
2026-06-02 14:00:00,8.454,8.48,8.424,8.44,48852455,412705539.84
2026-06-02 14:30:00,8.441,8.453,8.392,8.424,16176361,136253488.7
2026-06-02 15:00:00,8.424,8.425,8.403,8.405,52941855,445293942.41
2026-06-03 10:00:00,8.4,8.528,8.38,8.512,67577434,572606124.09
2026-06-03 10:30:00,8.512,8.513,8.456,8.496,45225787,383891555.32
2026-06-03 11:00:00,8.496,8.531,8.48,8.528,32996315,280897629.59
2026-06-03 11:30:00,8.53,8.565,8.52,8.529,27231291,232500762.56
2026-06-03 13:30:00,8.529,8.545,8.509,8.515,21200395,180690966.59
2026-06-03 14:00:00,8.516,8.529,8.494,8.505,15661388,133267970.95
2026-06-03 14:30:00,8.505,8.525,8.435,8.442,34377966,291089697.44
2026-06-03 15:00:00,8.442,8.459,8.387,8.456,82467078,695527335.85
2026-06-04 10:00:00,8.371,8.483,8.371,8.481,109851295,927694186.28
2026-06-04 10:30:00,8.482,8.485,8.423,8.457,25401630,214770781.65
2026-06-04 11:00:00,8.457,8.468,8.433,8.467,12004942,101513789.55
2026-06-04 11:30:00,8.468,8.481,8.436,8.445,10096563,85356343.6
2026-06-04 13:30:00,8.444,8.47,8.432,8.462,17236311,145727264.07
2026-06-04 14:00:00,8.463,8.489,8.447,8.468,22513462,190643996.22
2026-06-04 14:30:00,8.47,8.487,8.402,8.432,46448455,392040443.02
2026-06-04 15:00:00,8.433,8.456,8.422,8.446,52377242,442133758.8
2026-06-05 10:00:00,8.415,8.415,8.32,8.393,152971177,1281286578.55
2026-06-05 10:30:00,8.393,8.454,8.378,8.446,31670274,266853728.72
2026-06-05 11:00:00,8.446,8.5,8.422,8.468,21809020,184577005.93
2026-06-05 11:30:00,8.468,8.493,8.435,8.458,9676894,81885877.03
2026-06-05 13:30:00,8.46,8.484,8.425,8.425,14572388,123058959.2
2026-06-05 14:00:00,8.426,8.456,8.411,8.414,24494882,206418370.61
2026-06-05 14:30:00,8.414,8.414,8.332,8.342,105623039,883290267.48
2026-06-05 15:00:00,8.342,8.353,8.314,8.34,71227981,593732706.96
2026-06-08 10:00:00,8.16,8.227,8.121,8.206,161750862,1323876888.52
2026-06-08 10:30:00,8.206,8.233,8.158,8.204,33999507,278739291.55
2026-06-08 11:00:00,8.205,8.23,8.177,8.182,28527732,233822800.72
2026-06-08 11:30:00,8.182,8.188,8.128,8.128,32131169,261804765.01
2026-06-08 13:30:00,8.129,8.129,8.061,8.063,44727899,361595244.82
2026-06-08 14:00:00,8.063,8.064,7.983,8.039,57101831,458451567.16
2026-06-08 14:30:00,8.038,8.108,8.02,8.101,39374570,318002152.18
2026-06-08 15:00:00,8.101,8.105,8.04,8.073,71174799,574570427.39
2026-06-09 10:00:00,8.12,8.144,8.058,8.105,91771804,743565746.61
2026-06-09 10:30:00,8.107,8.126,8.076,8.106,52179771,422795291.16
2026-06-09 11:00:00,8.107,8.117,8.086,8.104,26475119,214510239.18
2026-06-09 11:30:00,8.104,8.15,8.098,8.147,44279573,360066727.78
2026-06-09 13:30:00,8.144,8.208,8.143,8.189,39476209,322915389.62
2026-06-09 14:00:00,8.189,8.222,8.187,8.203,21903648,179697528.19
2026-06-09 14:30:00,8.204,8.27,8.203,8.265,31797246,262200090.52
2026-06-09 15:00:00,8.267,8.285,8.261,8.267,54391304,449870475.38
2026-06-10 10:00:00,8.184,8.24,8.182,8.217,64890319,532944189.95
2026-06-10 10:30:00,8.217,8.221,8.13,8.13,59516355,485673295.58
2026-06-10 11:00:00,8.131,8.15,8.105,8.126,32018157,260211561.94
2026-06-10 11:30:00,8.126,8.154,8.114,8.144,12707275,103403332.43
2026-06-10 13:30:00,8.145,8.146,8.092,8.124,26943484,218799052.4
2026-06-10 14:00:00,8.124,8.142,8.078,8.141,23982708,194747583.2
2026-06-10 14:30:00,8.141,8.182,8.121,8.154,19811136,161506984.38
2026-06-10 15:00:00,8.154,8.179,8.141,8.171,39414688,321768374.6
2026-06-11 10:00:00,8.133,8.192,8.096,8.143,50689563,412798904.55
2026-06-11 10:30:00,8.143,8.143,8.084,8.092,21996177,178308342.82
2026-06-11 11:00:00,8.093,8.115,8.068,8.113,17920084,145128786.95
2026-06-11 11:30:00,8.114,8.114,8.069,8.076,11182705,90427080.2
2026-06-11 13:30:00,8.076,8.153,8.076,8.122,22760259,184745022.3
2026-06-11 14:00:00,8.121,8.153,8.108,8.133,15615373,126973802.99
2026-06-11 14:30:00,8.133,8.134,8.078,8.088,15865483,128510412.3
2026-06-11 15:00:00,8.088,8.139,8.088,8.135,25528405,207307667.54
2026-06-12 10:00:00,8.297,8.297,8.224,8.286,79071915,653845665.14
2026-06-12 10:30:00,8.287,8.317,8.27,8.278,36986868,306559490.94
2026-06-12 11:00:00,8.278,8.352,8.272,8.346,39390514,327860378.19
2026-06-12 11:30:00,8.346,8.37,8.328,8.332,31507811,262880169.78
2026-06-12 13:30:00,8.333,8.336,8.285,8.296,22148607,183958946.87
2026-06-12 14:00:00,8.295,8.299,8.25,8.259,16630273,137521270.86
2026-06-12 14:30:00,8.259,8.275,8.25,8.255,14225585,117503332.1
2026-06-12 15:00:00,8.255,8.259,8.211,8.245,73396187,604662253.9
2026-06-15 10:00:00,8.322,8.455,8.312,8.44,347355114,2918593452.87
2026-06-15 10:30:00,8.441,8.476,8.435,8.465,123055573,1040886073.48
2026-06-15 11:00:00,8.465,8.476,8.428,8.447,73647600,622346769.2
2026-06-15 11:30:00,8.446,8.454,8.429,8.438,39976479,337414808.25
2026-06-15 13:30:00,8.439,8.466,8.432,8.466,49964806,422435779.79
2026-06-15 14:00:00,8.466,8.498,8.464,8.49,44888013,380829902.29
2026-06-15 14:30:00,8.49,8.503,8.479,8.495,30482027,258863533.96
2026-06-15 15:00:00,8.495,8.55,8.488,8.546,67406190,574839988.32
2026-06-16 10:00:00,8.55,8.594,8.525,8.575,82598615,707429604.6
2026-06-16 10:30:00,8.575,8.602,8.554,8.598,41678201,357793462.85
2026-06-16 11:00:00,8.597,8.645,8.592,8.616,32258406,277992190.11
2026-06-16 11:30:00,8.619,8.641,8.614,8.639,23403105,202000000.29
2026-06-16 13:30:00,8.639,8.668,8.608,8.617,33614091,290123219.42
2026-06-16 14:00:00,8.617,8.625,8.58,8.615,29607676,254823398.11
2026-06-16 14:30:00,8.616,8.657,8.603,8.639,32722882,282496640.31
2026-06-16 15:00:00,8.639,8.643,8.62,8.634,43651987,376818502.45
2026-06-17 10:00:00,8.602,8.664,8.58,8.653,46138692,398284568.91
2026-06-17 10:30:00,8.652,8.717,8.651,8.7,23538041,204529884.26
2026-06-17 11:00:00,8.7,8.708,8.674,8.689,11362676,98745442.0
2026-06-17 11:30:00,8.69,8.705,8.655,8.662,17214358,149317341.29
2026-06-17 13:30:00,8.662,8.704,8.645,8.702,22595195,196209141.65
2026-06-17 14:00:00,8.701,8.728,8.697,8.715,17361759,151278793.42
2026-06-17 14:30:00,8.716,8.721,8.695,8.71,15567592,135572969.53
2026-06-17 15:00:00,8.711,8.766,8.708,8.764,44864090,392381331.14
2026-06-18 10:00:00,8.726,8.82,8.722,8.811,57362974,503895484.61
2026-06-18 10:30:00,8.811,8.837,8.795,8.834,28735246,253502340.21
2026-06-18 11:00:00,8.834,8.834,8.786,8.797,25726060,226535109.01
2026-06-18 11:30:00,8.797,8.806,8.759,8.788,26554371,233262446.32
2026-06-18 13:30:00,8.786,8.85,8.777,8.842,38385992,338679607.42
2026-06-18 14:00:00,8.841,8.85,8.8,8.83,19723054,174088823.31
2026-06-18 14:30:00,8.833,8.851,8.811,8.842,14014356,123812163.81
2026-06-18 15:00:00,8.842,8.863,8.804,8.827,42458869,374968425.1
2026-06-22 10:00:00,8.84,8.9,8.807,8.854,79337209,702425202.75
2026-06-22 10:30:00,8.855,8.861,8.771,8.781,49734610,437880084.64
2026-06-22 11:00:00,8.777,8.823,8.748,8.77,40639153,356825309.72
2026-06-22 11:30:00,8.77,8.824,8.751,8.822,50738801,446450710.0
2026-06-22 13:30:00,8.822,8.877,8.811,8.841,42108474,372365235.58
2026-06-22 14:00:00,8.841,8.92,8.826,8.912,31141637,276724586.38
2026-06-22 14:30:00,8.916,8.969,8.912,8.966,27284977,244173259.17
2026-06-22 15:00:00,8.966,9.01,8.963,9.008,49123879,441803793.1
2026-06-23 10:00:00,8.98,9.005,8.872,8.92,114359023,1021492913.11
2026-06-23 10:30:00,8.92,9.017,8.916,9.008,68586559,615930162.01
2026-06-23 11:00:00,9.008,9.028,8.972,8.979,21016778,189003884.55
2026-06-23 11:30:00,8.98,8.988,8.905,8.935,19544216,174777408.95
2026-06-23 13:30:00,8.935,8.935,8.876,8.878,23143489,205892192.64
2026-06-23 14:00:00,8.88,8.906,8.838,8.838,27460586,243319099.02
2026-06-23 14:30:00,8.838,8.851,8.758,8.759,36734712,322873628.67
2026-06-23 15:00:00,8.759,8.825,8.758,8.812,112500784,989819397.89
2026-06-24 10:00:00,8.776,8.888,8.756,8.879,93246255,824390140.46
2026-06-24 10:30:00,8.879,8.902,8.84,8.897,52223886,463730699.72
2026-06-24 11:00:00,8.897,8.901,8.808,8.826,31864208,281838919.76
2026-06-24 11:30:00,8.827,8.891,8.81,8.888,13537406,119982029.38
2026-06-24 13:30:00,8.888,8.994,8.888,8.987,34541804,309367910.56
2026-06-24 14:00:00,8.988,8.995,8.946,8.965,20422660,183164029.99
2026-06-24 14:30:00,8.966,8.989,8.953,8.979,15263118,136966133.23
2026-06-24 15:00:00,8.979,8.988,8.966,8.986,21609097,194049691.06
2026-06-25 10:00:00,8.983,9.068,8.94,9.012,57151500,514744510.0
2026-06-25 10:30:00,9.011,9.047,8.958,9.002,36103912,325019450.46
2026-06-25 11:00:00,9.002,9.006,8.959,8.997,21479221,193040918.87
2026-06-25 11:30:00,8.998,9.06,8.989,9.045,22683080,204858456.51
2026-06-25 13:30:00,9.043,9.06,9.028,9.058,13701776,123982803.77
2026-06-25 14:00:00,9.059,9.084,9.019,9.031,12224073,110562665.59
2026-06-25 14:30:00,9.032,9.08,9.031,9.079,14065256,127478103.55
2026-06-25 15:00:00,9.079,9.087,9.051,9.087,21254860,192887854.5
2026-06-26 10:00:00,9.006,9.066,8.948,8.987,66763650,600895104.55
2026-06-26 10:30:00,8.989,9.009,8.929,8.936,41961580,375891833.64
2026-06-26 11:00:00,8.936,8.94,8.795,8.834,51805079,458803047.98
2026-06-26 11:30:00,8.834,8.878,8.818,8.871,36115176,319823960.26
2026-06-26 13:30:00,8.871,8.931,8.841,8.89,33319349,296120161.01
2026-06-26 14:00:00,8.89,8.965,8.884,8.938,27373219,244415472.45
2026-06-26 14:30:00,8.938,8.938,8.858,8.878,31225290,277634461.82
2026-06-26 15:00:00,8.876,8.911,8.839,8.857,46439445,411871437.7
2026-06-29 10:00:00,8.84,8.979,8.839,8.894,67270533,598976825.83
2026-06-29 10:30:00,8.894,8.922,8.769,8.845,50738655,448800316.36
2026-06-29 11:00:00,8.844,8.846,8.734,8.83,18370873,161724918.64
2026-06-29 11:30:00,8.831,8.857,8.793,8.807,12809587,112967747.75
2026-06-29 13:30:00,8.812,8.853,8.756,8.85,8302325,73223739.06
2026-06-29 14:00:00,8.851,8.95,8.838,8.94,35486820,316163908.32
2026-06-29 14:30:00,8.941,8.972,8.894,8.903,65826970,587374053.31
2026-06-29 15:00:00,8.922,8.977,8.91,8.974,25701775,230125126.09
2026-06-30 10:00:00,8.944,9.007,8.909,9.005,44285863,397406572.61
2026-06-30 10:30:00,9.005,9.05,8.993,9.04,23061823,208194450.77
2026-06-30 11:00:00,9.043,9.096,9.029,9.07,27213333,246688863.64
2026-06-30 11:30:00,9.07,9.15,9.065,9.148,18539936,169102756.26
2026-06-30 13:30:00,9.148,9.159,9.104,9.127,18330160,167354360.8
2026-06-30 14:00:00,9.127,9.15,9.11,9.146,9590997,87616954.59
2026-06-30 14:30:00,9.146,9.165,9.136,9.154,21536914,197098657.96
2026-06-30 15:00:00,9.154,9.203,9.15,9.197,40254068,369666524.47
2026-07-01 10:00:00,9.201,9.258,9.17,9.225,61300291,565045649.01
2026-07-01 10:30:00,9.228,9.286,9.219,9.258,44123023,408329162.52
2026-07-01 11:00:00,9.259,9.302,9.204,9.288,26266463,243350024.21
2026-07-01 11:30:00,9.289,9.305,9.238,9.285,19300565,179032040.94
2026-07-01 13:30:00,9.285,9.29,9.2,9.223,23663745,218597788.4
2026-07-01 14:00:00,9.223,9.243,9.125,9.166,26357165,241906060.37
2026-07-01 14:30:00,9.167,9.199,9.135,9.147,20981259,192195326.19
2026-07-01 15:00:00,9.147,9.184,9.1,9.183,30077034,275375297.63
2026-07-02 10:00:00,9.091,9.091,8.9,9.004,109102890,981744171.85
2026-07-02 10:30:00,9.007,9.047,8.999,9.018,17936235,161808754.68
2026-07-02 11:00:00,9.018,9.082,9.01,9.034,17016417,153862442.51
2026-07-02 11:30:00,9.034,9.082,9.008,9.025,10474838,94675077.46
2026-07-02 13:30:00,9.025,9.039,8.956,8.961,26307537,236381989.12
2026-07-02 14:00:00,8.961,8.966,8.91,8.928,72663329,649222623.51
2026-07-02 14:30:00,8.928,8.959,8.891,8.898,38639132,344506500.91
2026-07-02 15:00:00,8.898,8.918,8.813,8.849,122151316,1082260659.76
2026-07-03 10:00:00,8.798,8.894,8.79,8.849,89430081,790949446.39
2026-07-03 10:30:00,8.849,8.89,8.813,8.857,24482878,216755079.89
2026-07-03 11:00:00,8.857,8.952,8.851,8.938,36437034,324787575.4
2026-07-03 11:30:00,8.94,8.959,8.914,8.936,38730148,346105512.58
2026-07-03 13:30:00,8.937,9.014,8.918,8.931,35441305,317353258.74
2026-07-03 14:00:00,8.929,8.978,8.925,8.974,10109697,90572775.42
2026-07-03 14:30:00,8.974,8.991,8.916,8.921,13886948,124186346.98
2026-07-03 15:00:00,8.921,8.932,8.895,8.901,31617125,281687505.67
2026-07-06 10:00:00,8.93,8.966,8.857,8.918,87634555,781145211.75
2026-07-06 10:30:00,8.919,8.919,8.799,8.8,50856815,449540340.06
2026-07-06 11:00:00,8.8,8.81,8.727,8.763,88654185,777201688.5
2026-07-06 11:30:00,8.762,8.865,8.754,8.864,28555744,252080589.45
2026-07-06 13:30:00,8.864,8.889,8.816,8.84,12480987,110435933.3
2026-07-06 14:00:00,8.836,8.883,8.812,8.868,9094936,80529594.99
2026-07-06 14:30:00,8.868,8.868,8.798,8.814,18465340,162987401.07
2026-07-06 15:00:00,8.814,8.834,8.8,8.81,64220547,566082714.96
2026-07-07 10:00:00,8.76,8.817,8.735,8.78,48594454,426529720.91
2026-07-07 10:30:00,8.78,8.801,8.717,8.728,21390480,187138179.36
2026-07-07 11:00:00,8.728,8.773,8.713,8.716,24558950,214497869.3
2026-07-07 11:30:00,8.716,8.738,8.675,8.701,42404346,369115697.15
2026-07-07 13:30:00,8.702,8.702,8.613,8.659,71595715,619875700.47
2026-07-07 14:00:00,8.66,8.711,8.655,8.683,17932633,155709052.34
2026-07-07 14:30:00,8.683,8.69,8.626,8.647,25640044,221897487.46
2026-07-07 15:00:00,8.649,8.683,8.638,8.657,25179232,218035362.97
2026-07-08 10:00:00,8.661,8.709,8.531,8.544,116060287,997499480.0
2026-07-08 10:30:00,8.545,8.596,8.502,8.596,84750036,725855808.33
2026-07-08 11:00:00,8.597,8.625,8.583,8.592,48263844,415069058.4
2026-07-08 11:30:00,8.592,8.713,8.59,8.686,73726639,638693873.66
2026-07-08 13:30:00,8.686,8.69,8.598,8.606,36697274,316746404.32
2026-07-08 14:00:00,8.609,8.641,8.566,8.627,19965753,171931754.33
2026-07-08 14:30:00,8.627,8.632,8.586,8.595,31802633,273640455.21
2026-07-08 15:00:00,8.595,8.599,8.544,8.551,136052884,1165247600.5
2026-07-09 10:00:00,8.562,8.657,8.546,8.547,120071067,1030609991.75
2026-07-09 10:30:00,8.547,8.59,8.53,8.563,45893690,392895880.09
2026-07-09 11:00:00,8.563,8.569,8.479,8.484,56461903,480528435.8
2026-07-09 11:30:00,8.486,8.512,8.444,8.502,62283930,528541429.98
2026-07-09 13:30:00,8.502,8.6,8.502,8.586,36238872,310301381.31
2026-07-09 14:00:00,8.587,8.709,8.556,8.709,95101712,823390622.5
2026-07-09 14:30:00,8.71,8.77,8.695,8.758,103216042,902211423.12
2026-07-09 15:00:00,8.76,8.815,8.745,8.804,74984957,658967802.12
2026-07-10 10:00:00,8.806,8.933,8.806,8.894,108448324,962768071.03
2026-07-10 10:30:00,8.894,8.903,8.842,8.891,54290496,482027217.15
2026-07-10 11:00:00,8.891,8.901,8.853,8.893,42571510,378134342.32
2026-07-10 11:30:00,8.895,8.895,8.851,8.874,42949811,381107989.61
2026-07-10 13:30:00,8.876,8.914,8.864,8.905,51383946,457025943.71
2026-07-10 14:00:00,8.905,8.916,8.806,8.807,38846819,343522420.42
2026-07-10 14:30:00,8.807,8.813,8.765,8.768,46007946,404041781.77
2026-07-10 15:00:00,8.768,8.778,8.661,8.698,50707377,441779570.88
2026-07-13 10:00:00,8.61,8.636,8.477,8.481,139490261,1190037913.34
2026-07-13 10:30:00,8.481,8.52,8.457,8.517,69620272,591633071.46
2026-07-13 11:00:00,8.517,8.517,8.423,8.428,45503040,384773706.24
2026-07-13 11:30:00,8.428,8.434,8.373,8.398,116416238,978090426.26
2026-07-13 13:30:00,8.398,8.399,8.294,8.315,197021115,1642368014.64
2026-07-13 14:00:00,8.316,8.41,8.315,8.354,44584942,372715253.47
2026-07-13 14:30:00,8.353,8.354,8.288,8.304,124371993,1034194579.13
2026-07-13 15:00:00,8.304,8.339,8.266,8.292,158866168,1318430328.23
2026-07-14 10:00:00,8.293,8.338,8.212,8.278,270200750,2236181407.0
2026-07-14 10:30:00,8.279,8.329,8.24,8.265,43939291,363729450.9
2026-07-14 11:00:00,8.269,8.288,8.191,8.2,62281063,512344784.59
2026-07-14 11:30:00,8.202,8.218,8.116,8.182,127130322,1038908991.38
2026-07-14 13:30:00,8.183,8.396,8.181,8.385,89988870,748767390.98
2026-07-14 14:00:00,8.386,8.419,8.303,8.323,56288876,469918299.81
2026-07-14 14:30:00,8.323,8.37,8.321,8.351,70072620,584919516.68
2026-07-14 15:00:00,8.352,8.418,8.348,8.413,135600467,1138094719.53
2026-07-15 10:00:00,8.269,8.322,8.187,8.257,104138536,859698327.53
2026-07-15 10:30:00,8.26,8.291,8.211,8.274,56483217,466476061.46
2026-07-15 11:00:00,8.274,8.286,8.193,8.193,30534562,251116237.89
2026-07-15 11:30:00,8.193,8.214,8.151,8.19,30150500,246781842.5
2026-07-15 13:30:00,8.19,8.211,8.115,8.199,29431393,240601637.77
2026-07-15 14:00:00,8.201,8.215,8.153,8.161,21629717,176851776.1
2026-07-15 14:30:00,8.161,8.161,8.116,8.143,27190421,221330026.94
2026-07-15 15:00:00,8.143,8.178,8.113,8.151,44817621,365144097.49
2026-07-16 10:00:00,8.061,8.136,7.952,8.115,154542652,1246798602.12
2026-07-16 10:30:00,8.115,8.158,8.09,8.116,33871001,275077689.45
2026-07-16 11:00:00,8.115,8.155,8.075,8.123,38214661,310213879.78
2026-07-16 11:30:00,8.124,8.134,8.041,8.078,28134800,227451101.47
2026-07-16 13:30:00,8.089,8.104,8.038,8.044,41490403,334495628.99
2026-07-16 14:00:00,8.045,8.045,7.99,8.003,73938001,592440556.01
2026-07-16 14:30:00,8.003,8.024,7.955,7.965,64506625,514848876.33
2026-07-16 15:00:00,7.965,7.97,7.911,7.956,140074225,1112983100.44
2026-07-17 10:00:00,7.915,7.928,7.759,7.828,188121284,1474557331.09
2026-07-17 10:30:00,7.83,7.843,7.748,7.75,45859814,356804639.52
2026-07-17 11:00:00,7.75,7.753,7.668,7.715,61221222,472138064.06
2026-07-17 11:30:00,7.715,7.781,7.681,7.701,46740226,360881284.95
2026-07-17 13:30:00,7.701,7.714,7.563,7.594,99627939,759530197.62
2026-07-17 14:00:00,7.599,7.614,7.485,7.567,115681163,874009746.85
2026-07-17 14:30:00,7.566,7.697,7.565,7.609,94043863,716959063.56
2026-07-17 15:00:00,7.611,7.621,7.489,7.505,98507418,742581752.69
2026-07-20 10:00:00,7.614,7.64,7.5,7.58,271046708,2052727068.59
2026-07-20 10:30:00,7.581,7.62,7.439,7.453,102271669,767446604.18
2026-07-20 11:00:00,7.453,7.57,7.418,7.57,210565213,1583310024.95
2026-07-20 11:30:00,7.569,7.603,7.475,7.496,97824856,736099433.11
2026-07-20 13:30:00,7.497,7.511,7.387,7.389,98821179,734142538.79
2026-07-20 14:00:00,7.389,7.406,7.239,7.279,217630948,1590446967.98
2026-07-20 14:30:00,7.279,7.394,7.244,7.278,79225123,578765931.89
2026-07-20 15:00:00,7.277,7.428,7.226,7.426,93402578,687442974.08
2026-07-21 10:00:00,7.423,7.5,7.338,7.37,167300952,1238473180.67
2026-07-21 10:30:00,7.371,7.459,7.277,7.451,248763190,1839769632.18
2026-07-21 11:00:00,7.452,7.591,7.445,7.572,182405751,1374609739.54
2026-07-21 11:30:00,7.572,7.683,7.572,7.679,108908122,832566289.98
2026-07-21 13:30:00,7.68,7.72,7.632,7.685,135106424,1037482229.9
2026-07-21 14:00:00,7.683,7.737,7.651,7.702,67434411,519020183.33
2026-07-21 14:30:00,7.702,7.771,7.7,7.751,74725700,578426735.13
2026-07-21 15:00:00,7.753,7.805,7.746,7.792,202134849,1572811260.07
2026-07-22 10:00:00,7.714,7.846,7.713,7.832,247030502,1926096824.09
2026-07-22 10:30:00,7.832,7.883,7.806,7.875,174880432,1373627499.88
2026-07-22 11:00:00,7.876,7.876,7.795,7.827,98630053,772536328.46
2026-07-22 11:30:00,7.826,7.887,7.782,7.881,47936795,376303840.75
2026-07-22 13:30:00,7.882,7.883,7.769,7.776,42634315,332945577.27
2026-07-22 14:00:00,7.776,7.804,7.738,7.749,56387382,437772838.05
2026-07-22 14:30:00,7.746,7.792,7.711,7.753,37982947,294443805.14
2026-07-22 15:00:00,7.754,7.789,7.74,7.74,40641195,315226655.48
2026-07-23 10:00:00,7.741,7.803,7.719,7.751,62699585,486402480.57
2026-07-23 10:30:00,7.754,7.757,7.69,7.702,43745646,337555986.42
2026-07-23 11:00:00,7.702,7.739,7.7,7.708,22170717,171061862.13
2026-07-23 11:30:00,7.709,7.717,7.661,7.691,22202984,170733545.97
2026-07-23 13:30:00,7.689,7.757,7.689,7.745,20713271,160120489.25
2026-07-23 14:00:00,7.747,7.787,7.715,7.718,36479964,282354921.36
2026-07-23 14:30:00,7.718,7.73,7.707,7.722,13341891,102994951.22
2026-07-23 15:00:00,7.722,7.742,7.718,7.737,28793680,222642331.65
2026-07-24 10:00:00,7.651,7.712,7.608,7.68,68816404,527592430.67
2026-07-24 10:30:00,7.683,7.69,7.628,7.651,26687700,204329927.1
2026-07-24 11:00:00,7.651,7.652,7.597,7.602,33942008,258536274.94
2026-07-24 11:30:00,7.602,7.606,7.547,7.594,39295676,297952913.99
2026-07-24 13:30:00,7.596,7.699,7.594,7.654,51085156,390750358.24
2026-07-24 14:00:00,7.654,7.654,7.56,7.565,53483296,406098666.53
2026-07-24 14:30:00,7.565,7.602,7.552,7.592,26370824,199943587.57
2026-07-24 15:00:00,7.593,7.6,7.541,7.545,40974375,309848223.75
2026-07-27 10:00:00,7.544,7.695,7.484,7.674,159076771,1211793815.89
2026-07-27 10:30:00,7.678,7.69,7.65,7.681,76654159,588218464.78
2026-07-27 11:00:00,7.681,7.687,7.6,7.615,27228209,207860147.51
2026-07-27 11:30:00,7.617,7.662,7.61,7.636,29307080,223788862.88
2026-07-27 13:30:00,7.636,7.661,7.568,7.578,41643457,316587441.27
2026-07-27 14:00:00,7.578,7.616,7.543,7.598,19761633,149905160.73
2026-07-27 14:30:00,7.605,7.674,7.597,7.67,47903380,366317146.86
2026-07-27 15:00:00,7.671,7.739,7.67,7.726,189291439,1459752480.42
2026-07-28 10:00:00,7.608,7.647,7.576,7.59,401071165,3049878829.05
2026-07-28 10:30:00,7.59,7.621,7.544,7.553,133942212,1014299724.07
2026-07-28 11:00:00,7.552,7.552,7.487,7.495,85018740,638604095.72
2026-07-28 11:30:00,7.495,7.542,7.475,7.515,33718654,253249570.64
2026-07-28 13:30:00,7.515,7.52,7.474,7.478,25354700,189923606.13
2026-07-28 14:00:00,7.477,7.513,7.457,7.467,20349769,152195922.35
2026-07-28 14:30:00,7.467,7.478,7.435,7.459,16484939,122933685.1
2026-07-28 15:00:00,7.459,7.47,7.429,7.463,83135765,619693992.31
2026-07-29 10:00:00,7.46,7.524,7.364,7.38,205513653,1525459341.67
2026-07-29 10:30:00,7.38,7.507,7.342,7.491,108119571,805130405.38
2026-07-29 11:00:00,7.492,7.507,7.379,7.384,65737032,487987900.88
2026-07-29 11:30:00,7.384,7.447,7.363,7.403,21893717,162108378.57
2026-07-29 13:30:00,7.403,7.553,7.375,7.535,100368043,751522449.97
2026-07-29 14:00:00,7.534,7.593,7.506,7.528,85464406,644601038.19
2026-07-29 14:30:00,7.529,7.551,7.489,7.524,69369749,521753005.48
2026-07-29 15:00:00,7.524,7.552,7.511,7.54,45007150,339098870.48
2026-07-30 10:00:00,7.49,7.557,7.462,7.476,95784424,718223539.29
2026-07-30 10:30:00,7.477,7.485,7.381,7.385,164866652,1222815957.88
2026-07-30 11:00:00,7.385,7.398,7.318,7.33,117097892,860513375.68
2026-07-30 11:30:00,7.33,7.349,7.255,7.263,154956237,1129476011.49
2026-07-30 13:30:00,7.263,7.374,7.22,7.361,121161679,886701554.15
2026-07-30 14:00:00,7.359,7.373,7.273,7.34,63541897,465677382.48
2026-07-30 14:30:00,7.34,7.444,7.329,7.405,59365055,438866063.26
2026-07-30 15:00:00,7.405,7.418,7.327,7.336,124833287,918814603.42
2026-07-31 10:00:00,7.6,7.679,7.555,7.671,533486642,4073170511.67
2026-07-31 10:30:00,7.671,7.677,7.556,7.565,77771877,591014417.28
2026-07-31 11:00:00,7.567,7.598,7.547,7.583,49994386,378757468.34
2026-07-31 11:30:00,7.583,7.586,7.521,7.57,66793876,504894908.68
2026-07-31 13:30:00,7.571,7.636,7.57,7.6,41921230,318685190.46
2026-07-31 14:00:00,7.603,7.603,7.547,7.566,46160637,349528343.36
2026-07-31 14:30:00,7.566,7.582,7.54,7.575,32346770,244724879.56
2026-07-31 15:00:00,7.575,7.575,7.491,7.5,145161336,1091903569.39
2026-08-03 10:00:00,7.461,7.52,7.42,7.463,120429710,899328931.04
2026-08-03 10:30:00,7.465,7.491,7.44,7.442,32096046,239361612.39
2026-08-03 11:00:00,7.441,7.491,7.439,7.47,21873093,163319094.4
2026-08-03 11:30:00,7.47,7.485,7.44,7.456,22628594,168816854.1
2026-08-03 13:30:00,7.464,7.475,7.432,7.44,11432194,85158413.11
2026-08-03 14:00:00,7.44,7.449,7.429,7.433,9747154,72489584.3
2026-08-03 14:30:00,7.433,7.462,7.417,7.442,36708545,273123810.98
2026-08-03 15:00:00,7.442,7.448,7.42,7.42,44599677,331345866.99
2026-08-04 10:00:00,7.47,7.565,7.464,7.528,165438389,1243931246.89
2026-08-04 10:30:00,7.528,7.546,7.511,7.537,62234091,468705684.02
2026-08-04 11:00:00,7.537,7.574,7.53,7.549,64611530,487881663.03
2026-08-04 11:30:00,7.549,7.608,7.532,7.595,32180594,243875268.2
2026-08-04 13:30:00,7.595,7.626,7.589,7.622,33624856,255963612.16
2026-08-04 14:00:00,7.623,7.66,7.623,7.656,43943982,336010334.37
2026-08-04 14:30:00,7.655,7.665,7.614,7.623,35271409,269261936.31
2026-08-04 15:00:00,7.623,7.626,7.594,7.601,227496525,1730566065.68
2026-08-05 10:00:00,7.6,7.73,7.575,7.718,94166787,722667312.37
2026-08-05 10:30:00,7.718,7.722,7.661,7.709,77189355,594152195.22
2026-08-05 11:00:00,7.709,7.756,7.695,7.748,52164200,403385758.6
2026-08-05 11:30:00,7.749,7.817,7.748,7.809,57834222,450605701.68
2026-08-05 13:30:00,7.81,7.85,7.784,7.829,91419809,714994326.19
2026-08-05 14:00:00,7.83,7.854,7.814,7.84,43371194,339856676.18
2026-08-05 14:30:00,7.84,7.841,7.777,7.805,59426719,463984013.05
2026-08-05 15:00:00,7.805,7.816,7.793,7.815,60319309,470973164.67
2026-08-06 10:00:00,7.75,7.824,7.723,7.824,224609253,1749780950.62
2026-08-06 10:30:00,7.824,7.865,7.801,7.859,119450623,936691968.69
2026-08-06 11:00:00,7.86,7.872,7.829,7.851,56824122,446107240.45
2026-08-06 11:30:00,7.85,7.851,7.771,7.799,43207841,337323614.69
2026-08-06 13:30:00,7.798,7.826,7.771,7.773,17905173,139481297.67
2026-08-06 14:00:00,7.773,7.8,7.757,7.799,26377983,205361390.32
2026-08-06 14:30:00,7.799,7.816,7.768,7.816,25136500,196064700.0
2026-08-06 15:00:00,7.815,7.839,7.808,7.832,80442405,629569075.66
2026-08-07 10:00:00,7.82,7.868,7.767,7.846,107993204,845262807.71
2026-08-07 10:30:00,7.847,7.922,7.846,7.904,41518644,327609780.26
2026-08-07 11:00:00,7.905,7.94,7.905,7.906,34691599,274653389.28
2026-08-07 11:30:00,7.906,7.94,7.895,7.929,27138562,214973595.79
2026-08-07 13:30:00,7.929,7.98,7.922,7.98,43418141,345637347.79
2026-08-07 14:00:00,7.98,7.993,7.96,7.963,23216328,185080566.82
2026-08-07 14:30:00,7.963,7.98,7.926,7.948,33252603,264402530.65
2026-08-07 15:00:00,7.949,7.989,7.944,7.987,58839771,469149107.44
2026-08-10 10:00:00,8.002,8.027,7.961,8.008,122694170,981389767.77
2026-08-10 10:30:00,8.008,8.008,7.965,7.988,42673669,340834594.3
2026-08-10 11:00:00,7.988,7.988,7.943,7.958,20768345,165378331.24
2026-08-10 11:30:00,7.958,7.989,7.941,7.944,22930655,182482152.49
2026-08-10 13:30:00,7.943,7.95,7.922,7.925,17176748,136251690.72
2026-08-10 14:00:00,7.927,7.97,7.924,7.951,13362915,106212902.72
2026-08-10 14:30:00,7.951,8.017,7.951,8.015,27800219,222244217.43
2026-08-10 15:00:00,8.015,8.04,7.998,8.037,54820894,439937674.35
2026-08-11 10:00:00,7.993,8.015,7.959,7.995,51234650,409347775.28
2026-08-11 10:30:00,7.995,8.036,7.979,8.031,15444535,123793096.2
2026-08-11 11:00:00,8.032,8.085,8.024,8.084,17190984,138633825.3
2026-08-11 11:30:00,8.083,8.093,8.05,8.07,12450331,100486621.5
2026-08-11 13:30:00,8.068,8.076,8.037,8.038,27205230,219011169.91
2026-08-11 14:00:00,8.039,8.07,8.032,8.04,22422386,180440414.27
2026-08-11 14:30:00,8.04,8.043,7.986,7.992,31949973,255823433.81
2026-08-11 15:00:00,7.992,7.998,7.97,7.989,41128004,328434530.61
2026-08-12 10:00:00,7.982,8.043,7.973,8.022,39584370,317176362.02
2026-08-12 10:30:00,8.026,8.049,8.006,8.034,16908339,135768326.06
2026-08-12 11:00:00,8.034,8.077,8.033,8.054,14208368,114443668.12
2026-08-12 11:30:00,8.054,8.086,8.053,8.073,12214235,98577019.27
2026-08-12 13:30:00,8.073,8.076,8.019,8.021,21996413,176821831.97
2026-08-12 14:00:00,8.021,8.053,8.02,8.042,14867637,119511022.08
2026-08-12 14:30:00,8.042,8.05,8.022,8.046,15107530,121454469.51
2026-08-12 15:00:00,8.047,8.067,8.041,8.053,45985726,370353708.63
2026-08-13 10:00:00,8.085,8.145,8.085,8.128,55335026,449283521.1
2026-08-13 10:30:00,8.126,8.149,8.125,8.128,22114959,179883076.51
2026-08-13 11:00:00,8.128,8.129,8.097,8.112,49584292,402260832.9
2026-08-13 11:30:00,8.112,8.129,8.102,8.12,52701053,427774447.2
2026-08-13 13:30:00,8.12,8.139,8.11,8.126,16272958,132217783.75
2026-08-13 14:00:00,8.125,8.132,8.075,8.076,19835953,160558815.57
2026-08-13 14:30:00,8.076,8.099,8.058,8.064,48423739,390957127.44
2026-08-13 15:00:00,8.064,8.067,7.979,7.98,86619735,693708584.37
2026-08-14 10:00:00,8.0,8.024,7.988,8.002,45892265,367352283.9
2026-08-14 10:30:00,8.002,8.009,7.973,7.981,31550006,252010931.26
2026-08-14 11:00:00,7.98,8.004,7.95,7.956,20827273,165993365.81
2026-08-14 11:30:00,7.955,7.967,7.93,7.965,26667959,212116945.89
2026-08-14 13:30:00,7.965,7.968,7.91,7.941,17873061,141906146.65
2026-08-14 14:00:00,7.941,7.996,7.933,7.996,27821551,221876869.23
2026-08-14 14:30:00,7.996,8.014,7.97,8.01,30037775,240242124.45
2026-08-14 15:00:00,8.01,8.011,7.981,7.998,54008644,431889123.19
2026-08-17 10:00:00,8.005,8.058,7.998,8.036,50941508,409094270.25
2026-08-17 10:30:00,8.036,8.073,8.025,8.056,27725759,223229327.63
2026-08-17 11:00:00,8.057,8.124,8.056,8.123,25785039,208884600.94
2026-08-17 11:30:00,8.124,8.145,8.111,8.141,29757202,241995485.73
2026-08-17 13:30:00,8.14,8.166,8.13,8.135,36459189,296911482.15
2026-08-17 14:00:00,8.135,8.165,8.133,8.163,18841078,153623869.65
2026-08-17 14:30:00,8.163,8.19,8.161,8.178,37995491,310663799.58
2026-08-17 15:00:00,8.179,8.198,8.164,8.197,51632863,422683827.47
2026-08-18 10:00:00,8.194,8.223,8.14,8.153,98024542,801056557.22
2026-08-18 10:30:00,8.153,8.181,8.14,8.142,29745828,242557396.79
2026-08-18 11:00:00,8.144,8.157,8.09,8.096,34708960,281640071.09
2026-08-18 11:30:00,8.097,8.132,8.075,8.123,37028787,300303462.57
2026-08-18 13:30:00,8.123,8.13,8.093,8.108,19818534,160734916.92
2026-08-18 14:00:00,8.11,8.154,8.098,8.135,21784127,177083168.38
2026-08-18 14:30:00,8.135,8.178,8.126,8.177,19149863,156269265.37
2026-08-18 15:00:00,8.177,8.2,8.172,8.185,46995504,384689530.58
2026-08-19 10:00:00,8.085,8.085,8.003,8.006,70982883,570087194.33
2026-08-19 10:30:00,8.006,8.018,7.92,7.926,52100761,414444186.83
2026-08-19 11:00:00,7.926,7.956,7.897,7.93,52429177,415641038.86
2026-08-19 11:30:00,7.931,7.936,7.88,7.88,19094634,150822149.09
2026-08-19 13:30:00,7.88,7.884,7.819,7.86,60088673,471956467.3
2026-08-19 14:00:00,7.86,7.888,7.836,7.837,22781100,178915165.7
2026-08-19 14:30:00,7.837,7.846,7.817,7.82,37217346,291324978.71
2026-08-19 15:00:00,7.82,7.832,7.781,7.804,166996798,1303521339.59
2026-08-20 10:00:00,7.855,7.926,7.836,7.925,96789979,764221410.86
2026-08-20 10:30:00,7.925,7.931,7.87,7.886,48389603,382068175.42
2026-08-20 11:00:00,7.886,7.908,7.86,7.892,17710130,139673891.93
2026-08-20 11:30:00,7.895,7.898,7.857,7.89,12550515,98918975.72
2026-08-20 13:30:00,7.886,7.904,7.854,7.86,12182100,95905612.6
2026-08-20 14:00:00,7.86,7.867,7.825,7.83,15171500,118954674.33
2026-08-20 14:30:00,7.83,7.856,7.818,7.84,24492919,191975499.12
2026-08-20 15:00:00,7.84,7.868,7.838,7.863,62919025,494312833.41
2026-08-21 10:00:00,7.838,7.885,7.768,7.885,112276498,880921403.31
2026-08-21 10:30:00,7.885,7.895,7.855,7.867,27099303,213334746.32
2026-08-21 11:00:00,7.87,7.89,7.846,7.876,28515349,224434806.86
2026-08-21 11:30:00,7.875,7.88,7.832,7.846,46309011,363649227.05
2026-08-21 13:30:00,7.851,7.853,7.813,7.843,22279988,174593412.63
2026-08-21 14:00:00,7.844,7.85,7.823,7.831,7414600,58090919.47
2026-08-21 14:30:00,7.832,7.888,7.821,7.885,22666120,178261478.43
2026-08-21 15:00:00,7.886,7.898,7.86,7.866,19428110,152989890.21
2026-08-24 10:00:00,7.859,7.875,7.743,7.748,160748400,1252015704.8
2026-08-24 10:30:00,7.75,7.791,7.735,7.76,40605123,315176964.73
2026-08-24 11:00:00,7.763,7.77,7.705,7.709,18278430,141255707.04
2026-08-24 11:30:00,7.709,7.727,7.686,7.707,25660597,197757667.55
2026-08-24 13:30:00,7.706,7.711,7.677,7.679,14483615,111364515.74
2026-08-24 14:00:00,7.679,7.685,7.63,7.646,31277941,239390934.43
2026-08-24 14:30:00,7.646,7.708,7.64,7.689,24333141,186854189.74
2026-08-24 15:00:00,7.689,7.74,7.675,7.74,37041618,285899554.93
2026-08-25 10:00:00,7.663,7.701,7.594,7.661,141415757,1082113372.56
2026-08-25 10:30:00,7.661,7.729,7.653,7.675,34271161,263396719.73
2026-08-25 11:00:00,7.676,7.682,7.631,7.633,12872901,98460528.78
2026-08-25 11:30:00,7.633,7.683,7.63,7.68,9441100,72359737.43
2026-08-25 13:30:00,7.68,7.777,7.672,7.749,100956300,780661415.8
2026-08-25 14:00:00,7.747,7.75,7.702,7.709,22096609,170593187.02
2026-08-25 14:30:00,7.709,7.739,7.708,7.731,15777799,121899275.07
2026-08-25 15:00:00,7.73,7.749,7.725,7.726,41442831,320491226.4
2026-08-26 10:00:00,7.732,7.78,7.722,7.726,137467474,1064364828.69
2026-08-26 10:30:00,7.726,7.781,7.708,7.774,58075091,450333613.98
2026-08-26 11:00:00,7.775,7.863,7.77,7.83,122065117,954671280.06
2026-08-26 11:30:00,7.83,7.842,7.815,7.825,16807900,131561035.93
2026-08-26 13:30:00,7.824,7.825,7.778,7.8,39014918,304355375.32
2026-08-26 14:00:00,7.8,7.813,7.781,7.79,34128023,266016563.28
2026-08-26 14:30:00,7.79,7.802,7.772,7.801,8752954,68200099.92
2026-08-26 15:00:00,7.801,7.811,7.784,7.789,19724359,153744803.62
2026-08-27 10:00:00,7.799,7.85,7.782,7.821,43387337,339187738.22
2026-08-27 10:30:00,7.82,7.864,7.818,7.844,24330849,190802517.86
2026-08-27 11:00:00,7.844,7.92,7.835,7.901,51018076,402294535.29
2026-08-27 11:30:00,7.901,7.94,7.892,7.93,64272553,509081468.13
2026-08-27 13:30:00,7.93,7.931,7.904,7.912,35269209,279179302.04
2026-08-27 14:00:00,7.909,7.93,7.895,7.922,13000035,102903943.72
2026-08-27 14:30:00,7.922,7.955,7.917,7.955,24993635,198507780.38
2026-08-27 15:00:00,7.955,7.979,7.954,7.973,160644858,1280125325.12
2026-08-28 10:00:00,7.96,8.004,7.952,7.99,53062636,423545960.55
2026-08-28 10:30:00,7.991,7.996,7.96,7.971,56816989,453153365.27
2026-08-28 11:00:00,7.97,7.973,7.925,7.934,38008590,301940238.96
2026-08-28 11:30:00,7.934,7.949,7.927,7.942,15074681,119682917.35
2026-08-28 13:30:00,7.94,7.952,7.919,7.94,16273225,129160586.83
2026-08-28 14:00:00,7.939,7.947,7.917,7.932,12032000,95437824
2026-08-28 14:30:00,7.928,7.943,7.926,7.937,22951468,182127549.07
2026-08-28 15:00:00,7.935,7.941,7.914,7.923,52929531,419519462.71
2026-08-31 10:00:00,7.85,7.879,7.797,7.824,83980618,657848174.33
2026-08-31 10:30:00,7.823,7.854,7.809,7.831,73127002,572681928.33
2026-08-31 11:00:00,7.832,7.833,7.777,7.796,73717622,575144886.84
2026-08-31 11:30:00,7.796,7.84,7.785,7.828,20064782,156859777.42
2026-08-31 13:30:00,7.833,7.915,7.831,7.914,40186000,316933586.67
2026-08-31 14:00:00,7.914,7.926,7.889,7.915,22593564,178715091.24
2026-08-31 14:30:00,7.915,7.97,7.903,7.96,73869046,586840324.44
2026-08-31 15:00:00,7.961,7.978,7.957,7.967,90211273,718743282.42
